Startpoint: b1[0]_AND2_X1_A2_ZN_DFF_X1_D
            (rising edge-triggered flip-flop clocked by clk)
Endpoint: acc_out[33]_DFF_X1_Q (rising edge-triggered flip-flop clocked by clk)
Path Group: clk
Path Type: max

Fanout       Cap      Slew     Delay      Time   Description
-------------------------------------------------------------------------------------
                    0.0500    0.0000    0.0000   clock clk (rise edge)
                              0.0000    0.0000   clock network delay (ideal)
                    0.0500    0.0000    0.0000 ^ b1[0]_AND2_X1_A2_ZN_DFF_X1_D/CK (DFF_X1)
    42   57.0488    0.1329    0.2293    0.2293 ^ b1[0]_AND2_X1_A2_ZN_DFF_X1_D/Q (DFF_X1)
                    0.1329    0.0000    0.2293 ^ acc_out[8]_DFF_X1_Q_D_AND3_X1_ZN_A2_OR3_X1_ZN_A1_AND3_X1_ZN_A1_OR3_X1_ZN_A1_AND3_X1_ZN_A1_OR3_X1_ZN_A1_AND4_X1_ZN_A1_OR3_X1_ZN_A1_AND4_X1_ZN_A4_OAI21_X1_ZN_B1_AOI21_X1_ZN_B2_OR3_X1_ZN_A2_AND3_X1_ZN_A1_OR3_X1_ZN_A1_AND3_X1_ZN_A1_OR3_X1_ZN_A1_AND3_X1_ZN_A1_OR3_X1_ZN_A3_AOI22_X1_ZN/B1 (AOI22_X1)
     3    3.9140    0.0405    0.0468    0.2761 v acc_out[8]_DFF_X1_Q_D_AND3_X1_ZN_A2_OR3_X1_ZN_A1_AND3_X1_ZN_A1_OR3_X1_ZN_A1_AND3_X1_ZN_A1_OR3_X1_ZN_A1_AND4_X1_ZN_A1_OR3_X1_ZN_A1_AND4_X1_ZN_A4_OAI21_X1_ZN_B1_AOI21_X1_ZN_B2_OR3_X1_ZN_A2_AND3_X1_ZN_A1_OR3_X1_ZN_A1_AND3_X1_ZN_A1_OR3_X1_ZN_A1_AND3_X1_ZN_A1_OR3_X1_ZN_A3_AOI22_X1_ZN/ZN (AOI22_X1)
                    0.0405    0.0000    0.2761 v acc_out[8]_DFF_X1_Q_D_AND3_X1_ZN_A2_OR3_X1_ZN_A1_AND3_X1_ZN_A1_OR3_X1_ZN_A1_AND3_X1_ZN_A1_OR3_X1_ZN_A1_AND4_X1_ZN_A1_OR3_X1_ZN_A1_AND4_X1_ZN_A4_OAI21_X1_ZN_B1_AOI21_X1_ZN_B2_OR3_X1_ZN_A2_AND3_X1_ZN_A1_OR3_X1_ZN_A1_AND3_X1_ZN_A1_OR3_X1_ZN_A1_AND3_X1_ZN_A1_OR3_X1_ZN/A3 (OR3_X1)
     3    3.8381    0.0158    0.0971    0.3732 v acc_out[8]_DFF_X1_Q_D_AND3_X1_ZN_A2_OR3_X1_ZN_A1_AND3_X1_ZN_A1_OR3_X1_ZN_A1_AND3_X1_ZN_A1_OR3_X1_ZN_A1_AND4_X1_ZN_A1_OR3_X1_ZN_A1_AND4_X1_ZN_A4_OAI21_X1_ZN_B1_AOI21_X1_ZN_B2_OR3_X1_ZN_A2_AND3_X1_ZN_A1_OR3_X1_ZN_A1_AND3_X1_ZN_A1_OR3_X1_ZN_A1_AND3_X1_ZN_A1_OR3_X1_ZN/ZN (OR3_X1)
                    0.0158    0.0000    0.3732 v acc_out[8]_DFF_X1_Q_D_AND3_X1_ZN_A2_OR3_X1_ZN_A1_AND3_X1_ZN_A1_OR3_X1_ZN_A1_AND3_X1_ZN_A1_OR3_X1_ZN_A1_AND4_X1_ZN_A1_OR3_X1_ZN_A1_AND4_X1_ZN_A4_OAI21_X1_ZN_B1_AOI21_X1_ZN_B2_OR3_X1_ZN_A2_AND3_X1_ZN_A1_OR3_X1_ZN_A1_AND3_X1_ZN_A1_OR3_X1_ZN_A1_AND3_X1_ZN/A1 (AND3_X1)
     2    2.3339    0.0074    0.0355    0.4087 v acc_out[8]_DFF_X1_Q_D_AND3_X1_ZN_A2_OR3_X1_ZN_A1_AND3_X1_ZN_A1_OR3_X1_ZN_A1_AND3_X1_ZN_A1_OR3_X1_ZN_A1_AND4_X1_ZN_A1_OR3_X1_ZN_A1_AND4_X1_ZN_A4_OAI21_X1_ZN_B1_AOI21_X1_ZN_B2_OR3_X1_ZN_A2_AND3_X1_ZN_A1_OR3_X1_ZN_A1_AND3_X1_ZN_A1_OR3_X1_ZN_A1_AND3_X1_ZN/ZN (AND3_X1)
                    0.0074    0.0000    0.4087 v acc_out[8]_DFF_X1_Q_D_AND3_X1_ZN_A2_OR3_X1_ZN_A1_AND3_X1_ZN_A1_OR3_X1_ZN_A1_AND3_X1_ZN_A1_OR3_X1_ZN_A1_AND4_X1_ZN_A1_OR3_X1_ZN_A1_AND4_X1_ZN_A4_OAI21_X1_ZN_B1_AOI21_X1_ZN_B2_OR3_X1_ZN_A2_AND3_X1_ZN_A1_OR3_X1_ZN_A1_AND3_X1_ZN_A1_OR3_X1_ZN/A1 (OR3_X1)
     3    3.8381    0.0158    0.0706    0.4793 v acc_out[8]_DFF_X1_Q_D_AND3_X1_ZN_A2_OR3_X1_ZN_A1_AND3_X1_ZN_A1_OR3_X1_ZN_A1_AND3_X1_ZN_A1_OR3_X1_ZN_A1_AND4_X1_ZN_A1_OR3_X1_ZN_A1_AND4_X1_ZN_A4_OAI21_X1_ZN_B1_AOI21_X1_ZN_B2_OR3_X1_ZN_A2_AND3_X1_ZN_A1_OR3_X1_ZN_A1_AND3_X1_ZN_A1_OR3_X1_ZN/ZN (OR3_X1)
                    0.0158    0.0000    0.4793 v acc_out[8]_DFF_X1_Q_D_AND3_X1_ZN_A2_OR3_X1_ZN_A1_AND3_X1_ZN_A1_OR3_X1_ZN_A1_AND3_X1_ZN_A1_OR3_X1_ZN_A1_AND4_X1_ZN_A1_OR3_X1_ZN_A1_AND4_X1_ZN_A4_OAI21_X1_ZN_B1_AOI21_X1_ZN_B2_OR3_X1_ZN_A2_AND3_X1_ZN_A1_OR3_X1_ZN_A1_AND3_X1_ZN/A1 (AND3_X1)
     2    2.3339    0.0074    0.0355    0.5148 v acc_out[8]_DFF_X1_Q_D_AND3_X1_ZN_A2_OR3_X1_ZN_A1_AND3_X1_ZN_A1_OR3_X1_ZN_A1_AND3_X1_ZN_A1_OR3_X1_ZN_A1_AND4_X1_ZN_A1_OR3_X1_ZN_A1_AND4_X1_ZN_A4_OAI21_X1_ZN_B1_AOI21_X1_ZN_B2_OR3_X1_ZN_A2_AND3_X1_ZN_A1_OR3_X1_ZN_A1_AND3_X1_ZN/ZN (AND3_X1)
                    0.0074    0.0000    0.5148 v acc_out[8]_DFF_X1_Q_D_AND3_X1_ZN_A2_OR3_X1_ZN_A1_AND3_X1_ZN_A1_OR3_X1_ZN_A1_AND3_X1_ZN_A1_OR3_X1_ZN_A1_AND4_X1_ZN_A1_OR3_X1_ZN_A1_AND4_X1_ZN_A4_OAI21_X1_ZN_B1_AOI21_X1_ZN_B2_OR3_X1_ZN_A2_AND3_X1_ZN_A1_OR3_X1_ZN/A1 (OR3_X1)
     2    2.2761    0.0139    0.0661    0.5809 v acc_out[8]_DFF_X1_Q_D_AND3_X1_ZN_A2_OR3_X1_ZN_A1_AND3_X1_ZN_A1_OR3_X1_ZN_A1_AND3_X1_ZN_A1_OR3_X1_ZN_A1_AND4_X1_ZN_A1_OR3_X1_ZN_A1_AND4_X1_ZN_A4_OAI21_X1_ZN_B1_AOI21_X1_ZN_B2_OR3_X1_ZN_A2_AND3_X1_ZN_A1_OR3_X1_ZN/ZN (OR3_X1)
                    0.0139    0.0000    0.5809 v acc_out[8]_DFF_X1_Q_D_AND3_X1_ZN_A2_OR3_X1_ZN_A1_AND3_X1_ZN_A1_OR3_X1_ZN_A1_AND3_X1_ZN_A1_OR3_X1_ZN_A1_AND4_X1_ZN_A1_OR3_X1_ZN_A1_AND4_X1_ZN_A4_OAI21_X1_ZN_B1_AOI21_X1_ZN_B2_OR3_X1_ZN_A2_AND3_X1_ZN/A1 (AND3_X1)
     3    3.8592    0.0089    0.0375    0.6184 v acc_out[8]_DFF_X1_Q_D_AND3_X1_ZN_A2_OR3_X1_ZN_A1_AND3_X1_ZN_A1_OR3_X1_ZN_A1_AND3_X1_ZN_A1_OR3_X1_ZN_A1_AND4_X1_ZN_A1_OR3_X1_ZN_A1_AND4_X1_ZN_A4_OAI21_X1_ZN_B1_AOI21_X1_ZN_B2_OR3_X1_ZN_A2_AND3_X1_ZN/ZN (AND3_X1)
                    0.0089    0.0000    0.6184 v acc_out[8]_DFF_X1_Q_D_AND3_X1_ZN_A2_OR3_X1_ZN_A1_AND3_X1_ZN_A1_OR3_X1_ZN_A1_AND3_X1_ZN_A1_OR3_X1_ZN_A1_AND4_X1_ZN_A1_OR3_X1_ZN_A1_AND4_X1_ZN_A4_OAI21_X1_ZN_B1_AOI21_X1_ZN_B2_OR3_X1_ZN/A2 (OR3_X1)
     3    3.7783    0.0158    0.0822    0.7006 v acc_out[8]_DFF_X1_Q_D_AND3_X1_ZN_A2_OR3_X1_ZN_A1_AND3_X1_ZN_A1_OR3_X1_ZN_A1_AND3_X1_ZN_A1_OR3_X1_ZN_A1_AND4_X1_ZN_A1_OR3_X1_ZN_A1_AND4_X1_ZN_A4_OAI21_X1_ZN_B1_AOI21_X1_ZN_B2_OR3_X1_ZN/ZN (OR3_X1)
                    0.0158    0.0000    0.7006 v acc_out[8]_DFF_X1_Q_D_AND3_X1_ZN_A2_OR3_X1_ZN_A1_AND3_X1_ZN_A1_OR3_X1_ZN_A1_AND3_X1_ZN_A1_OR3_X1_ZN_A1_AND4_X1_ZN_A1_OR3_X1_ZN_A1_AND4_X1_ZN_A4_OAI21_X1_ZN_B1_AOI21_X1_ZN_A_AND3_X1_A2/A1 (AND3_X1)
     6    9.0194    0.0138    0.0464    0.7470 v acc_out[8]_DFF_X1_Q_D_AND3_X1_ZN_A2_OR3_X1_ZN_A1_AND3_X1_ZN_A1_OR3_X1_ZN_A1_AND3_X1_ZN_A1_OR3_X1_ZN_A1_AND4_X1_ZN_A1_OR3_X1_ZN_A1_AND4_X1_ZN_A4_OAI21_X1_ZN_B1_AOI21_X1_ZN_A_AND3_X1_A2/ZN (AND3_X1)
                    0.0138    0.0000    0.7470 v acc_out[8]_DFF_X1_Q_D_AND3_X1_ZN_A2_OR3_X1_ZN_A1_AND3_X1_ZN_A1_OR3_X1_ZN_A1_AND3_X1_ZN_A1_OR3_X1_ZN_A1_AND4_X1_ZN_A1_OR3_X1_ZN_A1_AND4_X1_ZN_A4_OAI21_X1_ZN_A_OR3_X1_A2/A1 (OR3_X1)
     4    6.0248    0.0183    0.0779    0.8248 v acc_out[8]_DFF_X1_Q_D_AND3_X1_ZN_A2_OR3_X1_ZN_A1_AND3_X1_ZN_A1_OR3_X1_ZN_A1_AND3_X1_ZN_A1_OR3_X1_ZN_A1_AND4_X1_ZN_A1_OR3_X1_ZN_A1_AND4_X1_ZN_A4_OAI21_X1_ZN_A_OR3_X1_A2/ZN (OR3_X1)
                    0.0183    0.0000    0.8248 v acc_out[8]_DFF_X1_Q_D_AND3_X1_ZN_A2_OR3_X1_ZN_A1_AND3_X1_ZN_A1_OR3_X1_ZN_A1_AND3_X1_ZN_A1_OR3_X1_ZN_A1_AND4_X1_ZN_A1_OR3_X1_ZN_A3_AOI22_X1_ZN/B2 (AOI22_X1)
     3    4.1555    0.0361    0.0625    0.8873 ^ acc_out[8]_DFF_X1_Q_D_AND3_X1_ZN_A2_OR3_X1_ZN_A1_AND3_X1_ZN_A1_OR3_X1_ZN_A1_AND3_X1_ZN_A1_OR3_X1_ZN_A1_AND4_X1_ZN_A1_OR3_X1_ZN_A3_AOI22_X1_ZN/ZN (AOI22_X1)
                    0.0361    0.0000    0.8873 ^ acc_out[9]_DFF_X1_Q_D_NOR2_X1_ZN_A2_XNOR2_X1_ZN_B_XOR2_X1_Z_B_XNOR2_X1_ZN_A_XOR2_X1_Z_B_XNOR2_X1_ZN_B_XOR2_X1_Z_B_XNOR2_X1_ZN_B_OAI21_X1_ZN/B2 (OAI21_X1)
     2    3.7781    0.0173    0.0292    0.9166 v acc_out[9]_DFF_X1_Q_D_NOR2_X1_ZN_A2_XNOR2_X1_ZN_B_XOR2_X1_Z_B_XNOR2_X1_ZN_A_XOR2_X1_Z_B_XNOR2_X1_ZN_B_XOR2_X1_Z_B_XNOR2_X1_ZN_B_OAI21_X1_ZN/ZN (OAI21_X1)
                    0.0173    0.0000    0.9166 v acc_out[9]_DFF_X1_Q_D_NOR2_X1_ZN_A2_XNOR2_X1_ZN_B_XOR2_X1_Z_B_XNOR2_X1_ZN_A_XOR2_X1_Z_B_XNOR2_X1_ZN_B_XOR2_X1_Z_B_XNOR2_X1_ZN/B (XNOR2_X1)
     2    3.9753    0.0163    0.0476    0.9642 v acc_out[9]_DFF_X1_Q_D_NOR2_X1_ZN_A2_XNOR2_X1_ZN_B_XOR2_X1_Z_B_XNOR2_X1_ZN_A_XOR2_X1_Z_B_XNOR2_X1_ZN_B_XOR2_X1_Z_B_XNOR2_X1_ZN/ZN (XNOR2_X1)
                    0.0163    0.0000    0.9642 v acc_out[9]_DFF_X1_Q_D_NOR2_X1_ZN_A2_XNOR2_X1_ZN_B_XOR2_X1_Z_B_XNOR2_X1_ZN_A_XOR2_X1_Z_B_XNOR2_X1_ZN_B_XOR2_X1_Z/B (XOR2_X1)
     2    3.7781    0.0144    0.0620    1.0261 v acc_out[9]_DFF_X1_Q_D_NOR2_X1_ZN_A2_XNOR2_X1_ZN_B_XOR2_X1_Z_B_XNOR2_X1_ZN_A_XOR2_X1_Z_B_XNOR2_X1_ZN_B_XOR2_X1_Z/Z (XOR2_X1)
                    0.0144    0.0000    1.0261 v acc_out[10]_DFF_X1_Q_D_AOI21_X1_ZN_B2_XNOR2_X1_ZN_B_XOR2_X1_Z_A_XNOR2_X1_ZN_B_XNOR2_X1_ZN_B_AOI21_X1_ZN/B2 (AOI21_X1)
     2    4.1455    0.0330    0.0456    1.0717 ^ acc_out[10]_DFF_X1_Q_D_AOI21_X1_ZN_B2_XNOR2_X1_ZN_B_XOR2_X1_Z_A_XNOR2_X1_ZN_B_XNOR2_X1_ZN_B_AOI21_X1_ZN/ZN (AOI21_X1)
                    0.0330    0.0000    1.0717 ^ acc_out[10]_DFF_X1_Q_D_AOI21_X1_ZN_B2_XNOR2_X1_ZN_B_XOR2_X1_Z_A_XNOR2_X1_ZN_B_XNOR2_X1_ZN_B_OAI21_X1_B2/B2 (OAI21_X1)
     2    3.6281    0.0163    0.0279    1.0996 v acc_out[10]_DFF_X1_Q_D_AOI21_X1_ZN_B2_XNOR2_X1_ZN_B_XOR2_X1_Z_A_XNOR2_X1_ZN_B_XNOR2_X1_ZN_B_OAI21_X1_B2/ZN (OAI21_X1)
                    0.0163    0.0000    1.0996 v acc_out[11]_DFF_X1_Q_D_NOR2_X1_ZN_A2_XNOR2_X1_ZN_A_XOR2_X1_Z_B_XOR2_X1_Z_B_XOR2_X1_Z_B_XOR2_X1_Z/A (XOR2_X1)
     2    3.3056    0.0136    0.0561    1.1557 v acc_out[11]_DFF_X1_Q_D_NOR2_X1_ZN_A2_XNOR2_X1_ZN_A_XOR2_X1_Z_B_XOR2_X1_Z_B_XOR2_X1_Z_B_XOR2_X1_Z/Z (XOR2_X1)
                    0.0136    0.0000    1.1557 v acc_out[11]_DFF_X1_Q_D_NOR2_X1_ZN_A2_XNOR2_X1_ZN_A_XOR2_X1_Z_B_XOR2_X1_Z_B_XOR2_X1_Z/B (XOR2_X1)
     2    3.8214    0.0143    0.0609    1.2166 v acc_out[11]_DFF_X1_Q_D_NOR2_X1_ZN_A2_XNOR2_X1_ZN_A_XOR2_X1_Z_B_XOR2_X1_Z_B_XOR2_X1_Z/Z (XOR2_X1)
                    0.0143    0.0000    1.2166 v acc_out[12]_DFF_X1_Q_D_AOI21_X1_ZN_B2_XNOR2_X1_ZN_B_XOR2_X1_Z_B_AOI21_X1_ZN/B2 (AOI21_X1)
     2    3.9354    0.0320    0.0445    1.2611 ^ acc_out[12]_DFF_X1_Q_D_AOI21_X1_ZN_B2_XNOR2_X1_ZN_B_XOR2_X1_Z_B_AOI21_X1_ZN/ZN (AOI21_X1)
                    0.0320    0.0000    1.2611 ^ acc_out[12]_DFF_X1_Q_D_AOI21_X1_ZN_B2_XNOR2_X1_ZN_B_XOR2_X1_Z_A_OAI21_X1_B1/B2 (OAI21_X1)
     2    3.8214    0.0164    0.0281    1.2892 v acc_out[12]_DFF_X1_Q_D_AOI21_X1_ZN_B2_XNOR2_X1_ZN_B_XOR2_X1_Z_A_OAI21_X1_B1/ZN (OAI21_X1)
                    0.0164    0.0000    1.2892 v acc_out[13]_DFF_X1_Q_D_AND2_X1_ZN_A1_OR2_X1_ZN_A2_XOR2_X1_Z_B_XOR2_X1_Z/B (XOR2_X1)
     2    3.3056    0.0144    0.0612    1.3504 v acc_out[13]_DFF_X1_Q_D_AND2_X1_ZN_A1_OR2_X1_ZN_A2_XOR2_X1_Z_B_XOR2_X1_Z/Z (XOR2_X1)
                    0.0144    0.0000    1.3504 v acc_out[13]_DFF_X1_Q_D_AND2_X1_ZN_A1_OR2_X1_ZN_A2_XOR2_X1_Z/B (XOR2_X1)
     3    3.7153    0.0142    0.0611    1.4115 v acc_out[13]_DFF_X1_Q_D_AND2_X1_ZN_A1_OR2_X1_ZN_A2_XOR2_X1_Z/Z (XOR2_X1)
                    0.0142    0.0000    1.4115 v acc_out[14]_DFF_X1_Q_D_AOI21_X1_ZN_B2_AOI21_X1_ZN/B2 (AOI21_X1)
     3    5.0010    0.0370    0.0498    1.4613 ^ acc_out[14]_DFF_X1_Q_D_AOI21_X1_ZN_B2_AOI21_X1_ZN/ZN (AOI21_X1)
                    0.0370    0.0000    1.4613 ^ acc_out[14]_DFF_X1_Q_D_AOI21_X1_ZN_B2_OAI21_X1_B1/B1 (OAI21_X1)
     2    3.7781    0.0166    0.0261    1.4874 v acc_out[14]_DFF_X1_Q_D_AOI21_X1_ZN_B2_OAI21_X1_B1/ZN (OAI21_X1)
                    0.0166    0.0000    1.4874 v acc_out[16]_DFF_X1_Q_D_AOI21_X1_ZN_B1_AOI21_X1_ZN/B2 (AOI21_X1)
     3    4.7908    0.0360    0.0497    1.5371 ^ acc_out[16]_DFF_X1_Q_D_AOI21_X1_ZN_B1_AOI21_X1_ZN/ZN (AOI21_X1)
                    0.0360    0.0000    1.5371 ^ acc_out[16]_DFF_X1_Q_D_AOI21_X1_ZN_B2_OAI21_X1_B1/B2 (OAI21_X1)
     3    3.7347    0.0172    0.0291    1.5662 v acc_out[16]_DFF_X1_Q_D_AOI21_X1_ZN_B2_OAI21_X1_B1/ZN (OAI21_X1)
                    0.0172    0.0000    1.5662 v acc_out[18]_DFF_X1_Q_D_AOI21_X1_ZN_B1_AOI21_X1_ZN/B1 (AOI21_X1)
     3    4.7908    0.0360    0.0450    1.6112 ^ acc_out[18]_DFF_X1_Q_D_AOI21_X1_ZN_B1_AOI21_X1_ZN/ZN (AOI21_X1)
                    0.0360    0.0000    1.6112 ^ acc_out[18]_DFF_X1_Q_D_AOI21_X1_ZN_B2_OAI21_X1_B1/B2 (OAI21_X1)
     2    3.5727    0.0170    0.0286    1.6399 v acc_out[18]_DFF_X1_Q_D_AOI21_X1_ZN_B2_OAI21_X1_B1/ZN (OAI21_X1)
                    0.0170    0.0000    1.6399 v acc_out[20]_DFF_X1_Q_D_AOI21_X1_ZN_B1_AOI21_X1_ZN/B1 (AOI21_X1)
     3    4.7908    0.0360    0.0450    1.6848 ^ acc_out[20]_DFF_X1_Q_D_AOI21_X1_ZN_B1_AOI21_X1_ZN/ZN (AOI21_X1)
                    0.0360    0.0000    1.6848 ^ acc_out[20]_DFF_X1_Q_D_AOI21_X1_ZN_B2_OAI21_X1_B1/B2 (OAI21_X1)
     3    3.7347    0.0172    0.0291    1.7139 v acc_out[20]_DFF_X1_Q_D_AOI21_X1_ZN_B2_OAI21_X1_B1/ZN (OAI21_X1)
                    0.0172    0.0000    1.7139 v acc_out[22]_DFF_X1_Q_D_AOI21_X1_ZN_B1_AOI21_X1_ZN/B1 (AOI21_X1)
     3    4.7908    0.0360    0.0450    1.7589 ^ acc_out[22]_DFF_X1_Q_D_AOI21_X1_ZN_B1_AOI21_X1_ZN/ZN (AOI21_X1)
                    0.0360    0.0000    1.7589 ^ acc_out[22]_DFF_X1_Q_D_AOI21_X1_ZN_B2_OAI21_X1_B1/B2 (OAI21_X1)
     2    3.5727    0.0170    0.0286    1.7876 v acc_out[22]_DFF_X1_Q_D_AOI21_X1_ZN_B2_OAI21_X1_B1/ZN (OAI21_X1)
                    0.0170    0.0000    1.7876 v acc_out[24]_DFF_X1_Q_D_AOI21_X1_ZN_B1_AOI21_X1_ZN/B1 (AOI21_X1)
     3    4.7908    0.0360    0.0450    1.8325 ^ acc_out[24]_DFF_X1_Q_D_AOI21_X1_ZN_B1_AOI21_X1_ZN/ZN (AOI21_X1)
                    0.0360    0.0000    1.8325 ^ acc_out[24]_DFF_X1_Q_D_AOI21_X1_ZN_B2_OAI21_X1_B1/B2 (OAI21_X1)
     3    3.8679    0.0174    0.0294    1.8620 v acc_out[24]_DFF_X1_Q_D_AOI21_X1_ZN_B2_OAI21_X1_B1/ZN (OAI21_X1)
                    0.0174    0.0000    1.8620 v acc_out[26]_DFF_X1_Q_D_AOI21_X1_ZN_B1_AOI21_X1_ZN/B2 (AOI21_X1)
     3    4.7908    0.0360    0.0501    1.9120 ^ acc_out[26]_DFF_X1_Q_D_AOI21_X1_ZN_B1_AOI21_X1_ZN/ZN (AOI21_X1)
                    0.0360    0.0000    1.9120 ^ acc_out[26]_DFF_X1_Q_D_AOI21_X1_ZN_B2_OAI21_X1_B1/B2 (OAI21_X1)
     3    3.7347    0.0172    0.0291    1.9411 v acc_out[26]_DFF_X1_Q_D_AOI21_X1_ZN_B2_OAI21_X1_B1/ZN (OAI21_X1)
                    0.0172    0.0000    1.9411 v acc_out[28]_DFF_X1_Q_D_AOI21_X1_ZN_B1_AOI21_X1_ZN/B1 (AOI21_X1)
     3    4.7908    0.0360    0.0450    1.9861 ^ acc_out[28]_DFF_X1_Q_D_AOI21_X1_ZN_B1_AOI21_X1_ZN/ZN (AOI21_X1)
                    0.0360    0.0000    1.9861 ^ acc_out[28]_DFF_X1_Q_D_AOI21_X1_ZN_B2_OAI21_X1_B1/B2 (OAI21_X1)
     3    3.8679    0.0174    0.0294    2.0156 v acc_out[28]_DFF_X1_Q_D_AOI21_X1_ZN_B2_OAI21_X1_B1/ZN (OAI21_X1)
                    0.0174    0.0000    2.0156 v acc_out[30]_DFF_X1_Q_D_AOI21_X1_ZN_B2_AOI21_X1_ZN/B2 (AOI21_X1)
     3    5.0010    0.0370    0.0511    2.0667 ^ acc_out[30]_DFF_X1_Q_D_AOI21_X1_ZN_B2_AOI21_X1_ZN/ZN (AOI21_X1)
                    0.0370    0.0000    2.0667 ^ acc_out[30]_DFF_X1_Q_D_AOI21_X1_ZN_B2_OAI21_X1_B1/B1 (OAI21_X1)
     3    4.5080    0.0176    0.0281    2.0948 v acc_out[30]_DFF_X1_Q_D_AOI21_X1_ZN_B2_OAI21_X1_B1/ZN (OAI21_X1)
                    0.0176    0.0000    2.0948 v acc_out[31]_DFF_X1_Q_D_NOR2_X1_ZN_A2_XNOR2_X1_ZN_A_OR3_X1_A3/A3 (OR3_X1)
     3    3.2234    0.0151    0.0881    2.1829 v acc_out[31]_DFF_X1_Q_D_NOR2_X1_ZN_A2_XNOR2_X1_ZN_A_OR3_X1_A3/ZN (OR3_X1)
                    0.0151    0.0000    2.1829 v acc_out[32]_DFF_X1_Q_D_NOR3_X1_ZN_A3_AND3_X1_ZN_A2_OR2_X1_A2/A2 (OR2_X1)
     7   10.1278    0.0177    0.0684    2.2513 v acc_out[32]_DFF_X1_Q_D_NOR3_X1_ZN_A3_AND3_X1_ZN_A2_OR2_X1_A2/ZN (OR2_X1)
                    0.0177    0.0000    2.2513 v acc_out[33]_DFF_X1_Q_D_AOI21_X1_ZN/B1 (AOI21_X1)
     1    1.1403    0.0203    0.0267    2.2780 ^ acc_out[33]_DFF_X1_Q_D_AOI21_X1_ZN/ZN (AOI21_X1)
                    0.0203    0.0000    2.2780 ^ acc_out[33]_DFF_X1_Q/D (DFF_X1)
                                        2.2780   data arrival time

                    0.0500    2.0000    2.0000   clock clk (rise edge)
                              0.0000    2.0000   clock network delay (ideal)
                             -0.0500    1.9500   clock uncertainty
                              0.0000    1.9500   clock reconvergence pessimism
                                        1.9500 ^ acc_out[33]_DFF_X1_Q/CK (DFF_X1)
                             -0.0293    1.9207   library setup time
                                        1.9207   data required time
-------------------------------------------------------------------------------------
                                        1.9207   data required time
                                       -2.2780   data arrival time
-------------------------------------------------------------------------------------
                                       -0.3573   slack (VIOLATED)


Startpoint: b1[0]_AND2_X1_A2_ZN_DFF_X1_D
            (rising edge-triggered flip-flop clocked by clk)
Endpoint: acc_out[34]_DFF_X1_Q (rising edge-triggered flip-flop clocked by clk)
Path Group: clk
Path Type: max

Fanout       Cap      Slew     Delay      Time   Description
-------------------------------------------------------------------------------------
                    0.0500    0.0000    0.0000   clock clk (rise edge)
                              0.0000    0.0000   clock network delay (ideal)
                    0.0500    0.0000    0.0000 ^ b1[0]_AND2_X1_A2_ZN_DFF_X1_D/CK (DFF_X1)
    42   57.0488    0.1329    0.2293    0.2293 ^ b1[0]_AND2_X1_A2_ZN_DFF_X1_D/Q (DFF_X1)
                    0.1329    0.0000    0.2293 ^ acc_out[8]_DFF_X1_Q_D_AND3_X1_ZN_A2_OR3_X1_ZN_A1_AND3_X1_ZN_A1_OR3_X1_ZN_A1_AND3_X1_ZN_A1_OR3_X1_ZN_A1_AND4_X1_ZN_A1_OR3_X1_ZN_A1_AND4_X1_ZN_A4_OAI21_X1_ZN_B1_AOI21_X1_ZN_B2_OR3_X1_ZN_A2_AND3_X1_ZN_A1_OR3_X1_ZN_A1_AND3_X1_ZN_A1_OR3_X1_ZN_A1_AND3_X1_ZN_A1_OR3_X1_ZN_A3_AOI22_X1_ZN/B1 (AOI22_X1)
     3    3.9140    0.0405    0.0468    0.2761 v acc_out[8]_DFF_X1_Q_D_AND3_X1_ZN_A2_OR3_X1_ZN_A1_AND3_X1_ZN_A1_OR3_X1_ZN_A1_AND3_X1_ZN_A1_OR3_X1_ZN_A1_AND4_X1_ZN_A1_OR3_X1_ZN_A1_AND4_X1_ZN_A4_OAI21_X1_ZN_B1_AOI21_X1_ZN_B2_OR3_X1_ZN_A2_AND3_X1_ZN_A1_OR3_X1_ZN_A1_AND3_X1_ZN_A1_OR3_X1_ZN_A1_AND3_X1_ZN_A1_OR3_X1_ZN_A3_AOI22_X1_ZN/ZN (AOI22_X1)
                    0.0405    0.0000    0.2761 v acc_out[8]_DFF_X1_Q_D_AND3_X1_ZN_A2_OR3_X1_ZN_A1_AND3_X1_ZN_A1_OR3_X1_ZN_A1_AND3_X1_ZN_A1_OR3_X1_ZN_A1_AND4_X1_ZN_A1_OR3_X1_ZN_A1_AND4_X1_ZN_A4_OAI21_X1_ZN_B1_AOI21_X1_ZN_B2_OR3_X1_ZN_A2_AND3_X1_ZN_A1_OR3_X1_ZN_A1_AND3_X1_ZN_A1_OR3_X1_ZN_A1_AND3_X1_ZN_A1_OR3_X1_ZN/A3 (OR3_X1)
     3    3.8381    0.0158    0.0971    0.3732 v acc_out[8]_DFF_X1_Q_D_AND3_X1_ZN_A2_OR3_X1_ZN_A1_AND3_X1_ZN_A1_OR3_X1_ZN_A1_AND3_X1_ZN_A1_OR3_X1_ZN_A1_AND4_X1_ZN_A1_OR3_X1_ZN_A1_AND4_X1_ZN_A4_OAI21_X1_ZN_B1_AOI21_X1_ZN_B2_OR3_X1_ZN_A2_AND3_X1_ZN_A1_OR3_X1_ZN_A1_AND3_X1_ZN_A1_OR3_X1_ZN_A1_AND3_X1_ZN_A1_OR3_X1_ZN/ZN (OR3_X1)
                    0.0158    0.0000    0.3732 v acc_out[8]_DFF_X1_Q_D_AND3_X1_ZN_A2_OR3_X1_ZN_A1_AND3_X1_ZN_A1_OR3_X1_ZN_A1_AND3_X1_ZN_A1_OR3_X1_ZN_A1_AND4_X1_ZN_A1_OR3_X1_ZN_A1_AND4_X1_ZN_A4_OAI21_X1_ZN_B1_AOI21_X1_ZN_B2_OR3_X1_ZN_A2_AND3_X1_ZN_A1_OR3_X1_ZN_A1_AND3_X1_ZN_A1_OR3_X1_ZN_A1_AND3_X1_ZN/A1 (AND3_X1)
     2    2.3339    0.0074    0.0355    0.4087 v acc_out[8]_DFF_X1_Q_D_AND3_X1_ZN_A2_OR3_X1_ZN_A1_AND3_X1_ZN_A1_OR3_X1_ZN_A1_AND3_X1_ZN_A1_OR3_X1_ZN_A1_AND4_X1_ZN_A1_OR3_X1_ZN_A1_AND4_X1_ZN_A4_OAI21_X1_ZN_B1_AOI21_X1_ZN_B2_OR3_X1_ZN_A2_AND3_X1_ZN_A1_OR3_X1_ZN_A1_AND3_X1_ZN_A1_OR3_X1_ZN_A1_AND3_X1_ZN/ZN (AND3_X1)
                    0.0074    0.0000    0.4087 v acc_out[8]_DFF_X1_Q_D_AND3_X1_ZN_A2_OR3_X1_ZN_A1_AND3_X1_ZN_A1_OR3_X1_ZN_A1_AND3_X1_ZN_A1_OR3_X1_ZN_A1_AND4_X1_ZN_A1_OR3_X1_ZN_A1_AND4_X1_ZN_A4_OAI21_X1_ZN_B1_AOI21_X1_ZN_B2_OR3_X1_ZN_A2_AND3_X1_ZN_A1_OR3_X1_ZN_A1_AND3_X1_ZN_A1_OR3_X1_ZN/A1 (OR3_X1)
     3    3.8381    0.0158    0.0706    0.4793 v acc_out[8]_DFF_X1_Q_D_AND3_X1_ZN_A2_OR3_X1_ZN_A1_AND3_X1_ZN_A1_OR3_X1_ZN_A1_AND3_X1_ZN_A1_OR3_X1_ZN_A1_AND4_X1_ZN_A1_OR3_X1_ZN_A1_AND4_X1_ZN_A4_OAI21_X1_ZN_B1_AOI21_X1_ZN_B2_OR3_X1_ZN_A2_AND3_X1_ZN_A1_OR3_X1_ZN_A1_AND3_X1_ZN_A1_OR3_X1_ZN/ZN (OR3_X1)
                    0.0158    0.0000    0.4793 v acc_out[8]_DFF_X1_Q_D_AND3_X1_ZN_A2_OR3_X1_ZN_A1_AND3_X1_ZN_A1_OR3_X1_ZN_A1_AND3_X1_ZN_A1_OR3_X1_ZN_A1_AND4_X1_ZN_A1_OR3_X1_ZN_A1_AND4_X1_ZN_A4_OAI21_X1_ZN_B1_AOI21_X1_ZN_B2_OR3_X1_ZN_A2_AND3_X1_ZN_A1_OR3_X1_ZN_A1_AND3_X1_ZN/A1 (AND3_X1)
     2    2.3339    0.0074    0.0355    0.5148 v acc_out[8]_DFF_X1_Q_D_AND3_X1_ZN_A2_OR3_X1_ZN_A1_AND3_X1_ZN_A1_OR3_X1_ZN_A1_AND3_X1_ZN_A1_OR3_X1_ZN_A1_AND4_X1_ZN_A1_OR3_X1_ZN_A1_AND4_X1_ZN_A4_OAI21_X1_ZN_B1_AOI21_X1_ZN_B2_OR3_X1_ZN_A2_AND3_X1_ZN_A1_OR3_X1_ZN_A1_AND3_X1_ZN/ZN (AND3_X1)
                    0.0074    0.0000    0.5148 v acc_out[8]_DFF_X1_Q_D_AND3_X1_ZN_A2_OR3_X1_ZN_A1_AND3_X1_ZN_A1_OR3_X1_ZN_A1_AND3_X1_ZN_A1_OR3_X1_ZN_A1_AND4_X1_ZN_A1_OR3_X1_ZN_A1_AND4_X1_ZN_A4_OAI21_X1_ZN_B1_AOI21_X1_ZN_B2_OR3_X1_ZN_A2_AND3_X1_ZN_A1_OR3_X1_ZN/A1 (OR3_X1)
     2    2.2761    0.0139    0.0661    0.5809 v acc_out[8]_DFF_X1_Q_D_AND3_X1_ZN_A2_OR3_X1_ZN_A1_AND3_X1_ZN_A1_OR3_X1_ZN_A1_AND3_X1_ZN_A1_OR3_X1_ZN_A1_AND4_X1_ZN_A1_OR3_X1_ZN_A1_AND4_X1_ZN_A4_OAI21_X1_ZN_B1_AOI21_X1_ZN_B2_OR3_X1_ZN_A2_AND3_X1_ZN_A1_OR3_X1_ZN/ZN (OR3_X1)
                    0.0139    0.0000    0.5809 v acc_out[8]_DFF_X1_Q_D_AND3_X1_ZN_A2_OR3_X1_ZN_A1_AND3_X1_ZN_A1_OR3_X1_ZN_A1_AND3_X1_ZN_A1_OR3_X1_ZN_A1_AND4_X1_ZN_A1_OR3_X1_ZN_A1_AND4_X1_ZN_A4_OAI21_X1_ZN_B1_AOI21_X1_ZN_B2_OR3_X1_ZN_A2_AND3_X1_ZN/A1 (AND3_X1)
     3    3.8592    0.0089    0.0375    0.6184 v acc_out[8]_DFF_X1_Q_D_AND3_X1_ZN_A2_OR3_X1_ZN_A1_AND3_X1_ZN_A1_OR3_X1_ZN_A1_AND3_X1_ZN_A1_OR3_X1_ZN_A1_AND4_X1_ZN_A1_OR3_X1_ZN_A1_AND4_X1_ZN_A4_OAI21_X1_ZN_B1_AOI21_X1_ZN_B2_OR3_X1_ZN_A2_AND3_X1_ZN/ZN (AND3_X1)
                    0.0089    0.0000    0.6184 v acc_out[8]_DFF_X1_Q_D_AND3_X1_ZN_A2_OR3_X1_ZN_A1_AND3_X1_ZN_A1_OR3_X1_ZN_A1_AND3_X1_ZN_A1_OR3_X1_ZN_A1_AND4_X1_ZN_A1_OR3_X1_ZN_A1_AND4_X1_ZN_A4_OAI21_X1_ZN_B1_AOI21_X1_ZN_B2_OR3_X1_ZN/A2 (OR3_X1)
     3    3.7783    0.0158    0.0822    0.7006 v acc_out[8]_DFF_X1_Q_D_AND3_X1_ZN_A2_OR3_X1_ZN_A1_AND3_X1_ZN_A1_OR3_X1_ZN_A1_AND3_X1_ZN_A1_OR3_X1_ZN_A1_AND4_X1_ZN_A1_OR3_X1_ZN_A1_AND4_X1_ZN_A4_OAI21_X1_ZN_B1_AOI21_X1_ZN_B2_OR3_X1_ZN/ZN (OR3_X1)
                    0.0158    0.0000    0.7006 v acc_out[8]_DFF_X1_Q_D_AND3_X1_ZN_A2_OR3_X1_ZN_A1_AND3_X1_ZN_A1_OR3_X1_ZN_A1_AND3_X1_ZN_A1_OR3_X1_ZN_A1_AND4_X1_ZN_A1_OR3_X1_ZN_A1_AND4_X1_ZN_A4_OAI21_X1_ZN_B1_AOI21_X1_ZN_A_AND3_X1_A2/A1 (AND3_X1)
     6    9.0194    0.0138    0.0464    0.7470 v acc_out[8]_DFF_X1_Q_D_AND3_X1_ZN_A2_OR3_X1_ZN_A1_AND3_X1_ZN_A1_OR3_X1_ZN_A1_AND3_X1_ZN_A1_OR3_X1_ZN_A1_AND4_X1_ZN_A1_OR3_X1_ZN_A1_AND4_X1_ZN_A4_OAI21_X1_ZN_B1_AOI21_X1_ZN_A_AND3_X1_A2/ZN (AND3_X1)
                    0.0138    0.0000    0.7470 v acc_out[8]_DFF_X1_Q_D_AND3_X1_ZN_A2_OR3_X1_ZN_A1_AND3_X1_ZN_A1_OR3_X1_ZN_A1_AND3_X1_ZN_A1_OR3_X1_ZN_A1_AND4_X1_ZN_A1_OR3_X1_ZN_A1_AND4_X1_ZN_A4_OAI21_X1_ZN_A_OR3_X1_A2/A1 (OR3_X1)
     4    6.0248    0.0183    0.0779    0.8248 v acc_out[8]_DFF_X1_Q_D_AND3_X1_ZN_A2_OR3_X1_ZN_A1_AND3_X1_ZN_A1_OR3_X1_ZN_A1_AND3_X1_ZN_A1_OR3_X1_ZN_A1_AND4_X1_ZN_A1_OR3_X1_ZN_A1_AND4_X1_ZN_A4_OAI21_X1_ZN_A_OR3_X1_A2/ZN (OR3_X1)
                    0.0183    0.0000    0.8248 v acc_out[8]_DFF_X1_Q_D_AND3_X1_ZN_A2_OR3_X1_ZN_A1_AND3_X1_ZN_A1_OR3_X1_ZN_A1_AND3_X1_ZN_A1_OR3_X1_ZN_A1_AND4_X1_ZN_A1_OR3_X1_ZN_A3_AOI22_X1_ZN/B2 (AOI22_X1)
     3    4.1555    0.0361    0.0625    0.8873 ^ acc_out[8]_DFF_X1_Q_D_AND3_X1_ZN_A2_OR3_X1_ZN_A1_AND3_X1_ZN_A1_OR3_X1_ZN_A1_AND3_X1_ZN_A1_OR3_X1_ZN_A1_AND4_X1_ZN_A1_OR3_X1_ZN_A3_AOI22_X1_ZN/ZN (AOI22_X1)
                    0.0361    0.0000    0.8873 ^ acc_out[9]_DFF_X1_Q_D_NOR2_X1_ZN_A2_XNOR2_X1_ZN_B_XOR2_X1_Z_B_XNOR2_X1_ZN_A_XOR2_X1_Z_B_XNOR2_X1_ZN_B_XOR2_X1_Z_B_XNOR2_X1_ZN_B_OAI21_X1_ZN/B2 (OAI21_X1)
     2    3.7781    0.0173    0.0292    0.9166 v acc_out[9]_DFF_X1_Q_D_NOR2_X1_ZN_A2_XNOR2_X1_ZN_B_XOR2_X1_Z_B_XNOR2_X1_ZN_A_XOR2_X1_Z_B_XNOR2_X1_ZN_B_XOR2_X1_Z_B_XNOR2_X1_ZN_B_OAI21_X1_ZN/ZN (OAI21_X1)
                    0.0173    0.0000    0.9166 v acc_out[9]_DFF_X1_Q_D_NOR2_X1_ZN_A2_XNOR2_X1_ZN_B_XOR2_X1_Z_B_XNOR2_X1_ZN_A_XOR2_X1_Z_B_XNOR2_X1_ZN_B_XOR2_X1_Z_B_XNOR2_X1_ZN/B (XNOR2_X1)
     2    3.9753    0.0163    0.0476    0.9642 v acc_out[9]_DFF_X1_Q_D_NOR2_X1_ZN_A2_XNOR2_X1_ZN_B_XOR2_X1_Z_B_XNOR2_X1_ZN_A_XOR2_X1_Z_B_XNOR2_X1_ZN_B_XOR2_X1_Z_B_XNOR2_X1_ZN/ZN (XNOR2_X1)
                    0.0163    0.0000    0.9642 v acc_out[9]_DFF_X1_Q_D_NOR2_X1_ZN_A2_XNOR2_X1_ZN_B_XOR2_X1_Z_B_XNOR2_X1_ZN_A_XOR2_X1_Z_B_XNOR2_X1_ZN_B_XOR2_X1_Z/B (XOR2_X1)
     2    3.7781    0.0144    0.0620    1.0261 v acc_out[9]_DFF_X1_Q_D_NOR2_X1_ZN_A2_XNOR2_X1_ZN_B_XOR2_X1_Z_B_XNOR2_X1_ZN_A_XOR2_X1_Z_B_XNOR2_X1_ZN_B_XOR2_X1_Z/Z (XOR2_X1)
                    0.0144    0.0000    1.0261 v acc_out[10]_DFF_X1_Q_D_AOI21_X1_ZN_B2_XNOR2_X1_ZN_B_XOR2_X1_Z_A_XNOR2_X1_ZN_B_XNOR2_X1_ZN_B_AOI21_X1_ZN/B2 (AOI21_X1)
     2    4.1455    0.0330    0.0456    1.0717 ^ acc_out[10]_DFF_X1_Q_D_AOI21_X1_ZN_B2_XNOR2_X1_ZN_B_XOR2_X1_Z_A_XNOR2_X1_ZN_B_XNOR2_X1_ZN_B_AOI21_X1_ZN/ZN (AOI21_X1)
                    0.0330    0.0000    1.0717 ^ acc_out[10]_DFF_X1_Q_D_AOI21_X1_ZN_B2_XNOR2_X1_ZN_B_XOR2_X1_Z_A_XNOR2_X1_ZN_B_XNOR2_X1_ZN_B_OAI21_X1_B2/B2 (OAI21_X1)
     2    3.6281    0.0163    0.0279    1.0996 v acc_out[10]_DFF_X1_Q_D_AOI21_X1_ZN_B2_XNOR2_X1_ZN_B_XOR2_X1_Z_A_XNOR2_X1_ZN_B_XNOR2_X1_ZN_B_OAI21_X1_B2/ZN (OAI21_X1)
                    0.0163    0.0000    1.0996 v acc_out[11]_DFF_X1_Q_D_NOR2_X1_ZN_A2_XNOR2_X1_ZN_A_XOR2_X1_Z_B_XOR2_X1_Z_B_XOR2_X1_Z_B_XOR2_X1_Z/A (XOR2_X1)
     2    3.3056    0.0136    0.0561    1.1557 v acc_out[11]_DFF_X1_Q_D_NOR2_X1_ZN_A2_XNOR2_X1_ZN_A_XOR2_X1_Z_B_XOR2_X1_Z_B_XOR2_X1_Z_B_XOR2_X1_Z/Z (XOR2_X1)
                    0.0136    0.0000    1.1557 v acc_out[11]_DFF_X1_Q_D_NOR2_X1_ZN_A2_XNOR2_X1_ZN_A_XOR2_X1_Z_B_XOR2_X1_Z_B_XOR2_X1_Z/B (XOR2_X1)
     2    3.8214    0.0143    0.0609    1.2166 v acc_out[11]_DFF_X1_Q_D_NOR2_X1_ZN_A2_XNOR2_X1_ZN_A_XOR2_X1_Z_B_XOR2_X1_Z_B_XOR2_X1_Z/Z (XOR2_X1)
                    0.0143    0.0000    1.2166 v acc_out[12]_DFF_X1_Q_D_AOI21_X1_ZN_B2_XNOR2_X1_ZN_B_XOR2_X1_Z_B_AOI21_X1_ZN/B2 (AOI21_X1)
     2    3.9354    0.0320    0.0445    1.2611 ^ acc_out[12]_DFF_X1_Q_D_AOI21_X1_ZN_B2_XNOR2_X1_ZN_B_XOR2_X1_Z_B_AOI21_X1_ZN/ZN (AOI21_X1)
                    0.0320    0.0000    1.2611 ^ acc_out[12]_DFF_X1_Q_D_AOI21_X1_ZN_B2_XNOR2_X1_ZN_B_XOR2_X1_Z_A_OAI21_X1_B1/B2 (OAI21_X1)
     2    3.8214    0.0164    0.0281    1.2892 v acc_out[12]_DFF_X1_Q_D_AOI21_X1_ZN_B2_XNOR2_X1_ZN_B_XOR2_X1_Z_A_OAI21_X1_B1/ZN (OAI21_X1)
                    0.0164    0.0000    1.2892 v acc_out[13]_DFF_X1_Q_D_AND2_X1_ZN_A1_OR2_X1_ZN_A2_XOR2_X1_Z_B_XOR2_X1_Z/B (XOR2_X1)
     2    3.3056    0.0144    0.0612    1.3504 v acc_out[13]_DFF_X1_Q_D_AND2_X1_ZN_A1_OR2_X1_ZN_A2_XOR2_X1_Z_B_XOR2_X1_Z/Z (XOR2_X1)
                    0.0144    0.0000    1.3504 v acc_out[13]_DFF_X1_Q_D_AND2_X1_ZN_A1_OR2_X1_ZN_A2_XOR2_X1_Z/B (XOR2_X1)
     3    3.7153    0.0142    0.0611    1.4115 v acc_out[13]_DFF_X1_Q_D_AND2_X1_ZN_A1_OR2_X1_ZN_A2_XOR2_X1_Z/Z (XOR2_X1)
                    0.0142    0.0000    1.4115 v acc_out[14]_DFF_X1_Q_D_AOI21_X1_ZN_B2_AOI21_X1_ZN/B2 (AOI21_X1)
     3    5.0010    0.0370    0.0498    1.4613 ^ acc_out[14]_DFF_X1_Q_D_AOI21_X1_ZN_B2_AOI21_X1_ZN/ZN (AOI21_X1)
                    0.0370    0.0000    1.4613 ^ acc_out[14]_DFF_X1_Q_D_AOI21_X1_ZN_B2_OAI21_X1_B1/B1 (OAI21_X1)
     2    3.7781    0.0166    0.0261    1.4874 v acc_out[14]_DFF_X1_Q_D_AOI21_X1_ZN_B2_OAI21_X1_B1/ZN (OAI21_X1)
                    0.0166    0.0000    1.4874 v acc_out[16]_DFF_X1_Q_D_AOI21_X1_ZN_B1_AOI21_X1_ZN/B2 (AOI21_X1)
     3    4.7908    0.0360    0.0497    1.5371 ^ acc_out[16]_DFF_X1_Q_D_AOI21_X1_ZN_B1_AOI21_X1_ZN/ZN (AOI21_X1)
                    0.0360    0.0000    1.5371 ^ acc_out[16]_DFF_X1_Q_D_AOI21_X1_ZN_B2_OAI21_X1_B1/B2 (OAI21_X1)
     3    3.7347    0.0172    0.0291    1.5662 v acc_out[16]_DFF_X1_Q_D_AOI21_X1_ZN_B2_OAI21_X1_B1/ZN (OAI21_X1)
                    0.0172    0.0000    1.5662 v acc_out[18]_DFF_X1_Q_D_AOI21_X1_ZN_B1_AOI21_X1_ZN/B1 (AOI21_X1)
     3    4.7908    0.0360    0.0450    1.6112 ^ acc_out[18]_DFF_X1_Q_D_AOI21_X1_ZN_B1_AOI21_X1_ZN/ZN (AOI21_X1)
                    0.0360    0.0000    1.6112 ^ acc_out[18]_DFF_X1_Q_D_AOI21_X1_ZN_B2_OAI21_X1_B1/B2 (OAI21_X1)
     2    3.5727    0.0170    0.0286    1.6399 v acc_out[18]_DFF_X1_Q_D_AOI21_X1_ZN_B2_OAI21_X1_B1/ZN (OAI21_X1)
                    0.0170    0.0000    1.6399 v acc_out[20]_DFF_X1_Q_D_AOI21_X1_ZN_B1_AOI21_X1_ZN/B1 (AOI21_X1)
     3    4.7908    0.0360    0.0450    1.6848 ^ acc_out[20]_DFF_X1_Q_D_AOI21_X1_ZN_B1_AOI21_X1_ZN/ZN (AOI21_X1)
                    0.0360    0.0000    1.6848 ^ acc_out[20]_DFF_X1_Q_D_AOI21_X1_ZN_B2_OAI21_X1_B1/B2 (OAI21_X1)
     3    3.7347    0.0172    0.0291    1.7139 v acc_out[20]_DFF_X1_Q_D_AOI21_X1_ZN_B2_OAI21_X1_B1/ZN (OAI21_X1)
                    0.0172    0.0000    1.7139 v acc_out[22]_DFF_X1_Q_D_AOI21_X1_ZN_B1_AOI21_X1_ZN/B1 (AOI21_X1)
     3    4.7908    0.0360    0.0450    1.7589 ^ acc_out[22]_DFF_X1_Q_D_AOI21_X1_ZN_B1_AOI21_X1_ZN/ZN (AOI21_X1)
                    0.0360    0.0000    1.7589 ^ acc_out[22]_DFF_X1_Q_D_AOI21_X1_ZN_B2_OAI21_X1_B1/B2 (OAI21_X1)
     2    3.5727    0.0170    0.0286    1.7876 v acc_out[22]_DFF_X1_Q_D_AOI21_X1_ZN_B2_OAI21_X1_B1/ZN (OAI21_X1)
                    0.0170    0.0000    1.7876 v acc_out[24]_DFF_X1_Q_D_AOI21_X1_ZN_B1_AOI21_X1_ZN/B1 (AOI21_X1)
     3    4.7908    0.0360    0.0450    1.8325 ^ acc_out[24]_DFF_X1_Q_D_AOI21_X1_ZN_B1_AOI21_X1_ZN/ZN (AOI21_X1)
                    0.0360    0.0000    1.8325 ^ acc_out[24]_DFF_X1_Q_D_AOI21_X1_ZN_B2_OAI21_X1_B1/B2 (OAI21_X1)
     3    3.8679    0.0174    0.0294    1.8620 v acc_out[24]_DFF_X1_Q_D_AOI21_X1_ZN_B2_OAI21_X1_B1/ZN (OAI21_X1)
                    0.0174    0.0000    1.8620 v acc_out[26]_DFF_X1_Q_D_AOI21_X1_ZN_B1_AOI21_X1_ZN/B2 (AOI21_X1)
     3    4.7908    0.0360    0.0501    1.9120 ^ acc_out[26]_DFF_X1_Q_D_AOI21_X1_ZN_B1_AOI21_X1_ZN/ZN (AOI21_X1)
                    0.0360    0.0000    1.9120 ^ acc_out[26]_DFF_X1_Q_D_AOI21_X1_ZN_B2_OAI21_X1_B1/B2 (OAI21_X1)
     3    3.7347    0.0172    0.0291    1.9411 v acc_out[26]_DFF_X1_Q_D_AOI21_X1_ZN_B2_OAI21_X1_B1/ZN (OAI21_X1)
                    0.0172    0.0000    1.9411 v acc_out[28]_DFF_X1_Q_D_AOI21_X1_ZN_B1_AOI21_X1_ZN/B1 (AOI21_X1)
     3    4.7908    0.0360    0.0450    1.9861 ^ acc_out[28]_DFF_X1_Q_D_AOI21_X1_ZN_B1_AOI21_X1_ZN/ZN (AOI21_X1)
                    0.0360    0.0000    1.9861 ^ acc_out[28]_DFF_X1_Q_D_AOI21_X1_ZN_B2_OAI21_X1_B1/B2 (OAI21_X1)
     3    3.8679    0.0174    0.0294    2.0156 v acc_out[28]_DFF_X1_Q_D_AOI21_X1_ZN_B2_OAI21_X1_B1/ZN (OAI21_X1)
                    0.0174    0.0000    2.0156 v acc_out[30]_DFF_X1_Q_D_AOI21_X1_ZN_B2_AOI21_X1_ZN/B2 (AOI21_X1)
     3    5.0010    0.0370    0.0511    2.0667 ^ acc_out[30]_DFF_X1_Q_D_AOI21_X1_ZN_B2_AOI21_X1_ZN/ZN (AOI21_X1)
                    0.0370    0.0000    2.0667 ^ acc_out[30]_DFF_X1_Q_D_AOI21_X1_ZN_B2_OAI21_X1_B1/B1 (OAI21_X1)
     3    4.5080    0.0176    0.0281    2.0948 v acc_out[30]_DFF_X1_Q_D_AOI21_X1_ZN_B2_OAI21_X1_B1/ZN (OAI21_X1)
                    0.0176    0.0000    2.0948 v acc_out[31]_DFF_X1_Q_D_NOR2_X1_ZN_A2_XNOR2_X1_ZN_A_OR3_X1_A3/A3 (OR3_X1)
     3    3.2234    0.0151    0.0881    2.1829 v acc_out[31]_DFF_X1_Q_D_NOR2_X1_ZN_A2_XNOR2_X1_ZN_A_OR3_X1_A3/ZN (OR3_X1)
                    0.0151    0.0000    2.1829 v acc_out[32]_DFF_X1_Q_D_NOR3_X1_ZN_A3_AND3_X1_ZN_A2_OR2_X1_A2/A2 (OR2_X1)
     7   10.1278    0.0177    0.0684    2.2513 v acc_out[32]_DFF_X1_Q_D_NOR3_X1_ZN_A3_AND3_X1_ZN_A2_OR2_X1_A2/ZN (OR2_X1)
                    0.0177    0.0000    2.2513 v acc_out[34]_DFF_X1_Q_D_AOI21_X1_ZN/B1 (AOI21_X1)
     1    1.1403    0.0203    0.0267    2.2780 ^ acc_out[34]_DFF_X1_Q_D_AOI21_X1_ZN/ZN (AOI21_X1)
                    0.0203    0.0000    2.2780 ^ acc_out[34]_DFF_X1_Q/D (DFF_X1)
                                        2.2780   data arrival time

                    0.0500    2.0000    2.0000   clock clk (rise edge)
                              0.0000    2.0000   clock network delay (ideal)
                             -0.0500    1.9500   clock uncertainty
                              0.0000    1.9500   clock reconvergence pessimism
                                        1.9500 ^ acc_out[34]_DFF_X1_Q/CK (DFF_X1)
                             -0.0293    1.9207   library setup time
                                        1.9207   data required time
-------------------------------------------------------------------------------------
                                        1.9207   data required time
                                       -2.2780   data arrival time
-------------------------------------------------------------------------------------
                                       -0.3573   slack (VIOLATED)


Startpoint: b1[0]_AND2_X1_A2_ZN_DFF_X1_D
            (rising edge-triggered flip-flop clocked by clk)
Endpoint: acc_out[35]_DFF_X1_Q (rising edge-triggered flip-flop clocked by clk)
Path Group: clk
Path Type: max

Fanout       Cap      Slew     Delay      Time   Description
-------------------------------------------------------------------------------------
                    0.0500    0.0000    0.0000   clock clk (rise edge)
                              0.0000    0.0000   clock network delay (ideal)
                    0.0500    0.0000    0.0000 ^ b1[0]_AND2_X1_A2_ZN_DFF_X1_D/CK (DFF_X1)
    42   57.0488    0.1329    0.2293    0.2293 ^ b1[0]_AND2_X1_A2_ZN_DFF_X1_D/Q (DFF_X1)
                    0.1329    0.0000    0.2293 ^ acc_out[8]_DFF_X1_Q_D_AND3_X1_ZN_A2_OR3_X1_ZN_A1_AND3_X1_ZN_A1_OR3_X1_ZN_A1_AND3_X1_ZN_A1_OR3_X1_ZN_A1_AND4_X1_ZN_A1_OR3_X1_ZN_A1_AND4_X1_ZN_A4_OAI21_X1_ZN_B1_AOI21_X1_ZN_B2_OR3_X1_ZN_A2_AND3_X1_ZN_A1_OR3_X1_ZN_A1_AND3_X1_ZN_A1_OR3_X1_ZN_A1_AND3_X1_ZN_A1_OR3_X1_ZN_A3_AOI22_X1_ZN/B1 (AOI22_X1)
     3    3.9140    0.0405    0.0468    0.2761 v acc_out[8]_DFF_X1_Q_D_AND3_X1_ZN_A2_OR3_X1_ZN_A1_AND3_X1_ZN_A1_OR3_X1_ZN_A1_AND3_X1_ZN_A1_OR3_X1_ZN_A1_AND4_X1_ZN_A1_OR3_X1_ZN_A1_AND4_X1_ZN_A4_OAI21_X1_ZN_B1_AOI21_X1_ZN_B2_OR3_X1_ZN_A2_AND3_X1_ZN_A1_OR3_X1_ZN_A1_AND3_X1_ZN_A1_OR3_X1_ZN_A1_AND3_X1_ZN_A1_OR3_X1_ZN_A3_AOI22_X1_ZN/ZN (AOI22_X1)
                    0.0405    0.0000    0.2761 v acc_out[8]_DFF_X1_Q_D_AND3_X1_ZN_A2_OR3_X1_ZN_A1_AND3_X1_ZN_A1_OR3_X1_ZN_A1_AND3_X1_ZN_A1_OR3_X1_ZN_A1_AND4_X1_ZN_A1_OR3_X1_ZN_A1_AND4_X1_ZN_A4_OAI21_X1_ZN_B1_AOI21_X1_ZN_B2_OR3_X1_ZN_A2_AND3_X1_ZN_A1_OR3_X1_ZN_A1_AND3_X1_ZN_A1_OR3_X1_ZN_A1_AND3_X1_ZN_A1_OR3_X1_ZN/A3 (OR3_X1)
     3    3.8381    0.0158    0.0971    0.3732 v acc_out[8]_DFF_X1_Q_D_AND3_X1_ZN_A2_OR3_X1_ZN_A1_AND3_X1_ZN_A1_OR3_X1_ZN_A1_AND3_X1_ZN_A1_OR3_X1_ZN_A1_AND4_X1_ZN_A1_OR3_X1_ZN_A1_AND4_X1_ZN_A4_OAI21_X1_ZN_B1_AOI21_X1_ZN_B2_OR3_X1_ZN_A2_AND3_X1_ZN_A1_OR3_X1_ZN_A1_AND3_X1_ZN_A1_OR3_X1_ZN_A1_AND3_X1_ZN_A1_OR3_X1_ZN/ZN (OR3_X1)
                    0.0158    0.0000    0.3732 v acc_out[8]_DFF_X1_Q_D_AND3_X1_ZN_A2_OR3_X1_ZN_A1_AND3_X1_ZN_A1_OR3_X1_ZN_A1_AND3_X1_ZN_A1_OR3_X1_ZN_A1_AND4_X1_ZN_A1_OR3_X1_ZN_A1_AND4_X1_ZN_A4_OAI21_X1_ZN_B1_AOI21_X1_ZN_B2_OR3_X1_ZN_A2_AND3_X1_ZN_A1_OR3_X1_ZN_A1_AND3_X1_ZN_A1_OR3_X1_ZN_A1_AND3_X1_ZN/A1 (AND3_X1)
     2    2.3339    0.0074    0.0355    0.4087 v acc_out[8]_DFF_X1_Q_D_AND3_X1_ZN_A2_OR3_X1_ZN_A1_AND3_X1_ZN_A1_OR3_X1_ZN_A1_AND3_X1_ZN_A1_OR3_X1_ZN_A1_AND4_X1_ZN_A1_OR3_X1_ZN_A1_AND4_X1_ZN_A4_OAI21_X1_ZN_B1_AOI21_X1_ZN_B2_OR3_X1_ZN_A2_AND3_X1_ZN_A1_OR3_X1_ZN_A1_AND3_X1_ZN_A1_OR3_X1_ZN_A1_AND3_X1_ZN/ZN (AND3_X1)
                    0.0074    0.0000    0.4087 v acc_out[8]_DFF_X1_Q_D_AND3_X1_ZN_A2_OR3_X1_ZN_A1_AND3_X1_ZN_A1_OR3_X1_ZN_A1_AND3_X1_ZN_A1_OR3_X1_ZN_A1_AND4_X1_ZN_A1_OR3_X1_ZN_A1_AND4_X1_ZN_A4_OAI21_X1_ZN_B1_AOI21_X1_ZN_B2_OR3_X1_ZN_A2_AND3_X1_ZN_A1_OR3_X1_ZN_A1_AND3_X1_ZN_A1_OR3_X1_ZN/A1 (OR3_X1)
     3    3.8381    0.0158    0.0706    0.4793 v acc_out[8]_DFF_X1_Q_D_AND3_X1_ZN_A2_OR3_X1_ZN_A1_AND3_X1_ZN_A1_OR3_X1_ZN_A1_AND3_X1_ZN_A1_OR3_X1_ZN_A1_AND4_X1_ZN_A1_OR3_X1_ZN_A1_AND4_X1_ZN_A4_OAI21_X1_ZN_B1_AOI21_X1_ZN_B2_OR3_X1_ZN_A2_AND3_X1_ZN_A1_OR3_X1_ZN_A1_AND3_X1_ZN_A1_OR3_X1_ZN/ZN (OR3_X1)
                    0.0158    0.0000    0.4793 v acc_out[8]_DFF_X1_Q_D_AND3_X1_ZN_A2_OR3_X1_ZN_A1_AND3_X1_ZN_A1_OR3_X1_ZN_A1_AND3_X1_ZN_A1_OR3_X1_ZN_A1_AND4_X1_ZN_A1_OR3_X1_ZN_A1_AND4_X1_ZN_A4_OAI21_X1_ZN_B1_AOI21_X1_ZN_B2_OR3_X1_ZN_A2_AND3_X1_ZN_A1_OR3_X1_ZN_A1_AND3_X1_ZN/A1 (AND3_X1)
     2    2.3339    0.0074    0.0355    0.5148 v acc_out[8]_DFF_X1_Q_D_AND3_X1_ZN_A2_OR3_X1_ZN_A1_AND3_X1_ZN_A1_OR3_X1_ZN_A1_AND3_X1_ZN_A1_OR3_X1_ZN_A1_AND4_X1_ZN_A1_OR3_X1_ZN_A1_AND4_X1_ZN_A4_OAI21_X1_ZN_B1_AOI21_X1_ZN_B2_OR3_X1_ZN_A2_AND3_X1_ZN_A1_OR3_X1_ZN_A1_AND3_X1_ZN/ZN (AND3_X1)
                    0.0074    0.0000    0.5148 v acc_out[8]_DFF_X1_Q_D_AND3_X1_ZN_A2_OR3_X1_ZN_A1_AND3_X1_ZN_A1_OR3_X1_ZN_A1_AND3_X1_ZN_A1_OR3_X1_ZN_A1_AND4_X1_ZN_A1_OR3_X1_ZN_A1_AND4_X1_ZN_A4_OAI21_X1_ZN_B1_AOI21_X1_ZN_B2_OR3_X1_ZN_A2_AND3_X1_ZN_A1_OR3_X1_ZN/A1 (OR3_X1)
     2    2.2761    0.0139    0.0661    0.5809 v acc_out[8]_DFF_X1_Q_D_AND3_X1_ZN_A2_OR3_X1_ZN_A1_AND3_X1_ZN_A1_OR3_X1_ZN_A1_AND3_X1_ZN_A1_OR3_X1_ZN_A1_AND4_X1_ZN_A1_OR3_X1_ZN_A1_AND4_X1_ZN_A4_OAI21_X1_ZN_B1_AOI21_X1_ZN_B2_OR3_X1_ZN_A2_AND3_X1_ZN_A1_OR3_X1_ZN/ZN (OR3_X1)
                    0.0139    0.0000    0.5809 v acc_out[8]_DFF_X1_Q_D_AND3_X1_ZN_A2_OR3_X1_ZN_A1_AND3_X1_ZN_A1_OR3_X1_ZN_A1_AND3_X1_ZN_A1_OR3_X1_ZN_A1_AND4_X1_ZN_A1_OR3_X1_ZN_A1_AND4_X1_ZN_A4_OAI21_X1_ZN_B1_AOI21_X1_ZN_B2_OR3_X1_ZN_A2_AND3_X1_ZN/A1 (AND3_X1)
     3    3.8592    0.0089    0.0375    0.6184 v acc_out[8]_DFF_X1_Q_D_AND3_X1_ZN_A2_OR3_X1_ZN_A1_AND3_X1_ZN_A1_OR3_X1_ZN_A1_AND3_X1_ZN_A1_OR3_X1_ZN_A1_AND4_X1_ZN_A1_OR3_X1_ZN_A1_AND4_X1_ZN_A4_OAI21_X1_ZN_B1_AOI21_X1_ZN_B2_OR3_X1_ZN_A2_AND3_X1_ZN/ZN (AND3_X1)
                    0.0089    0.0000    0.6184 v acc_out[8]_DFF_X1_Q_D_AND3_X1_ZN_A2_OR3_X1_ZN_A1_AND3_X1_ZN_A1_OR3_X1_ZN_A1_AND3_X1_ZN_A1_OR3_X1_ZN_A1_AND4_X1_ZN_A1_OR3_X1_ZN_A1_AND4_X1_ZN_A4_OAI21_X1_ZN_B1_AOI21_X1_ZN_B2_OR3_X1_ZN/A2 (OR3_X1)
     3    3.7783    0.0158    0.0822    0.7006 v acc_out[8]_DFF_X1_Q_D_AND3_X1_ZN_A2_OR3_X1_ZN_A1_AND3_X1_ZN_A1_OR3_X1_ZN_A1_AND3_X1_ZN_A1_OR3_X1_ZN_A1_AND4_X1_ZN_A1_OR3_X1_ZN_A1_AND4_X1_ZN_A4_OAI21_X1_ZN_B1_AOI21_X1_ZN_B2_OR3_X1_ZN/ZN (OR3_X1)
                    0.0158    0.0000    0.7006 v acc_out[8]_DFF_X1_Q_D_AND3_X1_ZN_A2_OR3_X1_ZN_A1_AND3_X1_ZN_A1_OR3_X1_ZN_A1_AND3_X1_ZN_A1_OR3_X1_ZN_A1_AND4_X1_ZN_A1_OR3_X1_ZN_A1_AND4_X1_ZN_A4_OAI21_X1_ZN_B1_AOI21_X1_ZN_A_AND3_X1_A2/A1 (AND3_X1)
     6    9.0194    0.0138    0.0464    0.7470 v acc_out[8]_DFF_X1_Q_D_AND3_X1_ZN_A2_OR3_X1_ZN_A1_AND3_X1_ZN_A1_OR3_X1_ZN_A1_AND3_X1_ZN_A1_OR3_X1_ZN_A1_AND4_X1_ZN_A1_OR3_X1_ZN_A1_AND4_X1_ZN_A4_OAI21_X1_ZN_B1_AOI21_X1_ZN_A_AND3_X1_A2/ZN (AND3_X1)
                    0.0138    0.0000    0.7470 v acc_out[8]_DFF_X1_Q_D_AND3_X1_ZN_A2_OR3_X1_ZN_A1_AND3_X1_ZN_A1_OR3_X1_ZN_A1_AND3_X1_ZN_A1_OR3_X1_ZN_A1_AND4_X1_ZN_A1_OR3_X1_ZN_A1_AND4_X1_ZN_A4_OAI21_X1_ZN_A_OR3_X1_A2/A1 (OR3_X1)
     4    6.0248    0.0183    0.0779    0.8248 v acc_out[8]_DFF_X1_Q_D_AND3_X1_ZN_A2_OR3_X1_ZN_A1_AND3_X1_ZN_A1_OR3_X1_ZN_A1_AND3_X1_ZN_A1_OR3_X1_ZN_A1_AND4_X1_ZN_A1_OR3_X1_ZN_A1_AND4_X1_ZN_A4_OAI21_X1_ZN_A_OR3_X1_A2/ZN (OR3_X1)
                    0.0183    0.0000    0.8248 v acc_out[8]_DFF_X1_Q_D_AND3_X1_ZN_A2_OR3_X1_ZN_A1_AND3_X1_ZN_A1_OR3_X1_ZN_A1_AND3_X1_ZN_A1_OR3_X1_ZN_A1_AND4_X1_ZN_A1_OR3_X1_ZN_A3_AOI22_X1_ZN/B2 (AOI22_X1)
     3    4.1555    0.0361    0.0625    0.8873 ^ acc_out[8]_DFF_X1_Q_D_AND3_X1_ZN_A2_OR3_X1_ZN_A1_AND3_X1_ZN_A1_OR3_X1_ZN_A1_AND3_X1_ZN_A1_OR3_X1_ZN_A1_AND4_X1_ZN_A1_OR3_X1_ZN_A3_AOI22_X1_ZN/ZN (AOI22_X1)
                    0.0361    0.0000    0.8873 ^ acc_out[9]_DFF_X1_Q_D_NOR2_X1_ZN_A2_XNOR2_X1_ZN_B_XOR2_X1_Z_B_XNOR2_X1_ZN_A_XOR2_X1_Z_B_XNOR2_X1_ZN_B_XOR2_X1_Z_B_XNOR2_X1_ZN_B_OAI21_X1_ZN/B2 (OAI21_X1)
     2    3.7781    0.0173    0.0292    0.9166 v acc_out[9]_DFF_X1_Q_D_NOR2_X1_ZN_A2_XNOR2_X1_ZN_B_XOR2_X1_Z_B_XNOR2_X1_ZN_A_XOR2_X1_Z_B_XNOR2_X1_ZN_B_XOR2_X1_Z_B_XNOR2_X1_ZN_B_OAI21_X1_ZN/ZN (OAI21_X1)
                    0.0173    0.0000    0.9166 v acc_out[9]_DFF_X1_Q_D_NOR2_X1_ZN_A2_XNOR2_X1_ZN_B_XOR2_X1_Z_B_XNOR2_X1_ZN_A_XOR2_X1_Z_B_XNOR2_X1_ZN_B_XOR2_X1_Z_B_XNOR2_X1_ZN/B (XNOR2_X1)
     2    3.9753    0.0163    0.0476    0.9642 v acc_out[9]_DFF_X1_Q_D_NOR2_X1_ZN_A2_XNOR2_X1_ZN_B_XOR2_X1_Z_B_XNOR2_X1_ZN_A_XOR2_X1_Z_B_XNOR2_X1_ZN_B_XOR2_X1_Z_B_XNOR2_X1_ZN/ZN (XNOR2_X1)
                    0.0163    0.0000    0.9642 v acc_out[9]_DFF_X1_Q_D_NOR2_X1_ZN_A2_XNOR2_X1_ZN_B_XOR2_X1_Z_B_XNOR2_X1_ZN_A_XOR2_X1_Z_B_XNOR2_X1_ZN_B_XOR2_X1_Z/B (XOR2_X1)
     2    3.7781    0.0144    0.0620    1.0261 v acc_out[9]_DFF_X1_Q_D_NOR2_X1_ZN_A2_XNOR2_X1_ZN_B_XOR2_X1_Z_B_XNOR2_X1_ZN_A_XOR2_X1_Z_B_XNOR2_X1_ZN_B_XOR2_X1_Z/Z (XOR2_X1)
                    0.0144    0.0000    1.0261 v acc_out[10]_DFF_X1_Q_D_AOI21_X1_ZN_B2_XNOR2_X1_ZN_B_XOR2_X1_Z_A_XNOR2_X1_ZN_B_XNOR2_X1_ZN_B_AOI21_X1_ZN/B2 (AOI21_X1)
     2    4.1455    0.0330    0.0456    1.0717 ^ acc_out[10]_DFF_X1_Q_D_AOI21_X1_ZN_B2_XNOR2_X1_ZN_B_XOR2_X1_Z_A_XNOR2_X1_ZN_B_XNOR2_X1_ZN_B_AOI21_X1_ZN/ZN (AOI21_X1)
                    0.0330    0.0000    1.0717 ^ acc_out[10]_DFF_X1_Q_D_AOI21_X1_ZN_B2_XNOR2_X1_ZN_B_XOR2_X1_Z_A_XNOR2_X1_ZN_B_XNOR2_X1_ZN_B_OAI21_X1_B2/B2 (OAI21_X1)
     2    3.6281    0.0163    0.0279    1.0996 v acc_out[10]_DFF_X1_Q_D_AOI21_X1_ZN_B2_XNOR2_X1_ZN_B_XOR2_X1_Z_A_XNOR2_X1_ZN_B_XNOR2_X1_ZN_B_OAI21_X1_B2/ZN (OAI21_X1)
                    0.0163    0.0000    1.0996 v acc_out[11]_DFF_X1_Q_D_NOR2_X1_ZN_A2_XNOR2_X1_ZN_A_XOR2_X1_Z_B_XOR2_X1_Z_B_XOR2_X1_Z_B_XOR2_X1_Z/A (XOR2_X1)
     2    3.3056    0.0136    0.0561    1.1557 v acc_out[11]_DFF_X1_Q_D_NOR2_X1_ZN_A2_XNOR2_X1_ZN_A_XOR2_X1_Z_B_XOR2_X1_Z_B_XOR2_X1_Z_B_XOR2_X1_Z/Z (XOR2_X1)
                    0.0136    0.0000    1.1557 v acc_out[11]_DFF_X1_Q_D_NOR2_X1_ZN_A2_XNOR2_X1_ZN_A_XOR2_X1_Z_B_XOR2_X1_Z_B_XOR2_X1_Z/B (XOR2_X1)
     2    3.8214    0.0143    0.0609    1.2166 v acc_out[11]_DFF_X1_Q_D_NOR2_X1_ZN_A2_XNOR2_X1_ZN_A_XOR2_X1_Z_B_XOR2_X1_Z_B_XOR2_X1_Z/Z (XOR2_X1)
                    0.0143    0.0000    1.2166 v acc_out[12]_DFF_X1_Q_D_AOI21_X1_ZN_B2_XNOR2_X1_ZN_B_XOR2_X1_Z_B_AOI21_X1_ZN/B2 (AOI21_X1)
     2    3.9354    0.0320    0.0445    1.2611 ^ acc_out[12]_DFF_X1_Q_D_AOI21_X1_ZN_B2_XNOR2_X1_ZN_B_XOR2_X1_Z_B_AOI21_X1_ZN/ZN (AOI21_X1)
                    0.0320    0.0000    1.2611 ^ acc_out[12]_DFF_X1_Q_D_AOI21_X1_ZN_B2_XNOR2_X1_ZN_B_XOR2_X1_Z_A_OAI21_X1_B1/B2 (OAI21_X1)
     2    3.8214    0.0164    0.0281    1.2892 v acc_out[12]_DFF_X1_Q_D_AOI21_X1_ZN_B2_XNOR2_X1_ZN_B_XOR2_X1_Z_A_OAI21_X1_B1/ZN (OAI21_X1)
                    0.0164    0.0000    1.2892 v acc_out[13]_DFF_X1_Q_D_AND2_X1_ZN_A1_OR2_X1_ZN_A2_XOR2_X1_Z_B_XOR2_X1_Z/B (XOR2_X1)
     2    3.3056    0.0144    0.0612    1.3504 v acc_out[13]_DFF_X1_Q_D_AND2_X1_ZN_A1_OR2_X1_ZN_A2_XOR2_X1_Z_B_XOR2_X1_Z/Z (XOR2_X1)
                    0.0144    0.0000    1.3504 v acc_out[13]_DFF_X1_Q_D_AND2_X1_ZN_A1_OR2_X1_ZN_A2_XOR2_X1_Z/B (XOR2_X1)
     3    3.7153    0.0142    0.0611    1.4115 v acc_out[13]_DFF_X1_Q_D_AND2_X1_ZN_A1_OR2_X1_ZN_A2_XOR2_X1_Z/Z (XOR2_X1)
                    0.0142    0.0000    1.4115 v acc_out[14]_DFF_X1_Q_D_AOI21_X1_ZN_B2_AOI21_X1_ZN/B2 (AOI21_X1)
     3    5.0010    0.0370    0.0498    1.4613 ^ acc_out[14]_DFF_X1_Q_D_AOI21_X1_ZN_B2_AOI21_X1_ZN/ZN (AOI21_X1)
                    0.0370    0.0000    1.4613 ^ acc_out[14]_DFF_X1_Q_D_AOI21_X1_ZN_B2_OAI21_X1_B1/B1 (OAI21_X1)
     2    3.7781    0.0166    0.0261    1.4874 v acc_out[14]_DFF_X1_Q_D_AOI21_X1_ZN_B2_OAI21_X1_B1/ZN (OAI21_X1)
                    0.0166    0.0000    1.4874 v acc_out[16]_DFF_X1_Q_D_AOI21_X1_ZN_B1_AOI21_X1_ZN/B2 (AOI21_X1)
     3    4.7908    0.0360    0.0497    1.5371 ^ acc_out[16]_DFF_X1_Q_D_AOI21_X1_ZN_B1_AOI21_X1_ZN/ZN (AOI21_X1)
                    0.0360    0.0000    1.5371 ^ acc_out[16]_DFF_X1_Q_D_AOI21_X1_ZN_B2_OAI21_X1_B1/B2 (OAI21_X1)
     3    3.7347    0.0172    0.0291    1.5662 v acc_out[16]_DFF_X1_Q_D_AOI21_X1_ZN_B2_OAI21_X1_B1/ZN (OAI21_X1)
                    0.0172    0.0000    1.5662 v acc_out[18]_DFF_X1_Q_D_AOI21_X1_ZN_B1_AOI21_X1_ZN/B1 (AOI21_X1)
     3    4.7908    0.0360    0.0450    1.6112 ^ acc_out[18]_DFF_X1_Q_D_AOI21_X1_ZN_B1_AOI21_X1_ZN/ZN (AOI21_X1)
                    0.0360    0.0000    1.6112 ^ acc_out[18]_DFF_X1_Q_D_AOI21_X1_ZN_B2_OAI21_X1_B1/B2 (OAI21_X1)
     2    3.5727    0.0170    0.0286    1.6399 v acc_out[18]_DFF_X1_Q_D_AOI21_X1_ZN_B2_OAI21_X1_B1/ZN (OAI21_X1)
                    0.0170    0.0000    1.6399 v acc_out[20]_DFF_X1_Q_D_AOI21_X1_ZN_B1_AOI21_X1_ZN/B1 (AOI21_X1)
     3    4.7908    0.0360    0.0450    1.6848 ^ acc_out[20]_DFF_X1_Q_D_AOI21_X1_ZN_B1_AOI21_X1_ZN/ZN (AOI21_X1)
                    0.0360    0.0000    1.6848 ^ acc_out[20]_DFF_X1_Q_D_AOI21_X1_ZN_B2_OAI21_X1_B1/B2 (OAI21_X1)
     3    3.7347    0.0172    0.0291    1.7139 v acc_out[20]_DFF_X1_Q_D_AOI21_X1_ZN_B2_OAI21_X1_B1/ZN (OAI21_X1)
                    0.0172    0.0000    1.7139 v acc_out[22]_DFF_X1_Q_D_AOI21_X1_ZN_B1_AOI21_X1_ZN/B1 (AOI21_X1)
     3    4.7908    0.0360    0.0450    1.7589 ^ acc_out[22]_DFF_X1_Q_D_AOI21_X1_ZN_B1_AOI21_X1_ZN/ZN (AOI21_X1)
                    0.0360    0.0000    1.7589 ^ acc_out[22]_DFF_X1_Q_D_AOI21_X1_ZN_B2_OAI21_X1_B1/B2 (OAI21_X1)
     2    3.5727    0.0170    0.0286    1.7876 v acc_out[22]_DFF_X1_Q_D_AOI21_X1_ZN_B2_OAI21_X1_B1/ZN (OAI21_X1)
                    0.0170    0.0000    1.7876 v acc_out[24]_DFF_X1_Q_D_AOI21_X1_ZN_B1_AOI21_X1_ZN/B1 (AOI21_X1)
     3    4.7908    0.0360    0.0450    1.8325 ^ acc_out[24]_DFF_X1_Q_D_AOI21_X1_ZN_B1_AOI21_X1_ZN/ZN (AOI21_X1)
                    0.0360    0.0000    1.8325 ^ acc_out[24]_DFF_X1_Q_D_AOI21_X1_ZN_B2_OAI21_X1_B1/B2 (OAI21_X1)
     3    3.8679    0.0174    0.0294    1.8620 v acc_out[24]_DFF_X1_Q_D_AOI21_X1_ZN_B2_OAI21_X1_B1/ZN (OAI21_X1)
                    0.0174    0.0000    1.8620 v acc_out[26]_DFF_X1_Q_D_AOI21_X1_ZN_B1_AOI21_X1_ZN/B2 (AOI21_X1)
     3    4.7908    0.0360    0.0501    1.9120 ^ acc_out[26]_DFF_X1_Q_D_AOI21_X1_ZN_B1_AOI21_X1_ZN/ZN (AOI21_X1)
                    0.0360    0.0000    1.9120 ^ acc_out[26]_DFF_X1_Q_D_AOI21_X1_ZN_B2_OAI21_X1_B1/B2 (OAI21_X1)
     3    3.7347    0.0172    0.0291    1.9411 v acc_out[26]_DFF_X1_Q_D_AOI21_X1_ZN_B2_OAI21_X1_B1/ZN (OAI21_X1)
                    0.0172    0.0000    1.9411 v acc_out[28]_DFF_X1_Q_D_AOI21_X1_ZN_B1_AOI21_X1_ZN/B1 (AOI21_X1)
     3    4.7908    0.0360    0.0450    1.9861 ^ acc_out[28]_DFF_X1_Q_D_AOI21_X1_ZN_B1_AOI21_X1_ZN/ZN (AOI21_X1)
                    0.0360    0.0000    1.9861 ^ acc_out[28]_DFF_X1_Q_D_AOI21_X1_ZN_B2_OAI21_X1_B1/B2 (OAI21_X1)
     3    3.8679    0.0174    0.0294    2.0156 v acc_out[28]_DFF_X1_Q_D_AOI21_X1_ZN_B2_OAI21_X1_B1/ZN (OAI21_X1)
                    0.0174    0.0000    2.0156 v acc_out[30]_DFF_X1_Q_D_AOI21_X1_ZN_B2_AOI21_X1_ZN/B2 (AOI21_X1)
     3    5.0010    0.0370    0.0511    2.0667 ^ acc_out[30]_DFF_X1_Q_D_AOI21_X1_ZN_B2_AOI21_X1_ZN/ZN (AOI21_X1)
                    0.0370    0.0000    2.0667 ^ acc_out[30]_DFF_X1_Q_D_AOI21_X1_ZN_B2_OAI21_X1_B1/B1 (OAI21_X1)
     3    4.5080    0.0176    0.0281    2.0948 v acc_out[30]_DFF_X1_Q_D_AOI21_X1_ZN_B2_OAI21_X1_B1/ZN (OAI21_X1)
                    0.0176    0.0000    2.0948 v acc_out[31]_DFF_X1_Q_D_NOR2_X1_ZN_A2_XNOR2_X1_ZN_A_OR3_X1_A3/A3 (OR3_X1)
     3    3.2234    0.0151    0.0881    2.1829 v acc_out[31]_DFF_X1_Q_D_NOR2_X1_ZN_A2_XNOR2_X1_ZN_A_OR3_X1_A3/ZN (OR3_X1)
                    0.0151    0.0000    2.1829 v acc_out[32]_DFF_X1_Q_D_NOR3_X1_ZN_A3_AND3_X1_ZN_A2_OR2_X1_A2/A2 (OR2_X1)
     7   10.1278    0.0177    0.0684    2.2513 v acc_out[32]_DFF_X1_Q_D_NOR3_X1_ZN_A3_AND3_X1_ZN_A2_OR2_X1_A2/ZN (OR2_X1)
                    0.0177    0.0000    2.2513 v acc_out[35]_DFF_X1_Q_D_AOI21_X1_ZN/B1 (AOI21_X1)
     1    1.1403    0.0203    0.0267    2.2780 ^ acc_out[35]_DFF_X1_Q_D_AOI21_X1_ZN/ZN (AOI21_X1)
                    0.0203    0.0000    2.2780 ^ acc_out[35]_DFF_X1_Q/D (DFF_X1)
                                        2.2780   data arrival time

                    0.0500    2.0000    2.0000   clock clk (rise edge)
                              0.0000    2.0000   clock network delay (ideal)
                             -0.0500    1.9500   clock uncertainty
                              0.0000    1.9500   clock reconvergence pessimism
                                        1.9500 ^ acc_out[35]_DFF_X1_Q/CK (DFF_X1)
                             -0.0293    1.9207   library setup time
                                        1.9207   data required time
-------------------------------------------------------------------------------------
                                        1.9207   data required time
                                       -2.2780   data arrival time
-------------------------------------------------------------------------------------
                                       -0.3573   slack (VIOLATED)


Startpoint: b1[0]_AND2_X1_A2_ZN_DFF_X1_D
            (rising edge-triggered flip-flop clocked by clk)
Endpoint: acc_out[36]_DFF_X1_Q (rising edge-triggered flip-flop clocked by clk)
Path Group: clk
Path Type: max

Fanout       Cap      Slew     Delay      Time   Description
-------------------------------------------------------------------------------------
                    0.0500    0.0000    0.0000   clock clk (rise edge)
                              0.0000    0.0000   clock network delay (ideal)
                    0.0500    0.0000    0.0000 ^ b1[0]_AND2_X1_A2_ZN_DFF_X1_D/CK (DFF_X1)
    42   57.0488    0.1329    0.2293    0.2293 ^ b1[0]_AND2_X1_A2_ZN_DFF_X1_D/Q (DFF_X1)
                    0.1329    0.0000    0.2293 ^ acc_out[8]_DFF_X1_Q_D_AND3_X1_ZN_A2_OR3_X1_ZN_A1_AND3_X1_ZN_A1_OR3_X1_ZN_A1_AND3_X1_ZN_A1_OR3_X1_ZN_A1_AND4_X1_ZN_A1_OR3_X1_ZN_A1_AND4_X1_ZN_A4_OAI21_X1_ZN_B1_AOI21_X1_ZN_B2_OR3_X1_ZN_A2_AND3_X1_ZN_A1_OR3_X1_ZN_A1_AND3_X1_ZN_A1_OR3_X1_ZN_A1_AND3_X1_ZN_A1_OR3_X1_ZN_A3_AOI22_X1_ZN/B1 (AOI22_X1)
     3    3.9140    0.0405    0.0468    0.2761 v acc_out[8]_DFF_X1_Q_D_AND3_X1_ZN_A2_OR3_X1_ZN_A1_AND3_X1_ZN_A1_OR3_X1_ZN_A1_AND3_X1_ZN_A1_OR3_X1_ZN_A1_AND4_X1_ZN_A1_OR3_X1_ZN_A1_AND4_X1_ZN_A4_OAI21_X1_ZN_B1_AOI21_X1_ZN_B2_OR3_X1_ZN_A2_AND3_X1_ZN_A1_OR3_X1_ZN_A1_AND3_X1_ZN_A1_OR3_X1_ZN_A1_AND3_X1_ZN_A1_OR3_X1_ZN_A3_AOI22_X1_ZN/ZN (AOI22_X1)
                    0.0405    0.0000    0.2761 v acc_out[8]_DFF_X1_Q_D_AND3_X1_ZN_A2_OR3_X1_ZN_A1_AND3_X1_ZN_A1_OR3_X1_ZN_A1_AND3_X1_ZN_A1_OR3_X1_ZN_A1_AND4_X1_ZN_A1_OR3_X1_ZN_A1_AND4_X1_ZN_A4_OAI21_X1_ZN_B1_AOI21_X1_ZN_B2_OR3_X1_ZN_A2_AND3_X1_ZN_A1_OR3_X1_ZN_A1_AND3_X1_ZN_A1_OR3_X1_ZN_A1_AND3_X1_ZN_A1_OR3_X1_ZN/A3 (OR3_X1)
     3    3.8381    0.0158    0.0971    0.3732 v acc_out[8]_DFF_X1_Q_D_AND3_X1_ZN_A2_OR3_X1_ZN_A1_AND3_X1_ZN_A1_OR3_X1_ZN_A1_AND3_X1_ZN_A1_OR3_X1_ZN_A1_AND4_X1_ZN_A1_OR3_X1_ZN_A1_AND4_X1_ZN_A4_OAI21_X1_ZN_B1_AOI21_X1_ZN_B2_OR3_X1_ZN_A2_AND3_X1_ZN_A1_OR3_X1_ZN_A1_AND3_X1_ZN_A1_OR3_X1_ZN_A1_AND3_X1_ZN_A1_OR3_X1_ZN/ZN (OR3_X1)
                    0.0158    0.0000    0.3732 v acc_out[8]_DFF_X1_Q_D_AND3_X1_ZN_A2_OR3_X1_ZN_A1_AND3_X1_ZN_A1_OR3_X1_ZN_A1_AND3_X1_ZN_A1_OR3_X1_ZN_A1_AND4_X1_ZN_A1_OR3_X1_ZN_A1_AND4_X1_ZN_A4_OAI21_X1_ZN_B1_AOI21_X1_ZN_B2_OR3_X1_ZN_A2_AND3_X1_ZN_A1_OR3_X1_ZN_A1_AND3_X1_ZN_A1_OR3_X1_ZN_A1_AND3_X1_ZN/A1 (AND3_X1)
     2    2.3339    0.0074    0.0355    0.4087 v acc_out[8]_DFF_X1_Q_D_AND3_X1_ZN_A2_OR3_X1_ZN_A1_AND3_X1_ZN_A1_OR3_X1_ZN_A1_AND3_X1_ZN_A1_OR3_X1_ZN_A1_AND4_X1_ZN_A1_OR3_X1_ZN_A1_AND4_X1_ZN_A4_OAI21_X1_ZN_B1_AOI21_X1_ZN_B2_OR3_X1_ZN_A2_AND3_X1_ZN_A1_OR3_X1_ZN_A1_AND3_X1_ZN_A1_OR3_X1_ZN_A1_AND3_X1_ZN/ZN (AND3_X1)
                    0.0074    0.0000    0.4087 v acc_out[8]_DFF_X1_Q_D_AND3_X1_ZN_A2_OR3_X1_ZN_A1_AND3_X1_ZN_A1_OR3_X1_ZN_A1_AND3_X1_ZN_A1_OR3_X1_ZN_A1_AND4_X1_ZN_A1_OR3_X1_ZN_A1_AND4_X1_ZN_A4_OAI21_X1_ZN_B1_AOI21_X1_ZN_B2_OR3_X1_ZN_A2_AND3_X1_ZN_A1_OR3_X1_ZN_A1_AND3_X1_ZN_A1_OR3_X1_ZN/A1 (OR3_X1)
     3    3.8381    0.0158    0.0706    0.4793 v acc_out[8]_DFF_X1_Q_D_AND3_X1_ZN_A2_OR3_X1_ZN_A1_AND3_X1_ZN_A1_OR3_X1_ZN_A1_AND3_X1_ZN_A1_OR3_X1_ZN_A1_AND4_X1_ZN_A1_OR3_X1_ZN_A1_AND4_X1_ZN_A4_OAI21_X1_ZN_B1_AOI21_X1_ZN_B2_OR3_X1_ZN_A2_AND3_X1_ZN_A1_OR3_X1_ZN_A1_AND3_X1_ZN_A1_OR3_X1_ZN/ZN (OR3_X1)
                    0.0158    0.0000    0.4793 v acc_out[8]_DFF_X1_Q_D_AND3_X1_ZN_A2_OR3_X1_ZN_A1_AND3_X1_ZN_A1_OR3_X1_ZN_A1_AND3_X1_ZN_A1_OR3_X1_ZN_A1_AND4_X1_ZN_A1_OR3_X1_ZN_A1_AND4_X1_ZN_A4_OAI21_X1_ZN_B1_AOI21_X1_ZN_B2_OR3_X1_ZN_A2_AND3_X1_ZN_A1_OR3_X1_ZN_A1_AND3_X1_ZN/A1 (AND3_X1)
     2    2.3339    0.0074    0.0355    0.5148 v acc_out[8]_DFF_X1_Q_D_AND3_X1_ZN_A2_OR3_X1_ZN_A1_AND3_X1_ZN_A1_OR3_X1_ZN_A1_AND3_X1_ZN_A1_OR3_X1_ZN_A1_AND4_X1_ZN_A1_OR3_X1_ZN_A1_AND4_X1_ZN_A4_OAI21_X1_ZN_B1_AOI21_X1_ZN_B2_OR3_X1_ZN_A2_AND3_X1_ZN_A1_OR3_X1_ZN_A1_AND3_X1_ZN/ZN (AND3_X1)
                    0.0074    0.0000    0.5148 v acc_out[8]_DFF_X1_Q_D_AND3_X1_ZN_A2_OR3_X1_ZN_A1_AND3_X1_ZN_A1_OR3_X1_ZN_A1_AND3_X1_ZN_A1_OR3_X1_ZN_A1_AND4_X1_ZN_A1_OR3_X1_ZN_A1_AND4_X1_ZN_A4_OAI21_X1_ZN_B1_AOI21_X1_ZN_B2_OR3_X1_ZN_A2_AND3_X1_ZN_A1_OR3_X1_ZN/A1 (OR3_X1)
     2    2.2761    0.0139    0.0661    0.5809 v acc_out[8]_DFF_X1_Q_D_AND3_X1_ZN_A2_OR3_X1_ZN_A1_AND3_X1_ZN_A1_OR3_X1_ZN_A1_AND3_X1_ZN_A1_OR3_X1_ZN_A1_AND4_X1_ZN_A1_OR3_X1_ZN_A1_AND4_X1_ZN_A4_OAI21_X1_ZN_B1_AOI21_X1_ZN_B2_OR3_X1_ZN_A2_AND3_X1_ZN_A1_OR3_X1_ZN/ZN (OR3_X1)
                    0.0139    0.0000    0.5809 v acc_out[8]_DFF_X1_Q_D_AND3_X1_ZN_A2_OR3_X1_ZN_A1_AND3_X1_ZN_A1_OR3_X1_ZN_A1_AND3_X1_ZN_A1_OR3_X1_ZN_A1_AND4_X1_ZN_A1_OR3_X1_ZN_A1_AND4_X1_ZN_A4_OAI21_X1_ZN_B1_AOI21_X1_ZN_B2_OR3_X1_ZN_A2_AND3_X1_ZN/A1 (AND3_X1)
     3    3.8592    0.0089    0.0375    0.6184 v acc_out[8]_DFF_X1_Q_D_AND3_X1_ZN_A2_OR3_X1_ZN_A1_AND3_X1_ZN_A1_OR3_X1_ZN_A1_AND3_X1_ZN_A1_OR3_X1_ZN_A1_AND4_X1_ZN_A1_OR3_X1_ZN_A1_AND4_X1_ZN_A4_OAI21_X1_ZN_B1_AOI21_X1_ZN_B2_OR3_X1_ZN_A2_AND3_X1_ZN/ZN (AND3_X1)
                    0.0089    0.0000    0.6184 v acc_out[8]_DFF_X1_Q_D_AND3_X1_ZN_A2_OR3_X1_ZN_A1_AND3_X1_ZN_A1_OR3_X1_ZN_A1_AND3_X1_ZN_A1_OR3_X1_ZN_A1_AND4_X1_ZN_A1_OR3_X1_ZN_A1_AND4_X1_ZN_A4_OAI21_X1_ZN_B1_AOI21_X1_ZN_B2_OR3_X1_ZN/A2 (OR3_X1)
     3    3.7783    0.0158    0.0822    0.7006 v acc_out[8]_DFF_X1_Q_D_AND3_X1_ZN_A2_OR3_X1_ZN_A1_AND3_X1_ZN_A1_OR3_X1_ZN_A1_AND3_X1_ZN_A1_OR3_X1_ZN_A1_AND4_X1_ZN_A1_OR3_X1_ZN_A1_AND4_X1_ZN_A4_OAI21_X1_ZN_B1_AOI21_X1_ZN_B2_OR3_X1_ZN/ZN (OR3_X1)
                    0.0158    0.0000    0.7006 v acc_out[8]_DFF_X1_Q_D_AND3_X1_ZN_A2_OR3_X1_ZN_A1_AND3_X1_ZN_A1_OR3_X1_ZN_A1_AND3_X1_ZN_A1_OR3_X1_ZN_A1_AND4_X1_ZN_A1_OR3_X1_ZN_A1_AND4_X1_ZN_A4_OAI21_X1_ZN_B1_AOI21_X1_ZN_A_AND3_X1_A2/A1 (AND3_X1)
     6    9.0194    0.0138    0.0464    0.7470 v acc_out[8]_DFF_X1_Q_D_AND3_X1_ZN_A2_OR3_X1_ZN_A1_AND3_X1_ZN_A1_OR3_X1_ZN_A1_AND3_X1_ZN_A1_OR3_X1_ZN_A1_AND4_X1_ZN_A1_OR3_X1_ZN_A1_AND4_X1_ZN_A4_OAI21_X1_ZN_B1_AOI21_X1_ZN_A_AND3_X1_A2/ZN (AND3_X1)
                    0.0138    0.0000    0.7470 v acc_out[8]_DFF_X1_Q_D_AND3_X1_ZN_A2_OR3_X1_ZN_A1_AND3_X1_ZN_A1_OR3_X1_ZN_A1_AND3_X1_ZN_A1_OR3_X1_ZN_A1_AND4_X1_ZN_A1_OR3_X1_ZN_A1_AND4_X1_ZN_A4_OAI21_X1_ZN_A_OR3_X1_A2/A1 (OR3_X1)
     4    6.0248    0.0183    0.0779    0.8248 v acc_out[8]_DFF_X1_Q_D_AND3_X1_ZN_A2_OR3_X1_ZN_A1_AND3_X1_ZN_A1_OR3_X1_ZN_A1_AND3_X1_ZN_A1_OR3_X1_ZN_A1_AND4_X1_ZN_A1_OR3_X1_ZN_A1_AND4_X1_ZN_A4_OAI21_X1_ZN_A_OR3_X1_A2/ZN (OR3_X1)
                    0.0183    0.0000    0.8248 v acc_out[8]_DFF_X1_Q_D_AND3_X1_ZN_A2_OR3_X1_ZN_A1_AND3_X1_ZN_A1_OR3_X1_ZN_A1_AND3_X1_ZN_A1_OR3_X1_ZN_A1_AND4_X1_ZN_A1_OR3_X1_ZN_A3_AOI22_X1_ZN/B2 (AOI22_X1)
     3    4.1555    0.0361    0.0625    0.8873 ^ acc_out[8]_DFF_X1_Q_D_AND3_X1_ZN_A2_OR3_X1_ZN_A1_AND3_X1_ZN_A1_OR3_X1_ZN_A1_AND3_X1_ZN_A1_OR3_X1_ZN_A1_AND4_X1_ZN_A1_OR3_X1_ZN_A3_AOI22_X1_ZN/ZN (AOI22_X1)
                    0.0361    0.0000    0.8873 ^ acc_out[9]_DFF_X1_Q_D_NOR2_X1_ZN_A2_XNOR2_X1_ZN_B_XOR2_X1_Z_B_XNOR2_X1_ZN_A_XOR2_X1_Z_B_XNOR2_X1_ZN_B_XOR2_X1_Z_B_XNOR2_X1_ZN_B_OAI21_X1_ZN/B2 (OAI21_X1)
     2    3.7781    0.0173    0.0292    0.9166 v acc_out[9]_DFF_X1_Q_D_NOR2_X1_ZN_A2_XNOR2_X1_ZN_B_XOR2_X1_Z_B_XNOR2_X1_ZN_A_XOR2_X1_Z_B_XNOR2_X1_ZN_B_XOR2_X1_Z_B_XNOR2_X1_ZN_B_OAI21_X1_ZN/ZN (OAI21_X1)
                    0.0173    0.0000    0.9166 v acc_out[9]_DFF_X1_Q_D_NOR2_X1_ZN_A2_XNOR2_X1_ZN_B_XOR2_X1_Z_B_XNOR2_X1_ZN_A_XOR2_X1_Z_B_XNOR2_X1_ZN_B_XOR2_X1_Z_B_XNOR2_X1_ZN/B (XNOR2_X1)
     2    3.9753    0.0163    0.0476    0.9642 v acc_out[9]_DFF_X1_Q_D_NOR2_X1_ZN_A2_XNOR2_X1_ZN_B_XOR2_X1_Z_B_XNOR2_X1_ZN_A_XOR2_X1_Z_B_XNOR2_X1_ZN_B_XOR2_X1_Z_B_XNOR2_X1_ZN/ZN (XNOR2_X1)
                    0.0163    0.0000    0.9642 v acc_out[9]_DFF_X1_Q_D_NOR2_X1_ZN_A2_XNOR2_X1_ZN_B_XOR2_X1_Z_B_XNOR2_X1_ZN_A_XOR2_X1_Z_B_XNOR2_X1_ZN_B_XOR2_X1_Z/B (XOR2_X1)
     2    3.7781    0.0144    0.0620    1.0261 v acc_out[9]_DFF_X1_Q_D_NOR2_X1_ZN_A2_XNOR2_X1_ZN_B_XOR2_X1_Z_B_XNOR2_X1_ZN_A_XOR2_X1_Z_B_XNOR2_X1_ZN_B_XOR2_X1_Z/Z (XOR2_X1)
                    0.0144    0.0000    1.0261 v acc_out[10]_DFF_X1_Q_D_AOI21_X1_ZN_B2_XNOR2_X1_ZN_B_XOR2_X1_Z_A_XNOR2_X1_ZN_B_XNOR2_X1_ZN_B_AOI21_X1_ZN/B2 (AOI21_X1)
     2    4.1455    0.0330    0.0456    1.0717 ^ acc_out[10]_DFF_X1_Q_D_AOI21_X1_ZN_B2_XNOR2_X1_ZN_B_XOR2_X1_Z_A_XNOR2_X1_ZN_B_XNOR2_X1_ZN_B_AOI21_X1_ZN/ZN (AOI21_X1)
                    0.0330    0.0000    1.0717 ^ acc_out[10]_DFF_X1_Q_D_AOI21_X1_ZN_B2_XNOR2_X1_ZN_B_XOR2_X1_Z_A_XNOR2_X1_ZN_B_XNOR2_X1_ZN_B_OAI21_X1_B2/B2 (OAI21_X1)
     2    3.6281    0.0163    0.0279    1.0996 v acc_out[10]_DFF_X1_Q_D_AOI21_X1_ZN_B2_XNOR2_X1_ZN_B_XOR2_X1_Z_A_XNOR2_X1_ZN_B_XNOR2_X1_ZN_B_OAI21_X1_B2/ZN (OAI21_X1)
                    0.0163    0.0000    1.0996 v acc_out[11]_DFF_X1_Q_D_NOR2_X1_ZN_A2_XNOR2_X1_ZN_A_XOR2_X1_Z_B_XOR2_X1_Z_B_XOR2_X1_Z_B_XOR2_X1_Z/A (XOR2_X1)
     2    3.3056    0.0136    0.0561    1.1557 v acc_out[11]_DFF_X1_Q_D_NOR2_X1_ZN_A2_XNOR2_X1_ZN_A_XOR2_X1_Z_B_XOR2_X1_Z_B_XOR2_X1_Z_B_XOR2_X1_Z/Z (XOR2_X1)
                    0.0136    0.0000    1.1557 v acc_out[11]_DFF_X1_Q_D_NOR2_X1_ZN_A2_XNOR2_X1_ZN_A_XOR2_X1_Z_B_XOR2_X1_Z_B_XOR2_X1_Z/B (XOR2_X1)
     2    3.8214    0.0143    0.0609    1.2166 v acc_out[11]_DFF_X1_Q_D_NOR2_X1_ZN_A2_XNOR2_X1_ZN_A_XOR2_X1_Z_B_XOR2_X1_Z_B_XOR2_X1_Z/Z (XOR2_X1)
                    0.0143    0.0000    1.2166 v acc_out[12]_DFF_X1_Q_D_AOI21_X1_ZN_B2_XNOR2_X1_ZN_B_XOR2_X1_Z_B_AOI21_X1_ZN/B2 (AOI21_X1)
     2    3.9354    0.0320    0.0445    1.2611 ^ acc_out[12]_DFF_X1_Q_D_AOI21_X1_ZN_B2_XNOR2_X1_ZN_B_XOR2_X1_Z_B_AOI21_X1_ZN/ZN (AOI21_X1)
                    0.0320    0.0000    1.2611 ^ acc_out[12]_DFF_X1_Q_D_AOI21_X1_ZN_B2_XNOR2_X1_ZN_B_XOR2_X1_Z_A_OAI21_X1_B1/B2 (OAI21_X1)
     2    3.8214    0.0164    0.0281    1.2892 v acc_out[12]_DFF_X1_Q_D_AOI21_X1_ZN_B2_XNOR2_X1_ZN_B_XOR2_X1_Z_A_OAI21_X1_B1/ZN (OAI21_X1)
                    0.0164    0.0000    1.2892 v acc_out[13]_DFF_X1_Q_D_AND2_X1_ZN_A1_OR2_X1_ZN_A2_XOR2_X1_Z_B_XOR2_X1_Z/B (XOR2_X1)
     2    3.3056    0.0144    0.0612    1.3504 v acc_out[13]_DFF_X1_Q_D_AND2_X1_ZN_A1_OR2_X1_ZN_A2_XOR2_X1_Z_B_XOR2_X1_Z/Z (XOR2_X1)
                    0.0144    0.0000    1.3504 v acc_out[13]_DFF_X1_Q_D_AND2_X1_ZN_A1_OR2_X1_ZN_A2_XOR2_X1_Z/B (XOR2_X1)
     3    3.7153    0.0142    0.0611    1.4115 v acc_out[13]_DFF_X1_Q_D_AND2_X1_ZN_A1_OR2_X1_ZN_A2_XOR2_X1_Z/Z (XOR2_X1)
                    0.0142    0.0000    1.4115 v acc_out[14]_DFF_X1_Q_D_AOI21_X1_ZN_B2_AOI21_X1_ZN/B2 (AOI21_X1)
     3    5.0010    0.0370    0.0498    1.4613 ^ acc_out[14]_DFF_X1_Q_D_AOI21_X1_ZN_B2_AOI21_X1_ZN/ZN (AOI21_X1)
                    0.0370    0.0000    1.4613 ^ acc_out[14]_DFF_X1_Q_D_AOI21_X1_ZN_B2_OAI21_X1_B1/B1 (OAI21_X1)
     2    3.7781    0.0166    0.0261    1.4874 v acc_out[14]_DFF_X1_Q_D_AOI21_X1_ZN_B2_OAI21_X1_B1/ZN (OAI21_X1)
                    0.0166    0.0000    1.4874 v acc_out[16]_DFF_X1_Q_D_AOI21_X1_ZN_B1_AOI21_X1_ZN/B2 (AOI21_X1)
     3    4.7908    0.0360    0.0497    1.5371 ^ acc_out[16]_DFF_X1_Q_D_AOI21_X1_ZN_B1_AOI21_X1_ZN/ZN (AOI21_X1)
                    0.0360    0.0000    1.5371 ^ acc_out[16]_DFF_X1_Q_D_AOI21_X1_ZN_B2_OAI21_X1_B1/B2 (OAI21_X1)
     3    3.7347    0.0172    0.0291    1.5662 v acc_out[16]_DFF_X1_Q_D_AOI21_X1_ZN_B2_OAI21_X1_B1/ZN (OAI21_X1)
                    0.0172    0.0000    1.5662 v acc_out[18]_DFF_X1_Q_D_AOI21_X1_ZN_B1_AOI21_X1_ZN/B1 (AOI21_X1)
     3    4.7908    0.0360    0.0450    1.6112 ^ acc_out[18]_DFF_X1_Q_D_AOI21_X1_ZN_B1_AOI21_X1_ZN/ZN (AOI21_X1)
                    0.0360    0.0000    1.6112 ^ acc_out[18]_DFF_X1_Q_D_AOI21_X1_ZN_B2_OAI21_X1_B1/B2 (OAI21_X1)
     2    3.5727    0.0170    0.0286    1.6399 v acc_out[18]_DFF_X1_Q_D_AOI21_X1_ZN_B2_OAI21_X1_B1/ZN (OAI21_X1)
                    0.0170    0.0000    1.6399 v acc_out[20]_DFF_X1_Q_D_AOI21_X1_ZN_B1_AOI21_X1_ZN/B1 (AOI21_X1)
     3    4.7908    0.0360    0.0450    1.6848 ^ acc_out[20]_DFF_X1_Q_D_AOI21_X1_ZN_B1_AOI21_X1_ZN/ZN (AOI21_X1)
                    0.0360    0.0000    1.6848 ^ acc_out[20]_DFF_X1_Q_D_AOI21_X1_ZN_B2_OAI21_X1_B1/B2 (OAI21_X1)
     3    3.7347    0.0172    0.0291    1.7139 v acc_out[20]_DFF_X1_Q_D_AOI21_X1_ZN_B2_OAI21_X1_B1/ZN (OAI21_X1)
                    0.0172    0.0000    1.7139 v acc_out[22]_DFF_X1_Q_D_AOI21_X1_ZN_B1_AOI21_X1_ZN/B1 (AOI21_X1)
     3    4.7908    0.0360    0.0450    1.7589 ^ acc_out[22]_DFF_X1_Q_D_AOI21_X1_ZN_B1_AOI21_X1_ZN/ZN (AOI21_X1)
                    0.0360    0.0000    1.7589 ^ acc_out[22]_DFF_X1_Q_D_AOI21_X1_ZN_B2_OAI21_X1_B1/B2 (OAI21_X1)
     2    3.5727    0.0170    0.0286    1.7876 v acc_out[22]_DFF_X1_Q_D_AOI21_X1_ZN_B2_OAI21_X1_B1/ZN (OAI21_X1)
                    0.0170    0.0000    1.7876 v acc_out[24]_DFF_X1_Q_D_AOI21_X1_ZN_B1_AOI21_X1_ZN/B1 (AOI21_X1)
     3    4.7908    0.0360    0.0450    1.8325 ^ acc_out[24]_DFF_X1_Q_D_AOI21_X1_ZN_B1_AOI21_X1_ZN/ZN (AOI21_X1)
                    0.0360    0.0000    1.8325 ^ acc_out[24]_DFF_X1_Q_D_AOI21_X1_ZN_B2_OAI21_X1_B1/B2 (OAI21_X1)
     3    3.8679    0.0174    0.0294    1.8620 v acc_out[24]_DFF_X1_Q_D_AOI21_X1_ZN_B2_OAI21_X1_B1/ZN (OAI21_X1)
                    0.0174    0.0000    1.8620 v acc_out[26]_DFF_X1_Q_D_AOI21_X1_ZN_B1_AOI21_X1_ZN/B2 (AOI21_X1)
     3    4.7908    0.0360    0.0501    1.9120 ^ acc_out[26]_DFF_X1_Q_D_AOI21_X1_ZN_B1_AOI21_X1_ZN/ZN (AOI21_X1)
                    0.0360    0.0000    1.9120 ^ acc_out[26]_DFF_X1_Q_D_AOI21_X1_ZN_B2_OAI21_X1_B1/B2 (OAI21_X1)
     3    3.7347    0.0172    0.0291    1.9411 v acc_out[26]_DFF_X1_Q_D_AOI21_X1_ZN_B2_OAI21_X1_B1/ZN (OAI21_X1)
                    0.0172    0.0000    1.9411 v acc_out[28]_DFF_X1_Q_D_AOI21_X1_ZN_B1_AOI21_X1_ZN/B1 (AOI21_X1)
     3    4.7908    0.0360    0.0450    1.9861 ^ acc_out[28]_DFF_X1_Q_D_AOI21_X1_ZN_B1_AOI21_X1_ZN/ZN (AOI21_X1)
                    0.0360    0.0000    1.9861 ^ acc_out[28]_DFF_X1_Q_D_AOI21_X1_ZN_B2_OAI21_X1_B1/B2 (OAI21_X1)
     3    3.8679    0.0174    0.0294    2.0156 v acc_out[28]_DFF_X1_Q_D_AOI21_X1_ZN_B2_OAI21_X1_B1/ZN (OAI21_X1)
                    0.0174    0.0000    2.0156 v acc_out[30]_DFF_X1_Q_D_AOI21_X1_ZN_B2_AOI21_X1_ZN/B2 (AOI21_X1)
     3    5.0010    0.0370    0.0511    2.0667 ^ acc_out[30]_DFF_X1_Q_D_AOI21_X1_ZN_B2_AOI21_X1_ZN/ZN (AOI21_X1)
                    0.0370    0.0000    2.0667 ^ acc_out[30]_DFF_X1_Q_D_AOI21_X1_ZN_B2_OAI21_X1_B1/B1 (OAI21_X1)
     3    4.5080    0.0176    0.0281    2.0948 v acc_out[30]_DFF_X1_Q_D_AOI21_X1_ZN_B2_OAI21_X1_B1/ZN (OAI21_X1)
                    0.0176    0.0000    2.0948 v acc_out[31]_DFF_X1_Q_D_NOR2_X1_ZN_A2_XNOR2_X1_ZN_A_OR3_X1_A3/A3 (OR3_X1)
     3    3.2234    0.0151    0.0881    2.1829 v acc_out[31]_DFF_X1_Q_D_NOR2_X1_ZN_A2_XNOR2_X1_ZN_A_OR3_X1_A3/ZN (OR3_X1)
                    0.0151    0.0000    2.1829 v acc_out[32]_DFF_X1_Q_D_NOR3_X1_ZN_A3_AND3_X1_ZN_A2_OR2_X1_A2/A2 (OR2_X1)
     7   10.1278    0.0177    0.0684    2.2513 v acc_out[32]_DFF_X1_Q_D_NOR3_X1_ZN_A3_AND3_X1_ZN_A2_OR2_X1_A2/ZN (OR2_X1)
                    0.0177    0.0000    2.2513 v acc_out[36]_DFF_X1_Q_D_AOI21_X1_ZN/B1 (AOI21_X1)
     1    1.1403    0.0203    0.0267    2.2780 ^ acc_out[36]_DFF_X1_Q_D_AOI21_X1_ZN/ZN (AOI21_X1)
                    0.0203    0.0000    2.2780 ^ acc_out[36]_DFF_X1_Q/D (DFF_X1)
                                        2.2780   data arrival time

                    0.0500    2.0000    2.0000   clock clk (rise edge)
                              0.0000    2.0000   clock network delay (ideal)
                             -0.0500    1.9500   clock uncertainty
                              0.0000    1.9500   clock reconvergence pessimism
                                        1.9500 ^ acc_out[36]_DFF_X1_Q/CK (DFF_X1)
                             -0.0293    1.9207   library setup time
                                        1.9207   data required time
-------------------------------------------------------------------------------------
                                        1.9207   data required time
                                       -2.2780   data arrival time
-------------------------------------------------------------------------------------
                                       -0.3573   slack (VIOLATED)


Startpoint: b1[0]_AND2_X1_A2_ZN_DFF_X1_D
            (rising edge-triggered flip-flop clocked by clk)
Endpoint: acc_out[37]_DFF_X1_Q (rising edge-triggered flip-flop clocked by clk)
Path Group: clk
Path Type: max

Fanout       Cap      Slew     Delay      Time   Description
-------------------------------------------------------------------------------------
                    0.0500    0.0000    0.0000   clock clk (rise edge)
                              0.0000    0.0000   clock network delay (ideal)
                    0.0500    0.0000    0.0000 ^ b1[0]_AND2_X1_A2_ZN_DFF_X1_D/CK (DFF_X1)
    42   57.0488    0.1329    0.2293    0.2293 ^ b1[0]_AND2_X1_A2_ZN_DFF_X1_D/Q (DFF_X1)
                    0.1329    0.0000    0.2293 ^ acc_out[8]_DFF_X1_Q_D_AND3_X1_ZN_A2_OR3_X1_ZN_A1_AND3_X1_ZN_A1_OR3_X1_ZN_A1_AND3_X1_ZN_A1_OR3_X1_ZN_A1_AND4_X1_ZN_A1_OR3_X1_ZN_A1_AND4_X1_ZN_A4_OAI21_X1_ZN_B1_AOI21_X1_ZN_B2_OR3_X1_ZN_A2_AND3_X1_ZN_A1_OR3_X1_ZN_A1_AND3_X1_ZN_A1_OR3_X1_ZN_A1_AND3_X1_ZN_A1_OR3_X1_ZN_A3_AOI22_X1_ZN/B1 (AOI22_X1)
     3    3.9140    0.0405    0.0468    0.2761 v acc_out[8]_DFF_X1_Q_D_AND3_X1_ZN_A2_OR3_X1_ZN_A1_AND3_X1_ZN_A1_OR3_X1_ZN_A1_AND3_X1_ZN_A1_OR3_X1_ZN_A1_AND4_X1_ZN_A1_OR3_X1_ZN_A1_AND4_X1_ZN_A4_OAI21_X1_ZN_B1_AOI21_X1_ZN_B2_OR3_X1_ZN_A2_AND3_X1_ZN_A1_OR3_X1_ZN_A1_AND3_X1_ZN_A1_OR3_X1_ZN_A1_AND3_X1_ZN_A1_OR3_X1_ZN_A3_AOI22_X1_ZN/ZN (AOI22_X1)
                    0.0405    0.0000    0.2761 v acc_out[8]_DFF_X1_Q_D_AND3_X1_ZN_A2_OR3_X1_ZN_A1_AND3_X1_ZN_A1_OR3_X1_ZN_A1_AND3_X1_ZN_A1_OR3_X1_ZN_A1_AND4_X1_ZN_A1_OR3_X1_ZN_A1_AND4_X1_ZN_A4_OAI21_X1_ZN_B1_AOI21_X1_ZN_B2_OR3_X1_ZN_A2_AND3_X1_ZN_A1_OR3_X1_ZN_A1_AND3_X1_ZN_A1_OR3_X1_ZN_A1_AND3_X1_ZN_A1_OR3_X1_ZN/A3 (OR3_X1)
     3    3.8381    0.0158    0.0971    0.3732 v acc_out[8]_DFF_X1_Q_D_AND3_X1_ZN_A2_OR3_X1_ZN_A1_AND3_X1_ZN_A1_OR3_X1_ZN_A1_AND3_X1_ZN_A1_OR3_X1_ZN_A1_AND4_X1_ZN_A1_OR3_X1_ZN_A1_AND4_X1_ZN_A4_OAI21_X1_ZN_B1_AOI21_X1_ZN_B2_OR3_X1_ZN_A2_AND3_X1_ZN_A1_OR3_X1_ZN_A1_AND3_X1_ZN_A1_OR3_X1_ZN_A1_AND3_X1_ZN_A1_OR3_X1_ZN/ZN (OR3_X1)
                    0.0158    0.0000    0.3732 v acc_out[8]_DFF_X1_Q_D_AND3_X1_ZN_A2_OR3_X1_ZN_A1_AND3_X1_ZN_A1_OR3_X1_ZN_A1_AND3_X1_ZN_A1_OR3_X1_ZN_A1_AND4_X1_ZN_A1_OR3_X1_ZN_A1_AND4_X1_ZN_A4_OAI21_X1_ZN_B1_AOI21_X1_ZN_B2_OR3_X1_ZN_A2_AND3_X1_ZN_A1_OR3_X1_ZN_A1_AND3_X1_ZN_A1_OR3_X1_ZN_A1_AND3_X1_ZN/A1 (AND3_X1)
     2    2.3339    0.0074    0.0355    0.4087 v acc_out[8]_DFF_X1_Q_D_AND3_X1_ZN_A2_OR3_X1_ZN_A1_AND3_X1_ZN_A1_OR3_X1_ZN_A1_AND3_X1_ZN_A1_OR3_X1_ZN_A1_AND4_X1_ZN_A1_OR3_X1_ZN_A1_AND4_X1_ZN_A4_OAI21_X1_ZN_B1_AOI21_X1_ZN_B2_OR3_X1_ZN_A2_AND3_X1_ZN_A1_OR3_X1_ZN_A1_AND3_X1_ZN_A1_OR3_X1_ZN_A1_AND3_X1_ZN/ZN (AND3_X1)
                    0.0074    0.0000    0.4087 v acc_out[8]_DFF_X1_Q_D_AND3_X1_ZN_A2_OR3_X1_ZN_A1_AND3_X1_ZN_A1_OR3_X1_ZN_A1_AND3_X1_ZN_A1_OR3_X1_ZN_A1_AND4_X1_ZN_A1_OR3_X1_ZN_A1_AND4_X1_ZN_A4_OAI21_X1_ZN_B1_AOI21_X1_ZN_B2_OR3_X1_ZN_A2_AND3_X1_ZN_A1_OR3_X1_ZN_A1_AND3_X1_ZN_A1_OR3_X1_ZN/A1 (OR3_X1)
     3    3.8381    0.0158    0.0706    0.4793 v acc_out[8]_DFF_X1_Q_D_AND3_X1_ZN_A2_OR3_X1_ZN_A1_AND3_X1_ZN_A1_OR3_X1_ZN_A1_AND3_X1_ZN_A1_OR3_X1_ZN_A1_AND4_X1_ZN_A1_OR3_X1_ZN_A1_AND4_X1_ZN_A4_OAI21_X1_ZN_B1_AOI21_X1_ZN_B2_OR3_X1_ZN_A2_AND3_X1_ZN_A1_OR3_X1_ZN_A1_AND3_X1_ZN_A1_OR3_X1_ZN/ZN (OR3_X1)
                    0.0158    0.0000    0.4793 v acc_out[8]_DFF_X1_Q_D_AND3_X1_ZN_A2_OR3_X1_ZN_A1_AND3_X1_ZN_A1_OR3_X1_ZN_A1_AND3_X1_ZN_A1_OR3_X1_ZN_A1_AND4_X1_ZN_A1_OR3_X1_ZN_A1_AND4_X1_ZN_A4_OAI21_X1_ZN_B1_AOI21_X1_ZN_B2_OR3_X1_ZN_A2_AND3_X1_ZN_A1_OR3_X1_ZN_A1_AND3_X1_ZN/A1 (AND3_X1)
     2    2.3339    0.0074    0.0355    0.5148 v acc_out[8]_DFF_X1_Q_D_AND3_X1_ZN_A2_OR3_X1_ZN_A1_AND3_X1_ZN_A1_OR3_X1_ZN_A1_AND3_X1_ZN_A1_OR3_X1_ZN_A1_AND4_X1_ZN_A1_OR3_X1_ZN_A1_AND4_X1_ZN_A4_OAI21_X1_ZN_B1_AOI21_X1_ZN_B2_OR3_X1_ZN_A2_AND3_X1_ZN_A1_OR3_X1_ZN_A1_AND3_X1_ZN/ZN (AND3_X1)
                    0.0074    0.0000    0.5148 v acc_out[8]_DFF_X1_Q_D_AND3_X1_ZN_A2_OR3_X1_ZN_A1_AND3_X1_ZN_A1_OR3_X1_ZN_A1_AND3_X1_ZN_A1_OR3_X1_ZN_A1_AND4_X1_ZN_A1_OR3_X1_ZN_A1_AND4_X1_ZN_A4_OAI21_X1_ZN_B1_AOI21_X1_ZN_B2_OR3_X1_ZN_A2_AND3_X1_ZN_A1_OR3_X1_ZN/A1 (OR3_X1)
     2    2.2761    0.0139    0.0661    0.5809 v acc_out[8]_DFF_X1_Q_D_AND3_X1_ZN_A2_OR3_X1_ZN_A1_AND3_X1_ZN_A1_OR3_X1_ZN_A1_AND3_X1_ZN_A1_OR3_X1_ZN_A1_AND4_X1_ZN_A1_OR3_X1_ZN_A1_AND4_X1_ZN_A4_OAI21_X1_ZN_B1_AOI21_X1_ZN_B2_OR3_X1_ZN_A2_AND3_X1_ZN_A1_OR3_X1_ZN/ZN (OR3_X1)
                    0.0139    0.0000    0.5809 v acc_out[8]_DFF_X1_Q_D_AND3_X1_ZN_A2_OR3_X1_ZN_A1_AND3_X1_ZN_A1_OR3_X1_ZN_A1_AND3_X1_ZN_A1_OR3_X1_ZN_A1_AND4_X1_ZN_A1_OR3_X1_ZN_A1_AND4_X1_ZN_A4_OAI21_X1_ZN_B1_AOI21_X1_ZN_B2_OR3_X1_ZN_A2_AND3_X1_ZN/A1 (AND3_X1)
     3    3.8592    0.0089    0.0375    0.6184 v acc_out[8]_DFF_X1_Q_D_AND3_X1_ZN_A2_OR3_X1_ZN_A1_AND3_X1_ZN_A1_OR3_X1_ZN_A1_AND3_X1_ZN_A1_OR3_X1_ZN_A1_AND4_X1_ZN_A1_OR3_X1_ZN_A1_AND4_X1_ZN_A4_OAI21_X1_ZN_B1_AOI21_X1_ZN_B2_OR3_X1_ZN_A2_AND3_X1_ZN/ZN (AND3_X1)
                    0.0089    0.0000    0.6184 v acc_out[8]_DFF_X1_Q_D_AND3_X1_ZN_A2_OR3_X1_ZN_A1_AND3_X1_ZN_A1_OR3_X1_ZN_A1_AND3_X1_ZN_A1_OR3_X1_ZN_A1_AND4_X1_ZN_A1_OR3_X1_ZN_A1_AND4_X1_ZN_A4_OAI21_X1_ZN_B1_AOI21_X1_ZN_B2_OR3_X1_ZN/A2 (OR3_X1)
     3    3.7783    0.0158    0.0822    0.7006 v acc_out[8]_DFF_X1_Q_D_AND3_X1_ZN_A2_OR3_X1_ZN_A1_AND3_X1_ZN_A1_OR3_X1_ZN_A1_AND3_X1_ZN_A1_OR3_X1_ZN_A1_AND4_X1_ZN_A1_OR3_X1_ZN_A1_AND4_X1_ZN_A4_OAI21_X1_ZN_B1_AOI21_X1_ZN_B2_OR3_X1_ZN/ZN (OR3_X1)
                    0.0158    0.0000    0.7006 v acc_out[8]_DFF_X1_Q_D_AND3_X1_ZN_A2_OR3_X1_ZN_A1_AND3_X1_ZN_A1_OR3_X1_ZN_A1_AND3_X1_ZN_A1_OR3_X1_ZN_A1_AND4_X1_ZN_A1_OR3_X1_ZN_A1_AND4_X1_ZN_A4_OAI21_X1_ZN_B1_AOI21_X1_ZN_A_AND3_X1_A2/A1 (AND3_X1)
     6    9.0194    0.0138    0.0464    0.7470 v acc_out[8]_DFF_X1_Q_D_AND3_X1_ZN_A2_OR3_X1_ZN_A1_AND3_X1_ZN_A1_OR3_X1_ZN_A1_AND3_X1_ZN_A1_OR3_X1_ZN_A1_AND4_X1_ZN_A1_OR3_X1_ZN_A1_AND4_X1_ZN_A4_OAI21_X1_ZN_B1_AOI21_X1_ZN_A_AND3_X1_A2/ZN (AND3_X1)
                    0.0138    0.0000    0.7470 v acc_out[8]_DFF_X1_Q_D_AND3_X1_ZN_A2_OR3_X1_ZN_A1_AND3_X1_ZN_A1_OR3_X1_ZN_A1_AND3_X1_ZN_A1_OR3_X1_ZN_A1_AND4_X1_ZN_A1_OR3_X1_ZN_A1_AND4_X1_ZN_A4_OAI21_X1_ZN_A_OR3_X1_A2/A1 (OR3_X1)
     4    6.0248    0.0183    0.0779    0.8248 v acc_out[8]_DFF_X1_Q_D_AND3_X1_ZN_A2_OR3_X1_ZN_A1_AND3_X1_ZN_A1_OR3_X1_ZN_A1_AND3_X1_ZN_A1_OR3_X1_ZN_A1_AND4_X1_ZN_A1_OR3_X1_ZN_A1_AND4_X1_ZN_A4_OAI21_X1_ZN_A_OR3_X1_A2/ZN (OR3_X1)
                    0.0183    0.0000    0.8248 v acc_out[8]_DFF_X1_Q_D_AND3_X1_ZN_A2_OR3_X1_ZN_A1_AND3_X1_ZN_A1_OR3_X1_ZN_A1_AND3_X1_ZN_A1_OR3_X1_ZN_A1_AND4_X1_ZN_A1_OR3_X1_ZN_A3_AOI22_X1_ZN/B2 (AOI22_X1)
     3    4.1555    0.0361    0.0625    0.8873 ^ acc_out[8]_DFF_X1_Q_D_AND3_X1_ZN_A2_OR3_X1_ZN_A1_AND3_X1_ZN_A1_OR3_X1_ZN_A1_AND3_X1_ZN_A1_OR3_X1_ZN_A1_AND4_X1_ZN_A1_OR3_X1_ZN_A3_AOI22_X1_ZN/ZN (AOI22_X1)
                    0.0361    0.0000    0.8873 ^ acc_out[9]_DFF_X1_Q_D_NOR2_X1_ZN_A2_XNOR2_X1_ZN_B_XOR2_X1_Z_B_XNOR2_X1_ZN_A_XOR2_X1_Z_B_XNOR2_X1_ZN_B_XOR2_X1_Z_B_XNOR2_X1_ZN_B_OAI21_X1_ZN/B2 (OAI21_X1)
     2    3.7781    0.0173    0.0292    0.9166 v acc_out[9]_DFF_X1_Q_D_NOR2_X1_ZN_A2_XNOR2_X1_ZN_B_XOR2_X1_Z_B_XNOR2_X1_ZN_A_XOR2_X1_Z_B_XNOR2_X1_ZN_B_XOR2_X1_Z_B_XNOR2_X1_ZN_B_OAI21_X1_ZN/ZN (OAI21_X1)
                    0.0173    0.0000    0.9166 v acc_out[9]_DFF_X1_Q_D_NOR2_X1_ZN_A2_XNOR2_X1_ZN_B_XOR2_X1_Z_B_XNOR2_X1_ZN_A_XOR2_X1_Z_B_XNOR2_X1_ZN_B_XOR2_X1_Z_B_XNOR2_X1_ZN/B (XNOR2_X1)
     2    3.9753    0.0163    0.0476    0.9642 v acc_out[9]_DFF_X1_Q_D_NOR2_X1_ZN_A2_XNOR2_X1_ZN_B_XOR2_X1_Z_B_XNOR2_X1_ZN_A_XOR2_X1_Z_B_XNOR2_X1_ZN_B_XOR2_X1_Z_B_XNOR2_X1_ZN/ZN (XNOR2_X1)
                    0.0163    0.0000    0.9642 v acc_out[9]_DFF_X1_Q_D_NOR2_X1_ZN_A2_XNOR2_X1_ZN_B_XOR2_X1_Z_B_XNOR2_X1_ZN_A_XOR2_X1_Z_B_XNOR2_X1_ZN_B_XOR2_X1_Z/B (XOR2_X1)
     2    3.7781    0.0144    0.0620    1.0261 v acc_out[9]_DFF_X1_Q_D_NOR2_X1_ZN_A2_XNOR2_X1_ZN_B_XOR2_X1_Z_B_XNOR2_X1_ZN_A_XOR2_X1_Z_B_XNOR2_X1_ZN_B_XOR2_X1_Z/Z (XOR2_X1)
                    0.0144    0.0000    1.0261 v acc_out[10]_DFF_X1_Q_D_AOI21_X1_ZN_B2_XNOR2_X1_ZN_B_XOR2_X1_Z_A_XNOR2_X1_ZN_B_XNOR2_X1_ZN_B_AOI21_X1_ZN/B2 (AOI21_X1)
     2    4.1455    0.0330    0.0456    1.0717 ^ acc_out[10]_DFF_X1_Q_D_AOI21_X1_ZN_B2_XNOR2_X1_ZN_B_XOR2_X1_Z_A_XNOR2_X1_ZN_B_XNOR2_X1_ZN_B_AOI21_X1_ZN/ZN (AOI21_X1)
                    0.0330    0.0000    1.0717 ^ acc_out[10]_DFF_X1_Q_D_AOI21_X1_ZN_B2_XNOR2_X1_ZN_B_XOR2_X1_Z_A_XNOR2_X1_ZN_B_XNOR2_X1_ZN_B_OAI21_X1_B2/B2 (OAI21_X1)
     2    3.6281    0.0163    0.0279    1.0996 v acc_out[10]_DFF_X1_Q_D_AOI21_X1_ZN_B2_XNOR2_X1_ZN_B_XOR2_X1_Z_A_XNOR2_X1_ZN_B_XNOR2_X1_ZN_B_OAI21_X1_B2/ZN (OAI21_X1)
                    0.0163    0.0000    1.0996 v acc_out[11]_DFF_X1_Q_D_NOR2_X1_ZN_A2_XNOR2_X1_ZN_A_XOR2_X1_Z_B_XOR2_X1_Z_B_XOR2_X1_Z_B_XOR2_X1_Z/A (XOR2_X1)
     2    3.3056    0.0136    0.0561    1.1557 v acc_out[11]_DFF_X1_Q_D_NOR2_X1_ZN_A2_XNOR2_X1_ZN_A_XOR2_X1_Z_B_XOR2_X1_Z_B_XOR2_X1_Z_B_XOR2_X1_Z/Z (XOR2_X1)
                    0.0136    0.0000    1.1557 v acc_out[11]_DFF_X1_Q_D_NOR2_X1_ZN_A2_XNOR2_X1_ZN_A_XOR2_X1_Z_B_XOR2_X1_Z_B_XOR2_X1_Z/B (XOR2_X1)
     2    3.8214    0.0143    0.0609    1.2166 v acc_out[11]_DFF_X1_Q_D_NOR2_X1_ZN_A2_XNOR2_X1_ZN_A_XOR2_X1_Z_B_XOR2_X1_Z_B_XOR2_X1_Z/Z (XOR2_X1)
                    0.0143    0.0000    1.2166 v acc_out[12]_DFF_X1_Q_D_AOI21_X1_ZN_B2_XNOR2_X1_ZN_B_XOR2_X1_Z_B_AOI21_X1_ZN/B2 (AOI21_X1)
     2    3.9354    0.0320    0.0445    1.2611 ^ acc_out[12]_DFF_X1_Q_D_AOI21_X1_ZN_B2_XNOR2_X1_ZN_B_XOR2_X1_Z_B_AOI21_X1_ZN/ZN (AOI21_X1)
                    0.0320    0.0000    1.2611 ^ acc_out[12]_DFF_X1_Q_D_AOI21_X1_ZN_B2_XNOR2_X1_ZN_B_XOR2_X1_Z_A_OAI21_X1_B1/B2 (OAI21_X1)
     2    3.8214    0.0164    0.0281    1.2892 v acc_out[12]_DFF_X1_Q_D_AOI21_X1_ZN_B2_XNOR2_X1_ZN_B_XOR2_X1_Z_A_OAI21_X1_B1/ZN (OAI21_X1)
                    0.0164    0.0000    1.2892 v acc_out[13]_DFF_X1_Q_D_AND2_X1_ZN_A1_OR2_X1_ZN_A2_XOR2_X1_Z_B_XOR2_X1_Z/B (XOR2_X1)
     2    3.3056    0.0144    0.0612    1.3504 v acc_out[13]_DFF_X1_Q_D_AND2_X1_ZN_A1_OR2_X1_ZN_A2_XOR2_X1_Z_B_XOR2_X1_Z/Z (XOR2_X1)
                    0.0144    0.0000    1.3504 v acc_out[13]_DFF_X1_Q_D_AND2_X1_ZN_A1_OR2_X1_ZN_A2_XOR2_X1_Z/B (XOR2_X1)
     3    3.7153    0.0142    0.0611    1.4115 v acc_out[13]_DFF_X1_Q_D_AND2_X1_ZN_A1_OR2_X1_ZN_A2_XOR2_X1_Z/Z (XOR2_X1)
                    0.0142    0.0000    1.4115 v acc_out[14]_DFF_X1_Q_D_AOI21_X1_ZN_B2_AOI21_X1_ZN/B2 (AOI21_X1)
     3    5.0010    0.0370    0.0498    1.4613 ^ acc_out[14]_DFF_X1_Q_D_AOI21_X1_ZN_B2_AOI21_X1_ZN/ZN (AOI21_X1)
                    0.0370    0.0000    1.4613 ^ acc_out[14]_DFF_X1_Q_D_AOI21_X1_ZN_B2_OAI21_X1_B1/B1 (OAI21_X1)
     2    3.7781    0.0166    0.0261    1.4874 v acc_out[14]_DFF_X1_Q_D_AOI21_X1_ZN_B2_OAI21_X1_B1/ZN (OAI21_X1)
                    0.0166    0.0000    1.4874 v acc_out[16]_DFF_X1_Q_D_AOI21_X1_ZN_B1_AOI21_X1_ZN/B2 (AOI21_X1)
     3    4.7908    0.0360    0.0497    1.5371 ^ acc_out[16]_DFF_X1_Q_D_AOI21_X1_ZN_B1_AOI21_X1_ZN/ZN (AOI21_X1)
                    0.0360    0.0000    1.5371 ^ acc_out[16]_DFF_X1_Q_D_AOI21_X1_ZN_B2_OAI21_X1_B1/B2 (OAI21_X1)
     3    3.7347    0.0172    0.0291    1.5662 v acc_out[16]_DFF_X1_Q_D_AOI21_X1_ZN_B2_OAI21_X1_B1/ZN (OAI21_X1)
                    0.0172    0.0000    1.5662 v acc_out[18]_DFF_X1_Q_D_AOI21_X1_ZN_B1_AOI21_X1_ZN/B1 (AOI21_X1)
     3    4.7908    0.0360    0.0450    1.6112 ^ acc_out[18]_DFF_X1_Q_D_AOI21_X1_ZN_B1_AOI21_X1_ZN/ZN (AOI21_X1)
                    0.0360    0.0000    1.6112 ^ acc_out[18]_DFF_X1_Q_D_AOI21_X1_ZN_B2_OAI21_X1_B1/B2 (OAI21_X1)
     2    3.5727    0.0170    0.0286    1.6399 v acc_out[18]_DFF_X1_Q_D_AOI21_X1_ZN_B2_OAI21_X1_B1/ZN (OAI21_X1)
                    0.0170    0.0000    1.6399 v acc_out[20]_DFF_X1_Q_D_AOI21_X1_ZN_B1_AOI21_X1_ZN/B1 (AOI21_X1)
     3    4.7908    0.0360    0.0450    1.6848 ^ acc_out[20]_DFF_X1_Q_D_AOI21_X1_ZN_B1_AOI21_X1_ZN/ZN (AOI21_X1)
                    0.0360    0.0000    1.6848 ^ acc_out[20]_DFF_X1_Q_D_AOI21_X1_ZN_B2_OAI21_X1_B1/B2 (OAI21_X1)
     3    3.7347    0.0172    0.0291    1.7139 v acc_out[20]_DFF_X1_Q_D_AOI21_X1_ZN_B2_OAI21_X1_B1/ZN (OAI21_X1)
                    0.0172    0.0000    1.7139 v acc_out[22]_DFF_X1_Q_D_AOI21_X1_ZN_B1_AOI21_X1_ZN/B1 (AOI21_X1)
     3    4.7908    0.0360    0.0450    1.7589 ^ acc_out[22]_DFF_X1_Q_D_AOI21_X1_ZN_B1_AOI21_X1_ZN/ZN (AOI21_X1)
                    0.0360    0.0000    1.7589 ^ acc_out[22]_DFF_X1_Q_D_AOI21_X1_ZN_B2_OAI21_X1_B1/B2 (OAI21_X1)
     2    3.5727    0.0170    0.0286    1.7876 v acc_out[22]_DFF_X1_Q_D_AOI21_X1_ZN_B2_OAI21_X1_B1/ZN (OAI21_X1)
                    0.0170    0.0000    1.7876 v acc_out[24]_DFF_X1_Q_D_AOI21_X1_ZN_B1_AOI21_X1_ZN/B1 (AOI21_X1)
     3    4.7908    0.0360    0.0450    1.8325 ^ acc_out[24]_DFF_X1_Q_D_AOI21_X1_ZN_B1_AOI21_X1_ZN/ZN (AOI21_X1)
                    0.0360    0.0000    1.8325 ^ acc_out[24]_DFF_X1_Q_D_AOI21_X1_ZN_B2_OAI21_X1_B1/B2 (OAI21_X1)
     3    3.8679    0.0174    0.0294    1.8620 v acc_out[24]_DFF_X1_Q_D_AOI21_X1_ZN_B2_OAI21_X1_B1/ZN (OAI21_X1)
                    0.0174    0.0000    1.8620 v acc_out[26]_DFF_X1_Q_D_AOI21_X1_ZN_B1_AOI21_X1_ZN/B2 (AOI21_X1)
     3    4.7908    0.0360    0.0501    1.9120 ^ acc_out[26]_DFF_X1_Q_D_AOI21_X1_ZN_B1_AOI21_X1_ZN/ZN (AOI21_X1)
                    0.0360    0.0000    1.9120 ^ acc_out[26]_DFF_X1_Q_D_AOI21_X1_ZN_B2_OAI21_X1_B1/B2 (OAI21_X1)
     3    3.7347    0.0172    0.0291    1.9411 v acc_out[26]_DFF_X1_Q_D_AOI21_X1_ZN_B2_OAI21_X1_B1/ZN (OAI21_X1)
                    0.0172    0.0000    1.9411 v acc_out[28]_DFF_X1_Q_D_AOI21_X1_ZN_B1_AOI21_X1_ZN/B1 (AOI21_X1)
     3    4.7908    0.0360    0.0450    1.9861 ^ acc_out[28]_DFF_X1_Q_D_AOI21_X1_ZN_B1_AOI21_X1_ZN/ZN (AOI21_X1)
                    0.0360    0.0000    1.9861 ^ acc_out[28]_DFF_X1_Q_D_AOI21_X1_ZN_B2_OAI21_X1_B1/B2 (OAI21_X1)
     3    3.8679    0.0174    0.0294    2.0156 v acc_out[28]_DFF_X1_Q_D_AOI21_X1_ZN_B2_OAI21_X1_B1/ZN (OAI21_X1)
                    0.0174    0.0000    2.0156 v acc_out[30]_DFF_X1_Q_D_AOI21_X1_ZN_B2_AOI21_X1_ZN/B2 (AOI21_X1)
     3    5.0010    0.0370    0.0511    2.0667 ^ acc_out[30]_DFF_X1_Q_D_AOI21_X1_ZN_B2_AOI21_X1_ZN/ZN (AOI21_X1)
                    0.0370    0.0000    2.0667 ^ acc_out[30]_DFF_X1_Q_D_AOI21_X1_ZN_B2_OAI21_X1_B1/B1 (OAI21_X1)
     3    4.5080    0.0176    0.0281    2.0948 v acc_out[30]_DFF_X1_Q_D_AOI21_X1_ZN_B2_OAI21_X1_B1/ZN (OAI21_X1)
                    0.0176    0.0000    2.0948 v acc_out[31]_DFF_X1_Q_D_NOR2_X1_ZN_A2_XNOR2_X1_ZN_A_OR3_X1_A3/A3 (OR3_X1)
     3    3.2234    0.0151    0.0881    2.1829 v acc_out[31]_DFF_X1_Q_D_NOR2_X1_ZN_A2_XNOR2_X1_ZN_A_OR3_X1_A3/ZN (OR3_X1)
                    0.0151    0.0000    2.1829 v acc_out[32]_DFF_X1_Q_D_NOR3_X1_ZN_A3_AND3_X1_ZN_A2_OR2_X1_A2/A2 (OR2_X1)
     7   10.1278    0.0177    0.0684    2.2513 v acc_out[32]_DFF_X1_Q_D_NOR3_X1_ZN_A3_AND3_X1_ZN_A2_OR2_X1_A2/ZN (OR2_X1)
                    0.0177    0.0000    2.2513 v acc_out[37]_DFF_X1_Q_D_AOI21_X1_ZN/B1 (AOI21_X1)
     1    1.1403    0.0203    0.0267    2.2780 ^ acc_out[37]_DFF_X1_Q_D_AOI21_X1_ZN/ZN (AOI21_X1)
                    0.0203    0.0000    2.2780 ^ acc_out[37]_DFF_X1_Q/D (DFF_X1)
                                        2.2780   data arrival time

                    0.0500    2.0000    2.0000   clock clk (rise edge)
                              0.0000    2.0000   clock network delay (ideal)
                             -0.0500    1.9500   clock uncertainty
                              0.0000    1.9500   clock reconvergence pessimism
                                        1.9500 ^ acc_out[37]_DFF_X1_Q/CK (DFF_X1)
                             -0.0293    1.9207   library setup time
                                        1.9207   data required time
-------------------------------------------------------------------------------------
                                        1.9207   data required time
                                       -2.2780   data arrival time
-------------------------------------------------------------------------------------
                                       -0.3573   slack (VIOLATED)


Startpoint: b1[0]_AND2_X1_A2_ZN_DFF_X1_D
            (rising edge-triggered flip-flop clocked by clk)
Endpoint: acc_out[38]_DFF_X1_Q (rising edge-triggered flip-flop clocked by clk)
Path Group: clk
Path Type: max

Fanout       Cap      Slew     Delay      Time   Description
-------------------------------------------------------------------------------------
                    0.0500    0.0000    0.0000   clock clk (rise edge)
                              0.0000    0.0000   clock network delay (ideal)
                    0.0500    0.0000    0.0000 ^ b1[0]_AND2_X1_A2_ZN_DFF_X1_D/CK (DFF_X1)
    42   57.0488    0.1329    0.2293    0.2293 ^ b1[0]_AND2_X1_A2_ZN_DFF_X1_D/Q (DFF_X1)
                    0.1329    0.0000    0.2293 ^ acc_out[8]_DFF_X1_Q_D_AND3_X1_ZN_A2_OR3_X1_ZN_A1_AND3_X1_ZN_A1_OR3_X1_ZN_A1_AND3_X1_ZN_A1_OR3_X1_ZN_A1_AND4_X1_ZN_A1_OR3_X1_ZN_A1_AND4_X1_ZN_A4_OAI21_X1_ZN_B1_AOI21_X1_ZN_B2_OR3_X1_ZN_A2_AND3_X1_ZN_A1_OR3_X1_ZN_A1_AND3_X1_ZN_A1_OR3_X1_ZN_A1_AND3_X1_ZN_A1_OR3_X1_ZN_A3_AOI22_X1_ZN/B1 (AOI22_X1)
     3    3.9140    0.0405    0.0468    0.2761 v acc_out[8]_DFF_X1_Q_D_AND3_X1_ZN_A2_OR3_X1_ZN_A1_AND3_X1_ZN_A1_OR3_X1_ZN_A1_AND3_X1_ZN_A1_OR3_X1_ZN_A1_AND4_X1_ZN_A1_OR3_X1_ZN_A1_AND4_X1_ZN_A4_OAI21_X1_ZN_B1_AOI21_X1_ZN_B2_OR3_X1_ZN_A2_AND3_X1_ZN_A1_OR3_X1_ZN_A1_AND3_X1_ZN_A1_OR3_X1_ZN_A1_AND3_X1_ZN_A1_OR3_X1_ZN_A3_AOI22_X1_ZN/ZN (AOI22_X1)
                    0.0405    0.0000    0.2761 v acc_out[8]_DFF_X1_Q_D_AND3_X1_ZN_A2_OR3_X1_ZN_A1_AND3_X1_ZN_A1_OR3_X1_ZN_A1_AND3_X1_ZN_A1_OR3_X1_ZN_A1_AND4_X1_ZN_A1_OR3_X1_ZN_A1_AND4_X1_ZN_A4_OAI21_X1_ZN_B1_AOI21_X1_ZN_B2_OR3_X1_ZN_A2_AND3_X1_ZN_A1_OR3_X1_ZN_A1_AND3_X1_ZN_A1_OR3_X1_ZN_A1_AND3_X1_ZN_A1_OR3_X1_ZN/A3 (OR3_X1)
     3    3.8381    0.0158    0.0971    0.3732 v acc_out[8]_DFF_X1_Q_D_AND3_X1_ZN_A2_OR3_X1_ZN_A1_AND3_X1_ZN_A1_OR3_X1_ZN_A1_AND3_X1_ZN_A1_OR3_X1_ZN_A1_AND4_X1_ZN_A1_OR3_X1_ZN_A1_AND4_X1_ZN_A4_OAI21_X1_ZN_B1_AOI21_X1_ZN_B2_OR3_X1_ZN_A2_AND3_X1_ZN_A1_OR3_X1_ZN_A1_AND3_X1_ZN_A1_OR3_X1_ZN_A1_AND3_X1_ZN_A1_OR3_X1_ZN/ZN (OR3_X1)
                    0.0158    0.0000    0.3732 v acc_out[8]_DFF_X1_Q_D_AND3_X1_ZN_A2_OR3_X1_ZN_A1_AND3_X1_ZN_A1_OR3_X1_ZN_A1_AND3_X1_ZN_A1_OR3_X1_ZN_A1_AND4_X1_ZN_A1_OR3_X1_ZN_A1_AND4_X1_ZN_A4_OAI21_X1_ZN_B1_AOI21_X1_ZN_B2_OR3_X1_ZN_A2_AND3_X1_ZN_A1_OR3_X1_ZN_A1_AND3_X1_ZN_A1_OR3_X1_ZN_A1_AND3_X1_ZN/A1 (AND3_X1)
     2    2.3339    0.0074    0.0355    0.4087 v acc_out[8]_DFF_X1_Q_D_AND3_X1_ZN_A2_OR3_X1_ZN_A1_AND3_X1_ZN_A1_OR3_X1_ZN_A1_AND3_X1_ZN_A1_OR3_X1_ZN_A1_AND4_X1_ZN_A1_OR3_X1_ZN_A1_AND4_X1_ZN_A4_OAI21_X1_ZN_B1_AOI21_X1_ZN_B2_OR3_X1_ZN_A2_AND3_X1_ZN_A1_OR3_X1_ZN_A1_AND3_X1_ZN_A1_OR3_X1_ZN_A1_AND3_X1_ZN/ZN (AND3_X1)
                    0.0074    0.0000    0.4087 v acc_out[8]_DFF_X1_Q_D_AND3_X1_ZN_A2_OR3_X1_ZN_A1_AND3_X1_ZN_A1_OR3_X1_ZN_A1_AND3_X1_ZN_A1_OR3_X1_ZN_A1_AND4_X1_ZN_A1_OR3_X1_ZN_A1_AND4_X1_ZN_A4_OAI21_X1_ZN_B1_AOI21_X1_ZN_B2_OR3_X1_ZN_A2_AND3_X1_ZN_A1_OR3_X1_ZN_A1_AND3_X1_ZN_A1_OR3_X1_ZN/A1 (OR3_X1)
     3    3.8381    0.0158    0.0706    0.4793 v acc_out[8]_DFF_X1_Q_D_AND3_X1_ZN_A2_OR3_X1_ZN_A1_AND3_X1_ZN_A1_OR3_X1_ZN_A1_AND3_X1_ZN_A1_OR3_X1_ZN_A1_AND4_X1_ZN_A1_OR3_X1_ZN_A1_AND4_X1_ZN_A4_OAI21_X1_ZN_B1_AOI21_X1_ZN_B2_OR3_X1_ZN_A2_AND3_X1_ZN_A1_OR3_X1_ZN_A1_AND3_X1_ZN_A1_OR3_X1_ZN/ZN (OR3_X1)
                    0.0158    0.0000    0.4793 v acc_out[8]_DFF_X1_Q_D_AND3_X1_ZN_A2_OR3_X1_ZN_A1_AND3_X1_ZN_A1_OR3_X1_ZN_A1_AND3_X1_ZN_A1_OR3_X1_ZN_A1_AND4_X1_ZN_A1_OR3_X1_ZN_A1_AND4_X1_ZN_A4_OAI21_X1_ZN_B1_AOI21_X1_ZN_B2_OR3_X1_ZN_A2_AND3_X1_ZN_A1_OR3_X1_ZN_A1_AND3_X1_ZN/A1 (AND3_X1)
     2    2.3339    0.0074    0.0355    0.5148 v acc_out[8]_DFF_X1_Q_D_AND3_X1_ZN_A2_OR3_X1_ZN_A1_AND3_X1_ZN_A1_OR3_X1_ZN_A1_AND3_X1_ZN_A1_OR3_X1_ZN_A1_AND4_X1_ZN_A1_OR3_X1_ZN_A1_AND4_X1_ZN_A4_OAI21_X1_ZN_B1_AOI21_X1_ZN_B2_OR3_X1_ZN_A2_AND3_X1_ZN_A1_OR3_X1_ZN_A1_AND3_X1_ZN/ZN (AND3_X1)
                    0.0074    0.0000    0.5148 v acc_out[8]_DFF_X1_Q_D_AND3_X1_ZN_A2_OR3_X1_ZN_A1_AND3_X1_ZN_A1_OR3_X1_ZN_A1_AND3_X1_ZN_A1_OR3_X1_ZN_A1_AND4_X1_ZN_A1_OR3_X1_ZN_A1_AND4_X1_ZN_A4_OAI21_X1_ZN_B1_AOI21_X1_ZN_B2_OR3_X1_ZN_A2_AND3_X1_ZN_A1_OR3_X1_ZN/A1 (OR3_X1)
     2    2.2761    0.0139    0.0661    0.5809 v acc_out[8]_DFF_X1_Q_D_AND3_X1_ZN_A2_OR3_X1_ZN_A1_AND3_X1_ZN_A1_OR3_X1_ZN_A1_AND3_X1_ZN_A1_OR3_X1_ZN_A1_AND4_X1_ZN_A1_OR3_X1_ZN_A1_AND4_X1_ZN_A4_OAI21_X1_ZN_B1_AOI21_X1_ZN_B2_OR3_X1_ZN_A2_AND3_X1_ZN_A1_OR3_X1_ZN/ZN (OR3_X1)
                    0.0139    0.0000    0.5809 v acc_out[8]_DFF_X1_Q_D_AND3_X1_ZN_A2_OR3_X1_ZN_A1_AND3_X1_ZN_A1_OR3_X1_ZN_A1_AND3_X1_ZN_A1_OR3_X1_ZN_A1_AND4_X1_ZN_A1_OR3_X1_ZN_A1_AND4_X1_ZN_A4_OAI21_X1_ZN_B1_AOI21_X1_ZN_B2_OR3_X1_ZN_A2_AND3_X1_ZN/A1 (AND3_X1)
     3    3.8592    0.0089    0.0375    0.6184 v acc_out[8]_DFF_X1_Q_D_AND3_X1_ZN_A2_OR3_X1_ZN_A1_AND3_X1_ZN_A1_OR3_X1_ZN_A1_AND3_X1_ZN_A1_OR3_X1_ZN_A1_AND4_X1_ZN_A1_OR3_X1_ZN_A1_AND4_X1_ZN_A4_OAI21_X1_ZN_B1_AOI21_X1_ZN_B2_OR3_X1_ZN_A2_AND3_X1_ZN/ZN (AND3_X1)
                    0.0089    0.0000    0.6184 v acc_out[8]_DFF_X1_Q_D_AND3_X1_ZN_A2_OR3_X1_ZN_A1_AND3_X1_ZN_A1_OR3_X1_ZN_A1_AND3_X1_ZN_A1_OR3_X1_ZN_A1_AND4_X1_ZN_A1_OR3_X1_ZN_A1_AND4_X1_ZN_A4_OAI21_X1_ZN_B1_AOI21_X1_ZN_B2_OR3_X1_ZN/A2 (OR3_X1)
     3    3.7783    0.0158    0.0822    0.7006 v acc_out[8]_DFF_X1_Q_D_AND3_X1_ZN_A2_OR3_X1_ZN_A1_AND3_X1_ZN_A1_OR3_X1_ZN_A1_AND3_X1_ZN_A1_OR3_X1_ZN_A1_AND4_X1_ZN_A1_OR3_X1_ZN_A1_AND4_X1_ZN_A4_OAI21_X1_ZN_B1_AOI21_X1_ZN_B2_OR3_X1_ZN/ZN (OR3_X1)
                    0.0158    0.0000    0.7006 v acc_out[8]_DFF_X1_Q_D_AND3_X1_ZN_A2_OR3_X1_ZN_A1_AND3_X1_ZN_A1_OR3_X1_ZN_A1_AND3_X1_ZN_A1_OR3_X1_ZN_A1_AND4_X1_ZN_A1_OR3_X1_ZN_A1_AND4_X1_ZN_A4_OAI21_X1_ZN_B1_AOI21_X1_ZN_A_AND3_X1_A2/A1 (AND3_X1)
     6    9.0194    0.0138    0.0464    0.7470 v acc_out[8]_DFF_X1_Q_D_AND3_X1_ZN_A2_OR3_X1_ZN_A1_AND3_X1_ZN_A1_OR3_X1_ZN_A1_AND3_X1_ZN_A1_OR3_X1_ZN_A1_AND4_X1_ZN_A1_OR3_X1_ZN_A1_AND4_X1_ZN_A4_OAI21_X1_ZN_B1_AOI21_X1_ZN_A_AND3_X1_A2/ZN (AND3_X1)
                    0.0138    0.0000    0.7470 v acc_out[8]_DFF_X1_Q_D_AND3_X1_ZN_A2_OR3_X1_ZN_A1_AND3_X1_ZN_A1_OR3_X1_ZN_A1_AND3_X1_ZN_A1_OR3_X1_ZN_A1_AND4_X1_ZN_A1_OR3_X1_ZN_A1_AND4_X1_ZN_A4_OAI21_X1_ZN_A_OR3_X1_A2/A1 (OR3_X1)
     4    6.0248    0.0183    0.0779    0.8248 v acc_out[8]_DFF_X1_Q_D_AND3_X1_ZN_A2_OR3_X1_ZN_A1_AND3_X1_ZN_A1_OR3_X1_ZN_A1_AND3_X1_ZN_A1_OR3_X1_ZN_A1_AND4_X1_ZN_A1_OR3_X1_ZN_A1_AND4_X1_ZN_A4_OAI21_X1_ZN_A_OR3_X1_A2/ZN (OR3_X1)
                    0.0183    0.0000    0.8248 v acc_out[8]_DFF_X1_Q_D_AND3_X1_ZN_A2_OR3_X1_ZN_A1_AND3_X1_ZN_A1_OR3_X1_ZN_A1_AND3_X1_ZN_A1_OR3_X1_ZN_A1_AND4_X1_ZN_A1_OR3_X1_ZN_A3_AOI22_X1_ZN/B2 (AOI22_X1)
     3    4.1555    0.0361    0.0625    0.8873 ^ acc_out[8]_DFF_X1_Q_D_AND3_X1_ZN_A2_OR3_X1_ZN_A1_AND3_X1_ZN_A1_OR3_X1_ZN_A1_AND3_X1_ZN_A1_OR3_X1_ZN_A1_AND4_X1_ZN_A1_OR3_X1_ZN_A3_AOI22_X1_ZN/ZN (AOI22_X1)
                    0.0361    0.0000    0.8873 ^ acc_out[9]_DFF_X1_Q_D_NOR2_X1_ZN_A2_XNOR2_X1_ZN_B_XOR2_X1_Z_B_XNOR2_X1_ZN_A_XOR2_X1_Z_B_XNOR2_X1_ZN_B_XOR2_X1_Z_B_XNOR2_X1_ZN_B_OAI21_X1_ZN/B2 (OAI21_X1)
     2    3.7781    0.0173    0.0292    0.9166 v acc_out[9]_DFF_X1_Q_D_NOR2_X1_ZN_A2_XNOR2_X1_ZN_B_XOR2_X1_Z_B_XNOR2_X1_ZN_A_XOR2_X1_Z_B_XNOR2_X1_ZN_B_XOR2_X1_Z_B_XNOR2_X1_ZN_B_OAI21_X1_ZN/ZN (OAI21_X1)
                    0.0173    0.0000    0.9166 v acc_out[9]_DFF_X1_Q_D_NOR2_X1_ZN_A2_XNOR2_X1_ZN_B_XOR2_X1_Z_B_XNOR2_X1_ZN_A_XOR2_X1_Z_B_XNOR2_X1_ZN_B_XOR2_X1_Z_B_XNOR2_X1_ZN/B (XNOR2_X1)
     2    3.9753    0.0163    0.0476    0.9642 v acc_out[9]_DFF_X1_Q_D_NOR2_X1_ZN_A2_XNOR2_X1_ZN_B_XOR2_X1_Z_B_XNOR2_X1_ZN_A_XOR2_X1_Z_B_XNOR2_X1_ZN_B_XOR2_X1_Z_B_XNOR2_X1_ZN/ZN (XNOR2_X1)
                    0.0163    0.0000    0.9642 v acc_out[9]_DFF_X1_Q_D_NOR2_X1_ZN_A2_XNOR2_X1_ZN_B_XOR2_X1_Z_B_XNOR2_X1_ZN_A_XOR2_X1_Z_B_XNOR2_X1_ZN_B_XOR2_X1_Z/B (XOR2_X1)
     2    3.7781    0.0144    0.0620    1.0261 v acc_out[9]_DFF_X1_Q_D_NOR2_X1_ZN_A2_XNOR2_X1_ZN_B_XOR2_X1_Z_B_XNOR2_X1_ZN_A_XOR2_X1_Z_B_XNOR2_X1_ZN_B_XOR2_X1_Z/Z (XOR2_X1)
                    0.0144    0.0000    1.0261 v acc_out[10]_DFF_X1_Q_D_AOI21_X1_ZN_B2_XNOR2_X1_ZN_B_XOR2_X1_Z_A_XNOR2_X1_ZN_B_XNOR2_X1_ZN_B_AOI21_X1_ZN/B2 (AOI21_X1)
     2    4.1455    0.0330    0.0456    1.0717 ^ acc_out[10]_DFF_X1_Q_D_AOI21_X1_ZN_B2_XNOR2_X1_ZN_B_XOR2_X1_Z_A_XNOR2_X1_ZN_B_XNOR2_X1_ZN_B_AOI21_X1_ZN/ZN (AOI21_X1)
                    0.0330    0.0000    1.0717 ^ acc_out[10]_DFF_X1_Q_D_AOI21_X1_ZN_B2_XNOR2_X1_ZN_B_XOR2_X1_Z_A_XNOR2_X1_ZN_B_XNOR2_X1_ZN_B_OAI21_X1_B2/B2 (OAI21_X1)
     2    3.6281    0.0163    0.0279    1.0996 v acc_out[10]_DFF_X1_Q_D_AOI21_X1_ZN_B2_XNOR2_X1_ZN_B_XOR2_X1_Z_A_XNOR2_X1_ZN_B_XNOR2_X1_ZN_B_OAI21_X1_B2/ZN (OAI21_X1)
                    0.0163    0.0000    1.0996 v acc_out[11]_DFF_X1_Q_D_NOR2_X1_ZN_A2_XNOR2_X1_ZN_A_XOR2_X1_Z_B_XOR2_X1_Z_B_XOR2_X1_Z_B_XOR2_X1_Z/A (XOR2_X1)
     2    3.3056    0.0136    0.0561    1.1557 v acc_out[11]_DFF_X1_Q_D_NOR2_X1_ZN_A2_XNOR2_X1_ZN_A_XOR2_X1_Z_B_XOR2_X1_Z_B_XOR2_X1_Z_B_XOR2_X1_Z/Z (XOR2_X1)
                    0.0136    0.0000    1.1557 v acc_out[11]_DFF_X1_Q_D_NOR2_X1_ZN_A2_XNOR2_X1_ZN_A_XOR2_X1_Z_B_XOR2_X1_Z_B_XOR2_X1_Z/B (XOR2_X1)
     2    3.8214    0.0143    0.0609    1.2166 v acc_out[11]_DFF_X1_Q_D_NOR2_X1_ZN_A2_XNOR2_X1_ZN_A_XOR2_X1_Z_B_XOR2_X1_Z_B_XOR2_X1_Z/Z (XOR2_X1)
                    0.0143    0.0000    1.2166 v acc_out[12]_DFF_X1_Q_D_AOI21_X1_ZN_B2_XNOR2_X1_ZN_B_XOR2_X1_Z_B_AOI21_X1_ZN/B2 (AOI21_X1)
     2    3.9354    0.0320    0.0445    1.2611 ^ acc_out[12]_DFF_X1_Q_D_AOI21_X1_ZN_B2_XNOR2_X1_ZN_B_XOR2_X1_Z_B_AOI21_X1_ZN/ZN (AOI21_X1)
                    0.0320    0.0000    1.2611 ^ acc_out[12]_DFF_X1_Q_D_AOI21_X1_ZN_B2_XNOR2_X1_ZN_B_XOR2_X1_Z_A_OAI21_X1_B1/B2 (OAI21_X1)
     2    3.8214    0.0164    0.0281    1.2892 v acc_out[12]_DFF_X1_Q_D_AOI21_X1_ZN_B2_XNOR2_X1_ZN_B_XOR2_X1_Z_A_OAI21_X1_B1/ZN (OAI21_X1)
                    0.0164    0.0000    1.2892 v acc_out[13]_DFF_X1_Q_D_AND2_X1_ZN_A1_OR2_X1_ZN_A2_XOR2_X1_Z_B_XOR2_X1_Z/B (XOR2_X1)
     2    3.3056    0.0144    0.0612    1.3504 v acc_out[13]_DFF_X1_Q_D_AND2_X1_ZN_A1_OR2_X1_ZN_A2_XOR2_X1_Z_B_XOR2_X1_Z/Z (XOR2_X1)
                    0.0144    0.0000    1.3504 v acc_out[13]_DFF_X1_Q_D_AND2_X1_ZN_A1_OR2_X1_ZN_A2_XOR2_X1_Z/B (XOR2_X1)
     3    3.7153    0.0142    0.0611    1.4115 v acc_out[13]_DFF_X1_Q_D_AND2_X1_ZN_A1_OR2_X1_ZN_A2_XOR2_X1_Z/Z (XOR2_X1)
                    0.0142    0.0000    1.4115 v acc_out[14]_DFF_X1_Q_D_AOI21_X1_ZN_B2_AOI21_X1_ZN/B2 (AOI21_X1)
     3    5.0010    0.0370    0.0498    1.4613 ^ acc_out[14]_DFF_X1_Q_D_AOI21_X1_ZN_B2_AOI21_X1_ZN/ZN (AOI21_X1)
                    0.0370    0.0000    1.4613 ^ acc_out[14]_DFF_X1_Q_D_AOI21_X1_ZN_B2_OAI21_X1_B1/B1 (OAI21_X1)
     2    3.7781    0.0166    0.0261    1.4874 v acc_out[14]_DFF_X1_Q_D_AOI21_X1_ZN_B2_OAI21_X1_B1/ZN (OAI21_X1)
                    0.0166    0.0000    1.4874 v acc_out[16]_DFF_X1_Q_D_AOI21_X1_ZN_B1_AOI21_X1_ZN/B2 (AOI21_X1)
     3    4.7908    0.0360    0.0497    1.5371 ^ acc_out[16]_DFF_X1_Q_D_AOI21_X1_ZN_B1_AOI21_X1_ZN/ZN (AOI21_X1)
                    0.0360    0.0000    1.5371 ^ acc_out[16]_DFF_X1_Q_D_AOI21_X1_ZN_B2_OAI21_X1_B1/B2 (OAI21_X1)
     3    3.7347    0.0172    0.0291    1.5662 v acc_out[16]_DFF_X1_Q_D_AOI21_X1_ZN_B2_OAI21_X1_B1/ZN (OAI21_X1)
                    0.0172    0.0000    1.5662 v acc_out[18]_DFF_X1_Q_D_AOI21_X1_ZN_B1_AOI21_X1_ZN/B1 (AOI21_X1)
     3    4.7908    0.0360    0.0450    1.6112 ^ acc_out[18]_DFF_X1_Q_D_AOI21_X1_ZN_B1_AOI21_X1_ZN/ZN (AOI21_X1)
                    0.0360    0.0000    1.6112 ^ acc_out[18]_DFF_X1_Q_D_AOI21_X1_ZN_B2_OAI21_X1_B1/B2 (OAI21_X1)
     2    3.5727    0.0170    0.0286    1.6399 v acc_out[18]_DFF_X1_Q_D_AOI21_X1_ZN_B2_OAI21_X1_B1/ZN (OAI21_X1)
                    0.0170    0.0000    1.6399 v acc_out[20]_DFF_X1_Q_D_AOI21_X1_ZN_B1_AOI21_X1_ZN/B1 (AOI21_X1)
     3    4.7908    0.0360    0.0450    1.6848 ^ acc_out[20]_DFF_X1_Q_D_AOI21_X1_ZN_B1_AOI21_X1_ZN/ZN (AOI21_X1)
                    0.0360    0.0000    1.6848 ^ acc_out[20]_DFF_X1_Q_D_AOI21_X1_ZN_B2_OAI21_X1_B1/B2 (OAI21_X1)
     3    3.7347    0.0172    0.0291    1.7139 v acc_out[20]_DFF_X1_Q_D_AOI21_X1_ZN_B2_OAI21_X1_B1/ZN (OAI21_X1)
                    0.0172    0.0000    1.7139 v acc_out[22]_DFF_X1_Q_D_AOI21_X1_ZN_B1_AOI21_X1_ZN/B1 (AOI21_X1)
     3    4.7908    0.0360    0.0450    1.7589 ^ acc_out[22]_DFF_X1_Q_D_AOI21_X1_ZN_B1_AOI21_X1_ZN/ZN (AOI21_X1)
                    0.0360    0.0000    1.7589 ^ acc_out[22]_DFF_X1_Q_D_AOI21_X1_ZN_B2_OAI21_X1_B1/B2 (OAI21_X1)
     2    3.5727    0.0170    0.0286    1.7876 v acc_out[22]_DFF_X1_Q_D_AOI21_X1_ZN_B2_OAI21_X1_B1/ZN (OAI21_X1)
                    0.0170    0.0000    1.7876 v acc_out[24]_DFF_X1_Q_D_AOI21_X1_ZN_B1_AOI21_X1_ZN/B1 (AOI21_X1)
     3    4.7908    0.0360    0.0450    1.8325 ^ acc_out[24]_DFF_X1_Q_D_AOI21_X1_ZN_B1_AOI21_X1_ZN/ZN (AOI21_X1)
                    0.0360    0.0000    1.8325 ^ acc_out[24]_DFF_X1_Q_D_AOI21_X1_ZN_B2_OAI21_X1_B1/B2 (OAI21_X1)
     3    3.8679    0.0174    0.0294    1.8620 v acc_out[24]_DFF_X1_Q_D_AOI21_X1_ZN_B2_OAI21_X1_B1/ZN (OAI21_X1)
                    0.0174    0.0000    1.8620 v acc_out[26]_DFF_X1_Q_D_AOI21_X1_ZN_B1_AOI21_X1_ZN/B2 (AOI21_X1)
     3    4.7908    0.0360    0.0501    1.9120 ^ acc_out[26]_DFF_X1_Q_D_AOI21_X1_ZN_B1_AOI21_X1_ZN/ZN (AOI21_X1)
                    0.0360    0.0000    1.9120 ^ acc_out[26]_DFF_X1_Q_D_AOI21_X1_ZN_B2_OAI21_X1_B1/B2 (OAI21_X1)
     3    3.7347    0.0172    0.0291    1.9411 v acc_out[26]_DFF_X1_Q_D_AOI21_X1_ZN_B2_OAI21_X1_B1/ZN (OAI21_X1)
                    0.0172    0.0000    1.9411 v acc_out[28]_DFF_X1_Q_D_AOI21_X1_ZN_B1_AOI21_X1_ZN/B1 (AOI21_X1)
     3    4.7908    0.0360    0.0450    1.9861 ^ acc_out[28]_DFF_X1_Q_D_AOI21_X1_ZN_B1_AOI21_X1_ZN/ZN (AOI21_X1)
                    0.0360    0.0000    1.9861 ^ acc_out[28]_DFF_X1_Q_D_AOI21_X1_ZN_B2_OAI21_X1_B1/B2 (OAI21_X1)
     3    3.8679    0.0174    0.0294    2.0156 v acc_out[28]_DFF_X1_Q_D_AOI21_X1_ZN_B2_OAI21_X1_B1/ZN (OAI21_X1)
                    0.0174    0.0000    2.0156 v acc_out[30]_DFF_X1_Q_D_AOI21_X1_ZN_B2_AOI21_X1_ZN/B2 (AOI21_X1)
     3    5.0010    0.0370    0.0511    2.0667 ^ acc_out[30]_DFF_X1_Q_D_AOI21_X1_ZN_B2_AOI21_X1_ZN/ZN (AOI21_X1)
                    0.0370    0.0000    2.0667 ^ acc_out[30]_DFF_X1_Q_D_AOI21_X1_ZN_B2_OAI21_X1_B1/B1 (OAI21_X1)
     3    4.5080    0.0176    0.0281    2.0948 v acc_out[30]_DFF_X1_Q_D_AOI21_X1_ZN_B2_OAI21_X1_B1/ZN (OAI21_X1)
                    0.0176    0.0000    2.0948 v acc_out[31]_DFF_X1_Q_D_NOR2_X1_ZN_A2_XNOR2_X1_ZN_A_OR3_X1_A3/A3 (OR3_X1)
     3    3.2234    0.0151    0.0881    2.1829 v acc_out[31]_DFF_X1_Q_D_NOR2_X1_ZN_A2_XNOR2_X1_ZN_A_OR3_X1_A3/ZN (OR3_X1)
                    0.0151    0.0000    2.1829 v acc_out[32]_DFF_X1_Q_D_NOR3_X1_ZN_A3_AND3_X1_ZN_A2_OR2_X1_A2/A2 (OR2_X1)
     7   10.1278    0.0177    0.0684    2.2513 v acc_out[32]_DFF_X1_Q_D_NOR3_X1_ZN_A3_AND3_X1_ZN_A2_OR2_X1_A2/ZN (OR2_X1)
                    0.0177    0.0000    2.2513 v acc_out[38]_DFF_X1_Q_D_AOI21_X1_ZN/B1 (AOI21_X1)
     1    1.1403    0.0203    0.0267    2.2780 ^ acc_out[38]_DFF_X1_Q_D_AOI21_X1_ZN/ZN (AOI21_X1)
                    0.0203    0.0000    2.2780 ^ acc_out[38]_DFF_X1_Q/D (DFF_X1)
                                        2.2780   data arrival time

                    0.0500    2.0000    2.0000   clock clk (rise edge)
                              0.0000    2.0000   clock network delay (ideal)
                             -0.0500    1.9500   clock uncertainty
                              0.0000    1.9500   clock reconvergence pessimism
                                        1.9500 ^ acc_out[38]_DFF_X1_Q/CK (DFF_X1)
                             -0.0293    1.9207   library setup time
                                        1.9207   data required time
-------------------------------------------------------------------------------------
                                        1.9207   data required time
                                       -2.2780   data arrival time
-------------------------------------------------------------------------------------
                                       -0.3573   slack (VIOLATED)


Startpoint: b1[0]_AND2_X1_A2_ZN_DFF_X1_D
            (rising edge-triggered flip-flop clocked by clk)
Endpoint: acc_out[39]_DFF_X1_Q (rising edge-triggered flip-flop clocked by clk)
Path Group: clk
Path Type: max

Fanout       Cap      Slew     Delay      Time   Description
-------------------------------------------------------------------------------------
                    0.0500    0.0000    0.0000   clock clk (rise edge)
                              0.0000    0.0000   clock network delay (ideal)
                    0.0500    0.0000    0.0000 ^ b1[0]_AND2_X1_A2_ZN_DFF_X1_D/CK (DFF_X1)
    42   57.0488    0.1329    0.2293    0.2293 ^ b1[0]_AND2_X1_A2_ZN_DFF_X1_D/Q (DFF_X1)
                    0.1329    0.0000    0.2293 ^ acc_out[8]_DFF_X1_Q_D_AND3_X1_ZN_A2_OR3_X1_ZN_A1_AND3_X1_ZN_A1_OR3_X1_ZN_A1_AND3_X1_ZN_A1_OR3_X1_ZN_A1_AND4_X1_ZN_A1_OR3_X1_ZN_A1_AND4_X1_ZN_A4_OAI21_X1_ZN_B1_AOI21_X1_ZN_B2_OR3_X1_ZN_A2_AND3_X1_ZN_A1_OR3_X1_ZN_A1_AND3_X1_ZN_A1_OR3_X1_ZN_A1_AND3_X1_ZN_A1_OR3_X1_ZN_A3_AOI22_X1_ZN/B1 (AOI22_X1)
     3    3.9140    0.0405    0.0468    0.2761 v acc_out[8]_DFF_X1_Q_D_AND3_X1_ZN_A2_OR3_X1_ZN_A1_AND3_X1_ZN_A1_OR3_X1_ZN_A1_AND3_X1_ZN_A1_OR3_X1_ZN_A1_AND4_X1_ZN_A1_OR3_X1_ZN_A1_AND4_X1_ZN_A4_OAI21_X1_ZN_B1_AOI21_X1_ZN_B2_OR3_X1_ZN_A2_AND3_X1_ZN_A1_OR3_X1_ZN_A1_AND3_X1_ZN_A1_OR3_X1_ZN_A1_AND3_X1_ZN_A1_OR3_X1_ZN_A3_AOI22_X1_ZN/ZN (AOI22_X1)
                    0.0405    0.0000    0.2761 v acc_out[8]_DFF_X1_Q_D_AND3_X1_ZN_A2_OR3_X1_ZN_A1_AND3_X1_ZN_A1_OR3_X1_ZN_A1_AND3_X1_ZN_A1_OR3_X1_ZN_A1_AND4_X1_ZN_A1_OR3_X1_ZN_A1_AND4_X1_ZN_A4_OAI21_X1_ZN_B1_AOI21_X1_ZN_B2_OR3_X1_ZN_A2_AND3_X1_ZN_A1_OR3_X1_ZN_A1_AND3_X1_ZN_A1_OR3_X1_ZN_A1_AND3_X1_ZN_A1_OR3_X1_ZN/A3 (OR3_X1)
     3    3.8381    0.0158    0.0971    0.3732 v acc_out[8]_DFF_X1_Q_D_AND3_X1_ZN_A2_OR3_X1_ZN_A1_AND3_X1_ZN_A1_OR3_X1_ZN_A1_AND3_X1_ZN_A1_OR3_X1_ZN_A1_AND4_X1_ZN_A1_OR3_X1_ZN_A1_AND4_X1_ZN_A4_OAI21_X1_ZN_B1_AOI21_X1_ZN_B2_OR3_X1_ZN_A2_AND3_X1_ZN_A1_OR3_X1_ZN_A1_AND3_X1_ZN_A1_OR3_X1_ZN_A1_AND3_X1_ZN_A1_OR3_X1_ZN/ZN (OR3_X1)
                    0.0158    0.0000    0.3732 v acc_out[8]_DFF_X1_Q_D_AND3_X1_ZN_A2_OR3_X1_ZN_A1_AND3_X1_ZN_A1_OR3_X1_ZN_A1_AND3_X1_ZN_A1_OR3_X1_ZN_A1_AND4_X1_ZN_A1_OR3_X1_ZN_A1_AND4_X1_ZN_A4_OAI21_X1_ZN_B1_AOI21_X1_ZN_B2_OR3_X1_ZN_A2_AND3_X1_ZN_A1_OR3_X1_ZN_A1_AND3_X1_ZN_A1_OR3_X1_ZN_A1_AND3_X1_ZN/A1 (AND3_X1)
     2    2.3339    0.0074    0.0355    0.4087 v acc_out[8]_DFF_X1_Q_D_AND3_X1_ZN_A2_OR3_X1_ZN_A1_AND3_X1_ZN_A1_OR3_X1_ZN_A1_AND3_X1_ZN_A1_OR3_X1_ZN_A1_AND4_X1_ZN_A1_OR3_X1_ZN_A1_AND4_X1_ZN_A4_OAI21_X1_ZN_B1_AOI21_X1_ZN_B2_OR3_X1_ZN_A2_AND3_X1_ZN_A1_OR3_X1_ZN_A1_AND3_X1_ZN_A1_OR3_X1_ZN_A1_AND3_X1_ZN/ZN (AND3_X1)
                    0.0074    0.0000    0.4087 v acc_out[8]_DFF_X1_Q_D_AND3_X1_ZN_A2_OR3_X1_ZN_A1_AND3_X1_ZN_A1_OR3_X1_ZN_A1_AND3_X1_ZN_A1_OR3_X1_ZN_A1_AND4_X1_ZN_A1_OR3_X1_ZN_A1_AND4_X1_ZN_A4_OAI21_X1_ZN_B1_AOI21_X1_ZN_B2_OR3_X1_ZN_A2_AND3_X1_ZN_A1_OR3_X1_ZN_A1_AND3_X1_ZN_A1_OR3_X1_ZN/A1 (OR3_X1)
     3    3.8381    0.0158    0.0706    0.4793 v acc_out[8]_DFF_X1_Q_D_AND3_X1_ZN_A2_OR3_X1_ZN_A1_AND3_X1_ZN_A1_OR3_X1_ZN_A1_AND3_X1_ZN_A1_OR3_X1_ZN_A1_AND4_X1_ZN_A1_OR3_X1_ZN_A1_AND4_X1_ZN_A4_OAI21_X1_ZN_B1_AOI21_X1_ZN_B2_OR3_X1_ZN_A2_AND3_X1_ZN_A1_OR3_X1_ZN_A1_AND3_X1_ZN_A1_OR3_X1_ZN/ZN (OR3_X1)
                    0.0158    0.0000    0.4793 v acc_out[8]_DFF_X1_Q_D_AND3_X1_ZN_A2_OR3_X1_ZN_A1_AND3_X1_ZN_A1_OR3_X1_ZN_A1_AND3_X1_ZN_A1_OR3_X1_ZN_A1_AND4_X1_ZN_A1_OR3_X1_ZN_A1_AND4_X1_ZN_A4_OAI21_X1_ZN_B1_AOI21_X1_ZN_B2_OR3_X1_ZN_A2_AND3_X1_ZN_A1_OR3_X1_ZN_A1_AND3_X1_ZN/A1 (AND3_X1)
     2    2.3339    0.0074    0.0355    0.5148 v acc_out[8]_DFF_X1_Q_D_AND3_X1_ZN_A2_OR3_X1_ZN_A1_AND3_X1_ZN_A1_OR3_X1_ZN_A1_AND3_X1_ZN_A1_OR3_X1_ZN_A1_AND4_X1_ZN_A1_OR3_X1_ZN_A1_AND4_X1_ZN_A4_OAI21_X1_ZN_B1_AOI21_X1_ZN_B2_OR3_X1_ZN_A2_AND3_X1_ZN_A1_OR3_X1_ZN_A1_AND3_X1_ZN/ZN (AND3_X1)
                    0.0074    0.0000    0.5148 v acc_out[8]_DFF_X1_Q_D_AND3_X1_ZN_A2_OR3_X1_ZN_A1_AND3_X1_ZN_A1_OR3_X1_ZN_A1_AND3_X1_ZN_A1_OR3_X1_ZN_A1_AND4_X1_ZN_A1_OR3_X1_ZN_A1_AND4_X1_ZN_A4_OAI21_X1_ZN_B1_AOI21_X1_ZN_B2_OR3_X1_ZN_A2_AND3_X1_ZN_A1_OR3_X1_ZN/A1 (OR3_X1)
     2    2.2761    0.0139    0.0661    0.5809 v acc_out[8]_DFF_X1_Q_D_AND3_X1_ZN_A2_OR3_X1_ZN_A1_AND3_X1_ZN_A1_OR3_X1_ZN_A1_AND3_X1_ZN_A1_OR3_X1_ZN_A1_AND4_X1_ZN_A1_OR3_X1_ZN_A1_AND4_X1_ZN_A4_OAI21_X1_ZN_B1_AOI21_X1_ZN_B2_OR3_X1_ZN_A2_AND3_X1_ZN_A1_OR3_X1_ZN/ZN (OR3_X1)
                    0.0139    0.0000    0.5809 v acc_out[8]_DFF_X1_Q_D_AND3_X1_ZN_A2_OR3_X1_ZN_A1_AND3_X1_ZN_A1_OR3_X1_ZN_A1_AND3_X1_ZN_A1_OR3_X1_ZN_A1_AND4_X1_ZN_A1_OR3_X1_ZN_A1_AND4_X1_ZN_A4_OAI21_X1_ZN_B1_AOI21_X1_ZN_B2_OR3_X1_ZN_A2_AND3_X1_ZN/A1 (AND3_X1)
     3    3.8592    0.0089    0.0375    0.6184 v acc_out[8]_DFF_X1_Q_D_AND3_X1_ZN_A2_OR3_X1_ZN_A1_AND3_X1_ZN_A1_OR3_X1_ZN_A1_AND3_X1_ZN_A1_OR3_X1_ZN_A1_AND4_X1_ZN_A1_OR3_X1_ZN_A1_AND4_X1_ZN_A4_OAI21_X1_ZN_B1_AOI21_X1_ZN_B2_OR3_X1_ZN_A2_AND3_X1_ZN/ZN (AND3_X1)
                    0.0089    0.0000    0.6184 v acc_out[8]_DFF_X1_Q_D_AND3_X1_ZN_A2_OR3_X1_ZN_A1_AND3_X1_ZN_A1_OR3_X1_ZN_A1_AND3_X1_ZN_A1_OR3_X1_ZN_A1_AND4_X1_ZN_A1_OR3_X1_ZN_A1_AND4_X1_ZN_A4_OAI21_X1_ZN_B1_AOI21_X1_ZN_B2_OR3_X1_ZN/A2 (OR3_X1)
     3    3.7783    0.0158    0.0822    0.7006 v acc_out[8]_DFF_X1_Q_D_AND3_X1_ZN_A2_OR3_X1_ZN_A1_AND3_X1_ZN_A1_OR3_X1_ZN_A1_AND3_X1_ZN_A1_OR3_X1_ZN_A1_AND4_X1_ZN_A1_OR3_X1_ZN_A1_AND4_X1_ZN_A4_OAI21_X1_ZN_B1_AOI21_X1_ZN_B2_OR3_X1_ZN/ZN (OR3_X1)
                    0.0158    0.0000    0.7006 v acc_out[8]_DFF_X1_Q_D_AND3_X1_ZN_A2_OR3_X1_ZN_A1_AND3_X1_ZN_A1_OR3_X1_ZN_A1_AND3_X1_ZN_A1_OR3_X1_ZN_A1_AND4_X1_ZN_A1_OR3_X1_ZN_A1_AND4_X1_ZN_A4_OAI21_X1_ZN_B1_AOI21_X1_ZN_A_AND3_X1_A2/A1 (AND3_X1)
     6    9.0194    0.0138    0.0464    0.7470 v acc_out[8]_DFF_X1_Q_D_AND3_X1_ZN_A2_OR3_X1_ZN_A1_AND3_X1_ZN_A1_OR3_X1_ZN_A1_AND3_X1_ZN_A1_OR3_X1_ZN_A1_AND4_X1_ZN_A1_OR3_X1_ZN_A1_AND4_X1_ZN_A4_OAI21_X1_ZN_B1_AOI21_X1_ZN_A_AND3_X1_A2/ZN (AND3_X1)
                    0.0138    0.0000    0.7470 v acc_out[8]_DFF_X1_Q_D_AND3_X1_ZN_A2_OR3_X1_ZN_A1_AND3_X1_ZN_A1_OR3_X1_ZN_A1_AND3_X1_ZN_A1_OR3_X1_ZN_A1_AND4_X1_ZN_A1_OR3_X1_ZN_A1_AND4_X1_ZN_A4_OAI21_X1_ZN_A_OR3_X1_A2/A1 (OR3_X1)
     4    6.0248    0.0183    0.0779    0.8248 v acc_out[8]_DFF_X1_Q_D_AND3_X1_ZN_A2_OR3_X1_ZN_A1_AND3_X1_ZN_A1_OR3_X1_ZN_A1_AND3_X1_ZN_A1_OR3_X1_ZN_A1_AND4_X1_ZN_A1_OR3_X1_ZN_A1_AND4_X1_ZN_A4_OAI21_X1_ZN_A_OR3_X1_A2/ZN (OR3_X1)
                    0.0183    0.0000    0.8248 v acc_out[8]_DFF_X1_Q_D_AND3_X1_ZN_A2_OR3_X1_ZN_A1_AND3_X1_ZN_A1_OR3_X1_ZN_A1_AND3_X1_ZN_A1_OR3_X1_ZN_A1_AND4_X1_ZN_A1_OR3_X1_ZN_A3_AOI22_X1_ZN/B2 (AOI22_X1)
     3    4.1555    0.0361    0.0625    0.8873 ^ acc_out[8]_DFF_X1_Q_D_AND3_X1_ZN_A2_OR3_X1_ZN_A1_AND3_X1_ZN_A1_OR3_X1_ZN_A1_AND3_X1_ZN_A1_OR3_X1_ZN_A1_AND4_X1_ZN_A1_OR3_X1_ZN_A3_AOI22_X1_ZN/ZN (AOI22_X1)
                    0.0361    0.0000    0.8873 ^ acc_out[9]_DFF_X1_Q_D_NOR2_X1_ZN_A2_XNOR2_X1_ZN_B_XOR2_X1_Z_B_XNOR2_X1_ZN_A_XOR2_X1_Z_B_XNOR2_X1_ZN_B_XOR2_X1_Z_B_XNOR2_X1_ZN_B_OAI21_X1_ZN/B2 (OAI21_X1)
     2    3.7781    0.0173    0.0292    0.9166 v acc_out[9]_DFF_X1_Q_D_NOR2_X1_ZN_A2_XNOR2_X1_ZN_B_XOR2_X1_Z_B_XNOR2_X1_ZN_A_XOR2_X1_Z_B_XNOR2_X1_ZN_B_XOR2_X1_Z_B_XNOR2_X1_ZN_B_OAI21_X1_ZN/ZN (OAI21_X1)
                    0.0173    0.0000    0.9166 v acc_out[9]_DFF_X1_Q_D_NOR2_X1_ZN_A2_XNOR2_X1_ZN_B_XOR2_X1_Z_B_XNOR2_X1_ZN_A_XOR2_X1_Z_B_XNOR2_X1_ZN_B_XOR2_X1_Z_B_XNOR2_X1_ZN/B (XNOR2_X1)
     2    3.9753    0.0163    0.0476    0.9642 v acc_out[9]_DFF_X1_Q_D_NOR2_X1_ZN_A2_XNOR2_X1_ZN_B_XOR2_X1_Z_B_XNOR2_X1_ZN_A_XOR2_X1_Z_B_XNOR2_X1_ZN_B_XOR2_X1_Z_B_XNOR2_X1_ZN/ZN (XNOR2_X1)
                    0.0163    0.0000    0.9642 v acc_out[9]_DFF_X1_Q_D_NOR2_X1_ZN_A2_XNOR2_X1_ZN_B_XOR2_X1_Z_B_XNOR2_X1_ZN_A_XOR2_X1_Z_B_XNOR2_X1_ZN_B_XOR2_X1_Z/B (XOR2_X1)
     2    3.7781    0.0144    0.0620    1.0261 v acc_out[9]_DFF_X1_Q_D_NOR2_X1_ZN_A2_XNOR2_X1_ZN_B_XOR2_X1_Z_B_XNOR2_X1_ZN_A_XOR2_X1_Z_B_XNOR2_X1_ZN_B_XOR2_X1_Z/Z (XOR2_X1)
                    0.0144    0.0000    1.0261 v acc_out[10]_DFF_X1_Q_D_AOI21_X1_ZN_B2_XNOR2_X1_ZN_B_XOR2_X1_Z_A_XNOR2_X1_ZN_B_XNOR2_X1_ZN_B_AOI21_X1_ZN/B2 (AOI21_X1)
     2    4.1455    0.0330    0.0456    1.0717 ^ acc_out[10]_DFF_X1_Q_D_AOI21_X1_ZN_B2_XNOR2_X1_ZN_B_XOR2_X1_Z_A_XNOR2_X1_ZN_B_XNOR2_X1_ZN_B_AOI21_X1_ZN/ZN (AOI21_X1)
                    0.0330    0.0000    1.0717 ^ acc_out[10]_DFF_X1_Q_D_AOI21_X1_ZN_B2_XNOR2_X1_ZN_B_XOR2_X1_Z_A_XNOR2_X1_ZN_B_XNOR2_X1_ZN_B_OAI21_X1_B2/B2 (OAI21_X1)
     2    3.6281    0.0163    0.0279    1.0996 v acc_out[10]_DFF_X1_Q_D_AOI21_X1_ZN_B2_XNOR2_X1_ZN_B_XOR2_X1_Z_A_XNOR2_X1_ZN_B_XNOR2_X1_ZN_B_OAI21_X1_B2/ZN (OAI21_X1)
                    0.0163    0.0000    1.0996 v acc_out[11]_DFF_X1_Q_D_NOR2_X1_ZN_A2_XNOR2_X1_ZN_A_XOR2_X1_Z_B_XOR2_X1_Z_B_XOR2_X1_Z_B_XOR2_X1_Z/A (XOR2_X1)
     2    3.3056    0.0136    0.0561    1.1557 v acc_out[11]_DFF_X1_Q_D_NOR2_X1_ZN_A2_XNOR2_X1_ZN_A_XOR2_X1_Z_B_XOR2_X1_Z_B_XOR2_X1_Z_B_XOR2_X1_Z/Z (XOR2_X1)
                    0.0136    0.0000    1.1557 v acc_out[11]_DFF_X1_Q_D_NOR2_X1_ZN_A2_XNOR2_X1_ZN_A_XOR2_X1_Z_B_XOR2_X1_Z_B_XOR2_X1_Z/B (XOR2_X1)
     2    3.8214    0.0143    0.0609    1.2166 v acc_out[11]_DFF_X1_Q_D_NOR2_X1_ZN_A2_XNOR2_X1_ZN_A_XOR2_X1_Z_B_XOR2_X1_Z_B_XOR2_X1_Z/Z (XOR2_X1)
                    0.0143    0.0000    1.2166 v acc_out[12]_DFF_X1_Q_D_AOI21_X1_ZN_B2_XNOR2_X1_ZN_B_XOR2_X1_Z_B_AOI21_X1_ZN/B2 (AOI21_X1)
     2    3.9354    0.0320    0.0445    1.2611 ^ acc_out[12]_DFF_X1_Q_D_AOI21_X1_ZN_B2_XNOR2_X1_ZN_B_XOR2_X1_Z_B_AOI21_X1_ZN/ZN (AOI21_X1)
                    0.0320    0.0000    1.2611 ^ acc_out[12]_DFF_X1_Q_D_AOI21_X1_ZN_B2_XNOR2_X1_ZN_B_XOR2_X1_Z_A_OAI21_X1_B1/B2 (OAI21_X1)
     2    3.8214    0.0164    0.0281    1.2892 v acc_out[12]_DFF_X1_Q_D_AOI21_X1_ZN_B2_XNOR2_X1_ZN_B_XOR2_X1_Z_A_OAI21_X1_B1/ZN (OAI21_X1)
                    0.0164    0.0000    1.2892 v acc_out[13]_DFF_X1_Q_D_AND2_X1_ZN_A1_OR2_X1_ZN_A2_XOR2_X1_Z_B_XOR2_X1_Z/B (XOR2_X1)
     2    3.3056    0.0144    0.0612    1.3504 v acc_out[13]_DFF_X1_Q_D_AND2_X1_ZN_A1_OR2_X1_ZN_A2_XOR2_X1_Z_B_XOR2_X1_Z/Z (XOR2_X1)
                    0.0144    0.0000    1.3504 v acc_out[13]_DFF_X1_Q_D_AND2_X1_ZN_A1_OR2_X1_ZN_A2_XOR2_X1_Z/B (XOR2_X1)
     3    3.7153    0.0142    0.0611    1.4115 v acc_out[13]_DFF_X1_Q_D_AND2_X1_ZN_A1_OR2_X1_ZN_A2_XOR2_X1_Z/Z (XOR2_X1)
                    0.0142    0.0000    1.4115 v acc_out[14]_DFF_X1_Q_D_AOI21_X1_ZN_B2_AOI21_X1_ZN/B2 (AOI21_X1)
     3    5.0010    0.0370    0.0498    1.4613 ^ acc_out[14]_DFF_X1_Q_D_AOI21_X1_ZN_B2_AOI21_X1_ZN/ZN (AOI21_X1)
                    0.0370    0.0000    1.4613 ^ acc_out[14]_DFF_X1_Q_D_AOI21_X1_ZN_B2_OAI21_X1_B1/B1 (OAI21_X1)
     2    3.7781    0.0166    0.0261    1.4874 v acc_out[14]_DFF_X1_Q_D_AOI21_X1_ZN_B2_OAI21_X1_B1/ZN (OAI21_X1)
                    0.0166    0.0000    1.4874 v acc_out[16]_DFF_X1_Q_D_AOI21_X1_ZN_B1_AOI21_X1_ZN/B2 (AOI21_X1)
     3    4.7908    0.0360    0.0497    1.5371 ^ acc_out[16]_DFF_X1_Q_D_AOI21_X1_ZN_B1_AOI21_X1_ZN/ZN (AOI21_X1)
                    0.0360    0.0000    1.5371 ^ acc_out[16]_DFF_X1_Q_D_AOI21_X1_ZN_B2_OAI21_X1_B1/B2 (OAI21_X1)
     3    3.7347    0.0172    0.0291    1.5662 v acc_out[16]_DFF_X1_Q_D_AOI21_X1_ZN_B2_OAI21_X1_B1/ZN (OAI21_X1)
                    0.0172    0.0000    1.5662 v acc_out[18]_DFF_X1_Q_D_AOI21_X1_ZN_B1_AOI21_X1_ZN/B1 (AOI21_X1)
     3    4.7908    0.0360    0.0450    1.6112 ^ acc_out[18]_DFF_X1_Q_D_AOI21_X1_ZN_B1_AOI21_X1_ZN/ZN (AOI21_X1)
                    0.0360    0.0000    1.6112 ^ acc_out[18]_DFF_X1_Q_D_AOI21_X1_ZN_B2_OAI21_X1_B1/B2 (OAI21_X1)
     2    3.5727    0.0170    0.0286    1.6399 v acc_out[18]_DFF_X1_Q_D_AOI21_X1_ZN_B2_OAI21_X1_B1/ZN (OAI21_X1)
                    0.0170    0.0000    1.6399 v acc_out[20]_DFF_X1_Q_D_AOI21_X1_ZN_B1_AOI21_X1_ZN/B1 (AOI21_X1)
     3    4.7908    0.0360    0.0450    1.6848 ^ acc_out[20]_DFF_X1_Q_D_AOI21_X1_ZN_B1_AOI21_X1_ZN/ZN (AOI21_X1)
                    0.0360    0.0000    1.6848 ^ acc_out[20]_DFF_X1_Q_D_AOI21_X1_ZN_B2_OAI21_X1_B1/B2 (OAI21_X1)
     3    3.7347    0.0172    0.0291    1.7139 v acc_out[20]_DFF_X1_Q_D_AOI21_X1_ZN_B2_OAI21_X1_B1/ZN (OAI21_X1)
                    0.0172    0.0000    1.7139 v acc_out[22]_DFF_X1_Q_D_AOI21_X1_ZN_B1_AOI21_X1_ZN/B1 (AOI21_X1)
     3    4.7908    0.0360    0.0450    1.7589 ^ acc_out[22]_DFF_X1_Q_D_AOI21_X1_ZN_B1_AOI21_X1_ZN/ZN (AOI21_X1)
                    0.0360    0.0000    1.7589 ^ acc_out[22]_DFF_X1_Q_D_AOI21_X1_ZN_B2_OAI21_X1_B1/B2 (OAI21_X1)
     2    3.5727    0.0170    0.0286    1.7876 v acc_out[22]_DFF_X1_Q_D_AOI21_X1_ZN_B2_OAI21_X1_B1/ZN (OAI21_X1)
                    0.0170    0.0000    1.7876 v acc_out[24]_DFF_X1_Q_D_AOI21_X1_ZN_B1_AOI21_X1_ZN/B1 (AOI21_X1)
     3    4.7908    0.0360    0.0450    1.8325 ^ acc_out[24]_DFF_X1_Q_D_AOI21_X1_ZN_B1_AOI21_X1_ZN/ZN (AOI21_X1)
                    0.0360    0.0000    1.8325 ^ acc_out[24]_DFF_X1_Q_D_AOI21_X1_ZN_B2_OAI21_X1_B1/B2 (OAI21_X1)
     3    3.8679    0.0174    0.0294    1.8620 v acc_out[24]_DFF_X1_Q_D_AOI21_X1_ZN_B2_OAI21_X1_B1/ZN (OAI21_X1)
                    0.0174    0.0000    1.8620 v acc_out[26]_DFF_X1_Q_D_AOI21_X1_ZN_B1_AOI21_X1_ZN/B2 (AOI21_X1)
     3    4.7908    0.0360    0.0501    1.9120 ^ acc_out[26]_DFF_X1_Q_D_AOI21_X1_ZN_B1_AOI21_X1_ZN/ZN (AOI21_X1)
                    0.0360    0.0000    1.9120 ^ acc_out[26]_DFF_X1_Q_D_AOI21_X1_ZN_B2_OAI21_X1_B1/B2 (OAI21_X1)
     3    3.7347    0.0172    0.0291    1.9411 v acc_out[26]_DFF_X1_Q_D_AOI21_X1_ZN_B2_OAI21_X1_B1/ZN (OAI21_X1)
                    0.0172    0.0000    1.9411 v acc_out[28]_DFF_X1_Q_D_AOI21_X1_ZN_B1_AOI21_X1_ZN/B1 (AOI21_X1)
     3    4.7908    0.0360    0.0450    1.9861 ^ acc_out[28]_DFF_X1_Q_D_AOI21_X1_ZN_B1_AOI21_X1_ZN/ZN (AOI21_X1)
                    0.0360    0.0000    1.9861 ^ acc_out[28]_DFF_X1_Q_D_AOI21_X1_ZN_B2_OAI21_X1_B1/B2 (OAI21_X1)
     3    3.8679    0.0174    0.0294    2.0156 v acc_out[28]_DFF_X1_Q_D_AOI21_X1_ZN_B2_OAI21_X1_B1/ZN (OAI21_X1)
                    0.0174    0.0000    2.0156 v acc_out[30]_DFF_X1_Q_D_AOI21_X1_ZN_B2_AOI21_X1_ZN/B2 (AOI21_X1)
     3    5.0010    0.0370    0.0511    2.0667 ^ acc_out[30]_DFF_X1_Q_D_AOI21_X1_ZN_B2_AOI21_X1_ZN/ZN (AOI21_X1)
                    0.0370    0.0000    2.0667 ^ acc_out[30]_DFF_X1_Q_D_AOI21_X1_ZN_B2_OAI21_X1_B1/B1 (OAI21_X1)
     3    4.5080    0.0176    0.0281    2.0948 v acc_out[30]_DFF_X1_Q_D_AOI21_X1_ZN_B2_OAI21_X1_B1/ZN (OAI21_X1)
                    0.0176    0.0000    2.0948 v acc_out[31]_DFF_X1_Q_D_NOR2_X1_ZN_A2_XNOR2_X1_ZN_A_OR3_X1_A3/A3 (OR3_X1)
     3    3.2234    0.0151    0.0881    2.1829 v acc_out[31]_DFF_X1_Q_D_NOR2_X1_ZN_A2_XNOR2_X1_ZN_A_OR3_X1_A3/ZN (OR3_X1)
                    0.0151    0.0000    2.1829 v acc_out[32]_DFF_X1_Q_D_NOR3_X1_ZN_A3_AND3_X1_ZN_A2_OR2_X1_A2/A2 (OR2_X1)
     7   10.1278    0.0177    0.0684    2.2513 v acc_out[32]_DFF_X1_Q_D_NOR3_X1_ZN_A3_AND3_X1_ZN_A2_OR2_X1_A2/ZN (OR2_X1)
                    0.0177    0.0000    2.2513 v acc_out[39]_DFF_X1_Q_D_AOI21_X1_ZN/B1 (AOI21_X1)
     1    1.1403    0.0203    0.0267    2.2780 ^ acc_out[39]_DFF_X1_Q_D_AOI21_X1_ZN/ZN (AOI21_X1)
                    0.0203    0.0000    2.2780 ^ acc_out[39]_DFF_X1_Q/D (DFF_X1)
                                        2.2780   data arrival time

                    0.0500    2.0000    2.0000   clock clk (rise edge)
                              0.0000    2.0000   clock network delay (ideal)
                             -0.0500    1.9500   clock uncertainty
                              0.0000    1.9500   clock reconvergence pessimism
                                        1.9500 ^ acc_out[39]_DFF_X1_Q/CK (DFF_X1)
                             -0.0293    1.9207   library setup time
                                        1.9207   data required time
-------------------------------------------------------------------------------------
                                        1.9207   data required time
                                       -2.2780   data arrival time
-------------------------------------------------------------------------------------
                                       -0.3573   slack (VIOLATED)


Startpoint: b1[0]_AND2_X1_A2_ZN_DFF_X1_D
            (rising edge-triggered flip-flop clocked by clk)
Endpoint: acc_out[32]_DFF_X1_Q (rising edge-triggered flip-flop clocked by clk)
Path Group: clk
Path Type: max

Fanout       Cap      Slew     Delay      Time   Description
-------------------------------------------------------------------------------------
                    0.0500    0.0000    0.0000   clock clk (rise edge)
                              0.0000    0.0000   clock network delay (ideal)
                    0.0500    0.0000    0.0000 ^ b1[0]_AND2_X1_A2_ZN_DFF_X1_D/CK (DFF_X1)
    42   57.0488    0.1329    0.2293    0.2293 ^ b1[0]_AND2_X1_A2_ZN_DFF_X1_D/Q (DFF_X1)
                    0.1329    0.0000    0.2293 ^ acc_out[8]_DFF_X1_Q_D_AND3_X1_ZN_A2_OR3_X1_ZN_A1_AND3_X1_ZN_A1_OR3_X1_ZN_A1_AND3_X1_ZN_A1_OR3_X1_ZN_A1_AND4_X1_ZN_A1_OR3_X1_ZN_A1_AND4_X1_ZN_A4_OAI21_X1_ZN_B1_AOI21_X1_ZN_B2_OR3_X1_ZN_A2_AND3_X1_ZN_A1_OR3_X1_ZN_A1_AND3_X1_ZN_A1_OR3_X1_ZN_A1_AND3_X1_ZN_A1_OR3_X1_ZN_A3_AOI22_X1_ZN/B1 (AOI22_X1)
     3    3.9140    0.0405    0.0468    0.2761 v acc_out[8]_DFF_X1_Q_D_AND3_X1_ZN_A2_OR3_X1_ZN_A1_AND3_X1_ZN_A1_OR3_X1_ZN_A1_AND3_X1_ZN_A1_OR3_X1_ZN_A1_AND4_X1_ZN_A1_OR3_X1_ZN_A1_AND4_X1_ZN_A4_OAI21_X1_ZN_B1_AOI21_X1_ZN_B2_OR3_X1_ZN_A2_AND3_X1_ZN_A1_OR3_X1_ZN_A1_AND3_X1_ZN_A1_OR3_X1_ZN_A1_AND3_X1_ZN_A1_OR3_X1_ZN_A3_AOI22_X1_ZN/ZN (AOI22_X1)
                    0.0405    0.0000    0.2761 v acc_out[8]_DFF_X1_Q_D_AND3_X1_ZN_A2_OR3_X1_ZN_A1_AND3_X1_ZN_A1_OR3_X1_ZN_A1_AND3_X1_ZN_A1_OR3_X1_ZN_A1_AND4_X1_ZN_A1_OR3_X1_ZN_A1_AND4_X1_ZN_A4_OAI21_X1_ZN_B1_AOI21_X1_ZN_B2_OR3_X1_ZN_A2_AND3_X1_ZN_A1_OR3_X1_ZN_A1_AND3_X1_ZN_A1_OR3_X1_ZN_A1_AND3_X1_ZN_A1_OR3_X1_ZN/A3 (OR3_X1)
     3    3.8381    0.0158    0.0971    0.3732 v acc_out[8]_DFF_X1_Q_D_AND3_X1_ZN_A2_OR3_X1_ZN_A1_AND3_X1_ZN_A1_OR3_X1_ZN_A1_AND3_X1_ZN_A1_OR3_X1_ZN_A1_AND4_X1_ZN_A1_OR3_X1_ZN_A1_AND4_X1_ZN_A4_OAI21_X1_ZN_B1_AOI21_X1_ZN_B2_OR3_X1_ZN_A2_AND3_X1_ZN_A1_OR3_X1_ZN_A1_AND3_X1_ZN_A1_OR3_X1_ZN_A1_AND3_X1_ZN_A1_OR3_X1_ZN/ZN (OR3_X1)
                    0.0158    0.0000    0.3732 v acc_out[8]_DFF_X1_Q_D_AND3_X1_ZN_A2_OR3_X1_ZN_A1_AND3_X1_ZN_A1_OR3_X1_ZN_A1_AND3_X1_ZN_A1_OR3_X1_ZN_A1_AND4_X1_ZN_A1_OR3_X1_ZN_A1_AND4_X1_ZN_A4_OAI21_X1_ZN_B1_AOI21_X1_ZN_B2_OR3_X1_ZN_A2_AND3_X1_ZN_A1_OR3_X1_ZN_A1_AND3_X1_ZN_A1_OR3_X1_ZN_A1_AND3_X1_ZN/A1 (AND3_X1)
     2    2.3339    0.0074    0.0355    0.4087 v acc_out[8]_DFF_X1_Q_D_AND3_X1_ZN_A2_OR3_X1_ZN_A1_AND3_X1_ZN_A1_OR3_X1_ZN_A1_AND3_X1_ZN_A1_OR3_X1_ZN_A1_AND4_X1_ZN_A1_OR3_X1_ZN_A1_AND4_X1_ZN_A4_OAI21_X1_ZN_B1_AOI21_X1_ZN_B2_OR3_X1_ZN_A2_AND3_X1_ZN_A1_OR3_X1_ZN_A1_AND3_X1_ZN_A1_OR3_X1_ZN_A1_AND3_X1_ZN/ZN (AND3_X1)
                    0.0074    0.0000    0.4087 v acc_out[8]_DFF_X1_Q_D_AND3_X1_ZN_A2_OR3_X1_ZN_A1_AND3_X1_ZN_A1_OR3_X1_ZN_A1_AND3_X1_ZN_A1_OR3_X1_ZN_A1_AND4_X1_ZN_A1_OR3_X1_ZN_A1_AND4_X1_ZN_A4_OAI21_X1_ZN_B1_AOI21_X1_ZN_B2_OR3_X1_ZN_A2_AND3_X1_ZN_A1_OR3_X1_ZN_A1_AND3_X1_ZN_A1_OR3_X1_ZN/A1 (OR3_X1)
     3    3.8381    0.0158    0.0706    0.4793 v acc_out[8]_DFF_X1_Q_D_AND3_X1_ZN_A2_OR3_X1_ZN_A1_AND3_X1_ZN_A1_OR3_X1_ZN_A1_AND3_X1_ZN_A1_OR3_X1_ZN_A1_AND4_X1_ZN_A1_OR3_X1_ZN_A1_AND4_X1_ZN_A4_OAI21_X1_ZN_B1_AOI21_X1_ZN_B2_OR3_X1_ZN_A2_AND3_X1_ZN_A1_OR3_X1_ZN_A1_AND3_X1_ZN_A1_OR3_X1_ZN/ZN (OR3_X1)
                    0.0158    0.0000    0.4793 v acc_out[8]_DFF_X1_Q_D_AND3_X1_ZN_A2_OR3_X1_ZN_A1_AND3_X1_ZN_A1_OR3_X1_ZN_A1_AND3_X1_ZN_A1_OR3_X1_ZN_A1_AND4_X1_ZN_A1_OR3_X1_ZN_A1_AND4_X1_ZN_A4_OAI21_X1_ZN_B1_AOI21_X1_ZN_B2_OR3_X1_ZN_A2_AND3_X1_ZN_A1_OR3_X1_ZN_A1_AND3_X1_ZN/A1 (AND3_X1)
     2    2.3339    0.0074    0.0355    0.5148 v acc_out[8]_DFF_X1_Q_D_AND3_X1_ZN_A2_OR3_X1_ZN_A1_AND3_X1_ZN_A1_OR3_X1_ZN_A1_AND3_X1_ZN_A1_OR3_X1_ZN_A1_AND4_X1_ZN_A1_OR3_X1_ZN_A1_AND4_X1_ZN_A4_OAI21_X1_ZN_B1_AOI21_X1_ZN_B2_OR3_X1_ZN_A2_AND3_X1_ZN_A1_OR3_X1_ZN_A1_AND3_X1_ZN/ZN (AND3_X1)
                    0.0074    0.0000    0.5148 v acc_out[8]_DFF_X1_Q_D_AND3_X1_ZN_A2_OR3_X1_ZN_A1_AND3_X1_ZN_A1_OR3_X1_ZN_A1_AND3_X1_ZN_A1_OR3_X1_ZN_A1_AND4_X1_ZN_A1_OR3_X1_ZN_A1_AND4_X1_ZN_A4_OAI21_X1_ZN_B1_AOI21_X1_ZN_B2_OR3_X1_ZN_A2_AND3_X1_ZN_A1_OR3_X1_ZN/A1 (OR3_X1)
     2    2.2761    0.0139    0.0661    0.5809 v acc_out[8]_DFF_X1_Q_D_AND3_X1_ZN_A2_OR3_X1_ZN_A1_AND3_X1_ZN_A1_OR3_X1_ZN_A1_AND3_X1_ZN_A1_OR3_X1_ZN_A1_AND4_X1_ZN_A1_OR3_X1_ZN_A1_AND4_X1_ZN_A4_OAI21_X1_ZN_B1_AOI21_X1_ZN_B2_OR3_X1_ZN_A2_AND3_X1_ZN_A1_OR3_X1_ZN/ZN (OR3_X1)
                    0.0139    0.0000    0.5809 v acc_out[8]_DFF_X1_Q_D_AND3_X1_ZN_A2_OR3_X1_ZN_A1_AND3_X1_ZN_A1_OR3_X1_ZN_A1_AND3_X1_ZN_A1_OR3_X1_ZN_A1_AND4_X1_ZN_A1_OR3_X1_ZN_A1_AND4_X1_ZN_A4_OAI21_X1_ZN_B1_AOI21_X1_ZN_B2_OR3_X1_ZN_A2_AND3_X1_ZN/A1 (AND3_X1)
     3    3.8592    0.0089    0.0375    0.6184 v acc_out[8]_DFF_X1_Q_D_AND3_X1_ZN_A2_OR3_X1_ZN_A1_AND3_X1_ZN_A1_OR3_X1_ZN_A1_AND3_X1_ZN_A1_OR3_X1_ZN_A1_AND4_X1_ZN_A1_OR3_X1_ZN_A1_AND4_X1_ZN_A4_OAI21_X1_ZN_B1_AOI21_X1_ZN_B2_OR3_X1_ZN_A2_AND3_X1_ZN/ZN (AND3_X1)
                    0.0089    0.0000    0.6184 v acc_out[8]_DFF_X1_Q_D_AND3_X1_ZN_A2_OR3_X1_ZN_A1_AND3_X1_ZN_A1_OR3_X1_ZN_A1_AND3_X1_ZN_A1_OR3_X1_ZN_A1_AND4_X1_ZN_A1_OR3_X1_ZN_A1_AND4_X1_ZN_A4_OAI21_X1_ZN_B1_AOI21_X1_ZN_B2_OR3_X1_ZN/A2 (OR3_X1)
     3    3.7783    0.0158    0.0822    0.7006 v acc_out[8]_DFF_X1_Q_D_AND3_X1_ZN_A2_OR3_X1_ZN_A1_AND3_X1_ZN_A1_OR3_X1_ZN_A1_AND3_X1_ZN_A1_OR3_X1_ZN_A1_AND4_X1_ZN_A1_OR3_X1_ZN_A1_AND4_X1_ZN_A4_OAI21_X1_ZN_B1_AOI21_X1_ZN_B2_OR3_X1_ZN/ZN (OR3_X1)
                    0.0158    0.0000    0.7006 v acc_out[8]_DFF_X1_Q_D_AND3_X1_ZN_A2_OR3_X1_ZN_A1_AND3_X1_ZN_A1_OR3_X1_ZN_A1_AND3_X1_ZN_A1_OR3_X1_ZN_A1_AND4_X1_ZN_A1_OR3_X1_ZN_A1_AND4_X1_ZN_A4_OAI21_X1_ZN_B1_AOI21_X1_ZN_A_AND3_X1_A2/A1 (AND3_X1)
     6    9.0194    0.0138    0.0464    0.7470 v acc_out[8]_DFF_X1_Q_D_AND3_X1_ZN_A2_OR3_X1_ZN_A1_AND3_X1_ZN_A1_OR3_X1_ZN_A1_AND3_X1_ZN_A1_OR3_X1_ZN_A1_AND4_X1_ZN_A1_OR3_X1_ZN_A1_AND4_X1_ZN_A4_OAI21_X1_ZN_B1_AOI21_X1_ZN_A_AND3_X1_A2/ZN (AND3_X1)
                    0.0138    0.0000    0.7470 v acc_out[8]_DFF_X1_Q_D_AND3_X1_ZN_A2_OR3_X1_ZN_A1_AND3_X1_ZN_A1_OR3_X1_ZN_A1_AND3_X1_ZN_A1_OR3_X1_ZN_A1_AND4_X1_ZN_A1_OR3_X1_ZN_A1_AND4_X1_ZN_A4_OAI21_X1_ZN_A_OR3_X1_A2/A1 (OR3_X1)
     4    6.0248    0.0183    0.0779    0.8248 v acc_out[8]_DFF_X1_Q_D_AND3_X1_ZN_A2_OR3_X1_ZN_A1_AND3_X1_ZN_A1_OR3_X1_ZN_A1_AND3_X1_ZN_A1_OR3_X1_ZN_A1_AND4_X1_ZN_A1_OR3_X1_ZN_A1_AND4_X1_ZN_A4_OAI21_X1_ZN_A_OR3_X1_A2/ZN (OR3_X1)
                    0.0183    0.0000    0.8248 v acc_out[8]_DFF_X1_Q_D_AND3_X1_ZN_A2_OR3_X1_ZN_A1_AND3_X1_ZN_A1_OR3_X1_ZN_A1_AND3_X1_ZN_A1_OR3_X1_ZN_A1_AND4_X1_ZN_A1_OR3_X1_ZN_A3_AOI22_X1_ZN/B2 (AOI22_X1)
     3    4.1555    0.0361    0.0625    0.8873 ^ acc_out[8]_DFF_X1_Q_D_AND3_X1_ZN_A2_OR3_X1_ZN_A1_AND3_X1_ZN_A1_OR3_X1_ZN_A1_AND3_X1_ZN_A1_OR3_X1_ZN_A1_AND4_X1_ZN_A1_OR3_X1_ZN_A3_AOI22_X1_ZN/ZN (AOI22_X1)
                    0.0361    0.0000    0.8873 ^ acc_out[9]_DFF_X1_Q_D_NOR2_X1_ZN_A2_XNOR2_X1_ZN_B_XOR2_X1_Z_B_XNOR2_X1_ZN_A_XOR2_X1_Z_B_XNOR2_X1_ZN_B_XOR2_X1_Z_B_XNOR2_X1_ZN_B_OAI21_X1_ZN/B2 (OAI21_X1)
     2    3.7781    0.0173    0.0292    0.9166 v acc_out[9]_DFF_X1_Q_D_NOR2_X1_ZN_A2_XNOR2_X1_ZN_B_XOR2_X1_Z_B_XNOR2_X1_ZN_A_XOR2_X1_Z_B_XNOR2_X1_ZN_B_XOR2_X1_Z_B_XNOR2_X1_ZN_B_OAI21_X1_ZN/ZN (OAI21_X1)
                    0.0173    0.0000    0.9166 v acc_out[9]_DFF_X1_Q_D_NOR2_X1_ZN_A2_XNOR2_X1_ZN_B_XOR2_X1_Z_B_XNOR2_X1_ZN_A_XOR2_X1_Z_B_XNOR2_X1_ZN_B_XOR2_X1_Z_B_XNOR2_X1_ZN/B (XNOR2_X1)
     2    3.9753    0.0163    0.0476    0.9642 v acc_out[9]_DFF_X1_Q_D_NOR2_X1_ZN_A2_XNOR2_X1_ZN_B_XOR2_X1_Z_B_XNOR2_X1_ZN_A_XOR2_X1_Z_B_XNOR2_X1_ZN_B_XOR2_X1_Z_B_XNOR2_X1_ZN/ZN (XNOR2_X1)
                    0.0163    0.0000    0.9642 v acc_out[9]_DFF_X1_Q_D_NOR2_X1_ZN_A2_XNOR2_X1_ZN_B_XOR2_X1_Z_B_XNOR2_X1_ZN_A_XOR2_X1_Z_B_XNOR2_X1_ZN_B_XOR2_X1_Z/B (XOR2_X1)
     2    3.7781    0.0144    0.0620    1.0261 v acc_out[9]_DFF_X1_Q_D_NOR2_X1_ZN_A2_XNOR2_X1_ZN_B_XOR2_X1_Z_B_XNOR2_X1_ZN_A_XOR2_X1_Z_B_XNOR2_X1_ZN_B_XOR2_X1_Z/Z (XOR2_X1)
                    0.0144    0.0000    1.0261 v acc_out[10]_DFF_X1_Q_D_AOI21_X1_ZN_B2_XNOR2_X1_ZN_B_XOR2_X1_Z_A_XNOR2_X1_ZN_B_XNOR2_X1_ZN_B_AOI21_X1_ZN/B2 (AOI21_X1)
     2    4.1455    0.0330    0.0456    1.0717 ^ acc_out[10]_DFF_X1_Q_D_AOI21_X1_ZN_B2_XNOR2_X1_ZN_B_XOR2_X1_Z_A_XNOR2_X1_ZN_B_XNOR2_X1_ZN_B_AOI21_X1_ZN/ZN (AOI21_X1)
                    0.0330    0.0000    1.0717 ^ acc_out[10]_DFF_X1_Q_D_AOI21_X1_ZN_B2_XNOR2_X1_ZN_B_XOR2_X1_Z_A_XNOR2_X1_ZN_B_XNOR2_X1_ZN_B_OAI21_X1_B2/B2 (OAI21_X1)
     2    3.6281    0.0163    0.0279    1.0996 v acc_out[10]_DFF_X1_Q_D_AOI21_X1_ZN_B2_XNOR2_X1_ZN_B_XOR2_X1_Z_A_XNOR2_X1_ZN_B_XNOR2_X1_ZN_B_OAI21_X1_B2/ZN (OAI21_X1)
                    0.0163    0.0000    1.0996 v acc_out[11]_DFF_X1_Q_D_NOR2_X1_ZN_A2_XNOR2_X1_ZN_A_XOR2_X1_Z_B_XOR2_X1_Z_B_XOR2_X1_Z_B_XOR2_X1_Z/A (XOR2_X1)
     2    3.3056    0.0136    0.0561    1.1557 v acc_out[11]_DFF_X1_Q_D_NOR2_X1_ZN_A2_XNOR2_X1_ZN_A_XOR2_X1_Z_B_XOR2_X1_Z_B_XOR2_X1_Z_B_XOR2_X1_Z/Z (XOR2_X1)
                    0.0136    0.0000    1.1557 v acc_out[11]_DFF_X1_Q_D_NOR2_X1_ZN_A2_XNOR2_X1_ZN_A_XOR2_X1_Z_B_XOR2_X1_Z_B_XOR2_X1_Z/B (XOR2_X1)
     2    3.8214    0.0143    0.0609    1.2166 v acc_out[11]_DFF_X1_Q_D_NOR2_X1_ZN_A2_XNOR2_X1_ZN_A_XOR2_X1_Z_B_XOR2_X1_Z_B_XOR2_X1_Z/Z (XOR2_X1)
                    0.0143    0.0000    1.2166 v acc_out[12]_DFF_X1_Q_D_AOI21_X1_ZN_B2_XNOR2_X1_ZN_B_XOR2_X1_Z_B_AOI21_X1_ZN/B2 (AOI21_X1)
     2    3.9354    0.0320    0.0445    1.2611 ^ acc_out[12]_DFF_X1_Q_D_AOI21_X1_ZN_B2_XNOR2_X1_ZN_B_XOR2_X1_Z_B_AOI21_X1_ZN/ZN (AOI21_X1)
                    0.0320    0.0000    1.2611 ^ acc_out[12]_DFF_X1_Q_D_AOI21_X1_ZN_B2_XNOR2_X1_ZN_B_XOR2_X1_Z_A_OAI21_X1_B1/B2 (OAI21_X1)
     2    3.8214    0.0164    0.0281    1.2892 v acc_out[12]_DFF_X1_Q_D_AOI21_X1_ZN_B2_XNOR2_X1_ZN_B_XOR2_X1_Z_A_OAI21_X1_B1/ZN (OAI21_X1)
                    0.0164    0.0000    1.2892 v acc_out[13]_DFF_X1_Q_D_AND2_X1_ZN_A1_OR2_X1_ZN_A2_XOR2_X1_Z_B_XOR2_X1_Z/B (XOR2_X1)
     2    3.3056    0.0144    0.0612    1.3504 v acc_out[13]_DFF_X1_Q_D_AND2_X1_ZN_A1_OR2_X1_ZN_A2_XOR2_X1_Z_B_XOR2_X1_Z/Z (XOR2_X1)
                    0.0144    0.0000    1.3504 v acc_out[13]_DFF_X1_Q_D_AND2_X1_ZN_A1_OR2_X1_ZN_A2_XOR2_X1_Z/B (XOR2_X1)
     3    3.7153    0.0142    0.0611    1.4115 v acc_out[13]_DFF_X1_Q_D_AND2_X1_ZN_A1_OR2_X1_ZN_A2_XOR2_X1_Z/Z (XOR2_X1)
                    0.0142    0.0000    1.4115 v acc_out[14]_DFF_X1_Q_D_AOI21_X1_ZN_B2_AOI21_X1_ZN/B2 (AOI21_X1)
     3    5.0010    0.0370    0.0498    1.4613 ^ acc_out[14]_DFF_X1_Q_D_AOI21_X1_ZN_B2_AOI21_X1_ZN/ZN (AOI21_X1)
                    0.0370    0.0000    1.4613 ^ acc_out[14]_DFF_X1_Q_D_AOI21_X1_ZN_B2_OAI21_X1_B1/B1 (OAI21_X1)
     2    3.7781    0.0166    0.0261    1.4874 v acc_out[14]_DFF_X1_Q_D_AOI21_X1_ZN_B2_OAI21_X1_B1/ZN (OAI21_X1)
                    0.0166    0.0000    1.4874 v acc_out[16]_DFF_X1_Q_D_AOI21_X1_ZN_B1_AOI21_X1_ZN/B2 (AOI21_X1)
     3    4.7908    0.0360    0.0497    1.5371 ^ acc_out[16]_DFF_X1_Q_D_AOI21_X1_ZN_B1_AOI21_X1_ZN/ZN (AOI21_X1)
                    0.0360    0.0000    1.5371 ^ acc_out[16]_DFF_X1_Q_D_AOI21_X1_ZN_B2_OAI21_X1_B1/B2 (OAI21_X1)
     3    3.7347    0.0172    0.0291    1.5662 v acc_out[16]_DFF_X1_Q_D_AOI21_X1_ZN_B2_OAI21_X1_B1/ZN (OAI21_X1)
                    0.0172    0.0000    1.5662 v acc_out[18]_DFF_X1_Q_D_AOI21_X1_ZN_B1_AOI21_X1_ZN/B1 (AOI21_X1)
     3    4.7908    0.0360    0.0450    1.6112 ^ acc_out[18]_DFF_X1_Q_D_AOI21_X1_ZN_B1_AOI21_X1_ZN/ZN (AOI21_X1)
                    0.0360    0.0000    1.6112 ^ acc_out[18]_DFF_X1_Q_D_AOI21_X1_ZN_B2_OAI21_X1_B1/B2 (OAI21_X1)
     2    3.5727    0.0170    0.0286    1.6399 v acc_out[18]_DFF_X1_Q_D_AOI21_X1_ZN_B2_OAI21_X1_B1/ZN (OAI21_X1)
                    0.0170    0.0000    1.6399 v acc_out[20]_DFF_X1_Q_D_AOI21_X1_ZN_B1_AOI21_X1_ZN/B1 (AOI21_X1)
     3    4.7908    0.0360    0.0450    1.6848 ^ acc_out[20]_DFF_X1_Q_D_AOI21_X1_ZN_B1_AOI21_X1_ZN/ZN (AOI21_X1)
                    0.0360    0.0000    1.6848 ^ acc_out[20]_DFF_X1_Q_D_AOI21_X1_ZN_B2_OAI21_X1_B1/B2 (OAI21_X1)
     3    3.7347    0.0172    0.0291    1.7139 v acc_out[20]_DFF_X1_Q_D_AOI21_X1_ZN_B2_OAI21_X1_B1/ZN (OAI21_X1)
                    0.0172    0.0000    1.7139 v acc_out[22]_DFF_X1_Q_D_AOI21_X1_ZN_B1_AOI21_X1_ZN/B1 (AOI21_X1)
     3    4.7908    0.0360    0.0450    1.7589 ^ acc_out[22]_DFF_X1_Q_D_AOI21_X1_ZN_B1_AOI21_X1_ZN/ZN (AOI21_X1)
                    0.0360    0.0000    1.7589 ^ acc_out[22]_DFF_X1_Q_D_AOI21_X1_ZN_B2_OAI21_X1_B1/B2 (OAI21_X1)
     2    3.5727    0.0170    0.0286    1.7876 v acc_out[22]_DFF_X1_Q_D_AOI21_X1_ZN_B2_OAI21_X1_B1/ZN (OAI21_X1)
                    0.0170    0.0000    1.7876 v acc_out[24]_DFF_X1_Q_D_AOI21_X1_ZN_B1_AOI21_X1_ZN/B1 (AOI21_X1)
     3    4.7908    0.0360    0.0450    1.8325 ^ acc_out[24]_DFF_X1_Q_D_AOI21_X1_ZN_B1_AOI21_X1_ZN/ZN (AOI21_X1)
                    0.0360    0.0000    1.8325 ^ acc_out[24]_DFF_X1_Q_D_AOI21_X1_ZN_B2_OAI21_X1_B1/B2 (OAI21_X1)
     3    3.8679    0.0174    0.0294    1.8620 v acc_out[24]_DFF_X1_Q_D_AOI21_X1_ZN_B2_OAI21_X1_B1/ZN (OAI21_X1)
                    0.0174    0.0000    1.8620 v acc_out[26]_DFF_X1_Q_D_AOI21_X1_ZN_B1_AOI21_X1_ZN/B2 (AOI21_X1)
     3    4.7908    0.0360    0.0501    1.9120 ^ acc_out[26]_DFF_X1_Q_D_AOI21_X1_ZN_B1_AOI21_X1_ZN/ZN (AOI21_X1)
                    0.0360    0.0000    1.9120 ^ acc_out[26]_DFF_X1_Q_D_AOI21_X1_ZN_B2_OAI21_X1_B1/B2 (OAI21_X1)
     3    3.7347    0.0172    0.0291    1.9411 v acc_out[26]_DFF_X1_Q_D_AOI21_X1_ZN_B2_OAI21_X1_B1/ZN (OAI21_X1)
                    0.0172    0.0000    1.9411 v acc_out[28]_DFF_X1_Q_D_AOI21_X1_ZN_B1_AOI21_X1_ZN/B1 (AOI21_X1)
     3    4.7908    0.0360    0.0450    1.9861 ^ acc_out[28]_DFF_X1_Q_D_AOI21_X1_ZN_B1_AOI21_X1_ZN/ZN (AOI21_X1)
                    0.0360    0.0000    1.9861 ^ acc_out[28]_DFF_X1_Q_D_AOI21_X1_ZN_B2_OAI21_X1_B1/B2 (OAI21_X1)
     3    3.8679    0.0174    0.0294    2.0156 v acc_out[28]_DFF_X1_Q_D_AOI21_X1_ZN_B2_OAI21_X1_B1/ZN (OAI21_X1)
                    0.0174    0.0000    2.0156 v acc_out[30]_DFF_X1_Q_D_AOI21_X1_ZN_B2_AOI21_X1_ZN/B2 (AOI21_X1)
     3    5.0010    0.0370    0.0511    2.0667 ^ acc_out[30]_DFF_X1_Q_D_AOI21_X1_ZN_B2_AOI21_X1_ZN/ZN (AOI21_X1)
                    0.0370    0.0000    2.0667 ^ acc_out[30]_DFF_X1_Q_D_AOI21_X1_ZN_B2_OAI21_X1_B1/B1 (OAI21_X1)
     3    4.5080    0.0176    0.0281    2.0948 v acc_out[30]_DFF_X1_Q_D_AOI21_X1_ZN_B2_OAI21_X1_B1/ZN (OAI21_X1)
                    0.0176    0.0000    2.0948 v acc_out[31]_DFF_X1_Q_D_NOR2_X1_ZN_A2_XNOR2_X1_ZN_A_OR3_X1_A3/A3 (OR3_X1)
     3    3.2234    0.0151    0.0881    2.1829 v acc_out[31]_DFF_X1_Q_D_NOR2_X1_ZN_A2_XNOR2_X1_ZN_A_OR3_X1_A3/ZN (OR3_X1)
                    0.0151    0.0000    2.1829 v acc_out[32]_DFF_X1_Q_D_NOR3_X1_ZN_A3_AND3_X1_ZN/A2 (AND3_X1)
     1    1.5527    0.0066    0.0358    2.2188 v acc_out[32]_DFF_X1_Q_D_NOR3_X1_ZN_A3_AND3_X1_ZN/ZN (AND3_X1)
                    0.0066    0.0000    2.2188 v acc_out[32]_DFF_X1_Q_D_NOR3_X1_ZN/A3 (NOR3_X1)
     1    1.1403    0.0249    0.0434    2.2622 ^ acc_out[32]_DFF_X1_Q_D_NOR3_X1_ZN/ZN (NOR3_X1)
                    0.0249    0.0000    2.2622 ^ acc_out[32]_DFF_X1_Q/D (DFF_X1)
                                        2.2622   data arrival time

                    0.0500    2.0000    2.0000   clock clk (rise edge)
                              0.0000    2.0000   clock network delay (ideal)
                             -0.0500    1.9500   clock uncertainty
                              0.0000    1.9500   clock reconvergence pessimism
                                        1.9500 ^ acc_out[32]_DFF_X1_Q/CK (DFF_X1)
                             -0.0303    1.9197   library setup time
                                        1.9197   data required time
-------------------------------------------------------------------------------------
                                        1.9197   data required time
                                       -2.2622   data arrival time
-------------------------------------------------------------------------------------
                                       -0.3425   slack (VIOLATED)


Startpoint: b1[0]_AND2_X1_A2_ZN_DFF_X1_D
            (rising edge-triggered flip-flop clocked by clk)
Endpoint: acc_out[31]_DFF_X1_Q (rising edge-triggered flip-flop clocked by clk)
Path Group: clk
Path Type: max

Fanout       Cap      Slew     Delay      Time   Description
-------------------------------------------------------------------------------------
                    0.0500    0.0000    0.0000   clock clk (rise edge)
                              0.0000    0.0000   clock network delay (ideal)
                    0.0500    0.0000    0.0000 ^ b1[0]_AND2_X1_A2_ZN_DFF_X1_D/CK (DFF_X1)
    42   57.0488    0.1329    0.2293    0.2293 ^ b1[0]_AND2_X1_A2_ZN_DFF_X1_D/Q (DFF_X1)
                    0.1329    0.0000    0.2293 ^ acc_out[8]_DFF_X1_Q_D_AND3_X1_ZN_A2_OR3_X1_ZN_A1_AND3_X1_ZN_A1_OR3_X1_ZN_A1_AND3_X1_ZN_A1_OR3_X1_ZN_A1_AND4_X1_ZN_A1_OR3_X1_ZN_A1_AND4_X1_ZN_A4_OAI21_X1_ZN_B1_AOI21_X1_ZN_B2_OR3_X1_ZN_A2_AND3_X1_ZN_A1_OR3_X1_ZN_A1_AND3_X1_ZN_A1_OR3_X1_ZN_A1_AND3_X1_ZN_A1_OR3_X1_ZN_A3_AOI22_X1_ZN/B1 (AOI22_X1)
     3    3.9140    0.0405    0.0468    0.2761 v acc_out[8]_DFF_X1_Q_D_AND3_X1_ZN_A2_OR3_X1_ZN_A1_AND3_X1_ZN_A1_OR3_X1_ZN_A1_AND3_X1_ZN_A1_OR3_X1_ZN_A1_AND4_X1_ZN_A1_OR3_X1_ZN_A1_AND4_X1_ZN_A4_OAI21_X1_ZN_B1_AOI21_X1_ZN_B2_OR3_X1_ZN_A2_AND3_X1_ZN_A1_OR3_X1_ZN_A1_AND3_X1_ZN_A1_OR3_X1_ZN_A1_AND3_X1_ZN_A1_OR3_X1_ZN_A3_AOI22_X1_ZN/ZN (AOI22_X1)
                    0.0405    0.0000    0.2761 v acc_out[8]_DFF_X1_Q_D_AND3_X1_ZN_A2_OR3_X1_ZN_A1_AND3_X1_ZN_A1_OR3_X1_ZN_A1_AND3_X1_ZN_A1_OR3_X1_ZN_A1_AND4_X1_ZN_A1_OR3_X1_ZN_A1_AND4_X1_ZN_A4_OAI21_X1_ZN_B1_AOI21_X1_ZN_B2_OR3_X1_ZN_A2_AND3_X1_ZN_A1_OR3_X1_ZN_A1_AND3_X1_ZN_A1_OR3_X1_ZN_A1_AND3_X1_ZN_A1_OR3_X1_ZN/A3 (OR3_X1)
     3    3.8381    0.0158    0.0971    0.3732 v acc_out[8]_DFF_X1_Q_D_AND3_X1_ZN_A2_OR3_X1_ZN_A1_AND3_X1_ZN_A1_OR3_X1_ZN_A1_AND3_X1_ZN_A1_OR3_X1_ZN_A1_AND4_X1_ZN_A1_OR3_X1_ZN_A1_AND4_X1_ZN_A4_OAI21_X1_ZN_B1_AOI21_X1_ZN_B2_OR3_X1_ZN_A2_AND3_X1_ZN_A1_OR3_X1_ZN_A1_AND3_X1_ZN_A1_OR3_X1_ZN_A1_AND3_X1_ZN_A1_OR3_X1_ZN/ZN (OR3_X1)
                    0.0158    0.0000    0.3732 v acc_out[8]_DFF_X1_Q_D_AND3_X1_ZN_A2_OR3_X1_ZN_A1_AND3_X1_ZN_A1_OR3_X1_ZN_A1_AND3_X1_ZN_A1_OR3_X1_ZN_A1_AND4_X1_ZN_A1_OR3_X1_ZN_A1_AND4_X1_ZN_A4_OAI21_X1_ZN_B1_AOI21_X1_ZN_B2_OR3_X1_ZN_A2_AND3_X1_ZN_A1_OR3_X1_ZN_A1_AND3_X1_ZN_A1_OR3_X1_ZN_A1_AND3_X1_ZN/A1 (AND3_X1)
     2    2.3339    0.0074    0.0355    0.4087 v acc_out[8]_DFF_X1_Q_D_AND3_X1_ZN_A2_OR3_X1_ZN_A1_AND3_X1_ZN_A1_OR3_X1_ZN_A1_AND3_X1_ZN_A1_OR3_X1_ZN_A1_AND4_X1_ZN_A1_OR3_X1_ZN_A1_AND4_X1_ZN_A4_OAI21_X1_ZN_B1_AOI21_X1_ZN_B2_OR3_X1_ZN_A2_AND3_X1_ZN_A1_OR3_X1_ZN_A1_AND3_X1_ZN_A1_OR3_X1_ZN_A1_AND3_X1_ZN/ZN (AND3_X1)
                    0.0074    0.0000    0.4087 v acc_out[8]_DFF_X1_Q_D_AND3_X1_ZN_A2_OR3_X1_ZN_A1_AND3_X1_ZN_A1_OR3_X1_ZN_A1_AND3_X1_ZN_A1_OR3_X1_ZN_A1_AND4_X1_ZN_A1_OR3_X1_ZN_A1_AND4_X1_ZN_A4_OAI21_X1_ZN_B1_AOI21_X1_ZN_B2_OR3_X1_ZN_A2_AND3_X1_ZN_A1_OR3_X1_ZN_A1_AND3_X1_ZN_A1_OR3_X1_ZN/A1 (OR3_X1)
     3    3.8381    0.0158    0.0706    0.4793 v acc_out[8]_DFF_X1_Q_D_AND3_X1_ZN_A2_OR3_X1_ZN_A1_AND3_X1_ZN_A1_OR3_X1_ZN_A1_AND3_X1_ZN_A1_OR3_X1_ZN_A1_AND4_X1_ZN_A1_OR3_X1_ZN_A1_AND4_X1_ZN_A4_OAI21_X1_ZN_B1_AOI21_X1_ZN_B2_OR3_X1_ZN_A2_AND3_X1_ZN_A1_OR3_X1_ZN_A1_AND3_X1_ZN_A1_OR3_X1_ZN/ZN (OR3_X1)
                    0.0158    0.0000    0.4793 v acc_out[8]_DFF_X1_Q_D_AND3_X1_ZN_A2_OR3_X1_ZN_A1_AND3_X1_ZN_A1_OR3_X1_ZN_A1_AND3_X1_ZN_A1_OR3_X1_ZN_A1_AND4_X1_ZN_A1_OR3_X1_ZN_A1_AND4_X1_ZN_A4_OAI21_X1_ZN_B1_AOI21_X1_ZN_B2_OR3_X1_ZN_A2_AND3_X1_ZN_A1_OR3_X1_ZN_A1_AND3_X1_ZN/A1 (AND3_X1)
     2    2.3339    0.0074    0.0355    0.5148 v acc_out[8]_DFF_X1_Q_D_AND3_X1_ZN_A2_OR3_X1_ZN_A1_AND3_X1_ZN_A1_OR3_X1_ZN_A1_AND3_X1_ZN_A1_OR3_X1_ZN_A1_AND4_X1_ZN_A1_OR3_X1_ZN_A1_AND4_X1_ZN_A4_OAI21_X1_ZN_B1_AOI21_X1_ZN_B2_OR3_X1_ZN_A2_AND3_X1_ZN_A1_OR3_X1_ZN_A1_AND3_X1_ZN/ZN (AND3_X1)
                    0.0074    0.0000    0.5148 v acc_out[8]_DFF_X1_Q_D_AND3_X1_ZN_A2_OR3_X1_ZN_A1_AND3_X1_ZN_A1_OR3_X1_ZN_A1_AND3_X1_ZN_A1_OR3_X1_ZN_A1_AND4_X1_ZN_A1_OR3_X1_ZN_A1_AND4_X1_ZN_A4_OAI21_X1_ZN_B1_AOI21_X1_ZN_B2_OR3_X1_ZN_A2_AND3_X1_ZN_A1_OR3_X1_ZN/A1 (OR3_X1)
     2    2.2761    0.0139    0.0661    0.5809 v acc_out[8]_DFF_X1_Q_D_AND3_X1_ZN_A2_OR3_X1_ZN_A1_AND3_X1_ZN_A1_OR3_X1_ZN_A1_AND3_X1_ZN_A1_OR3_X1_ZN_A1_AND4_X1_ZN_A1_OR3_X1_ZN_A1_AND4_X1_ZN_A4_OAI21_X1_ZN_B1_AOI21_X1_ZN_B2_OR3_X1_ZN_A2_AND3_X1_ZN_A1_OR3_X1_ZN/ZN (OR3_X1)
                    0.0139    0.0000    0.5809 v acc_out[8]_DFF_X1_Q_D_AND3_X1_ZN_A2_OR3_X1_ZN_A1_AND3_X1_ZN_A1_OR3_X1_ZN_A1_AND3_X1_ZN_A1_OR3_X1_ZN_A1_AND4_X1_ZN_A1_OR3_X1_ZN_A1_AND4_X1_ZN_A4_OAI21_X1_ZN_B1_AOI21_X1_ZN_B2_OR3_X1_ZN_A2_AND3_X1_ZN/A1 (AND3_X1)
     3    3.8592    0.0089    0.0375    0.6184 v acc_out[8]_DFF_X1_Q_D_AND3_X1_ZN_A2_OR3_X1_ZN_A1_AND3_X1_ZN_A1_OR3_X1_ZN_A1_AND3_X1_ZN_A1_OR3_X1_ZN_A1_AND4_X1_ZN_A1_OR3_X1_ZN_A1_AND4_X1_ZN_A4_OAI21_X1_ZN_B1_AOI21_X1_ZN_B2_OR3_X1_ZN_A2_AND3_X1_ZN/ZN (AND3_X1)
                    0.0089    0.0000    0.6184 v acc_out[8]_DFF_X1_Q_D_AND3_X1_ZN_A2_OR3_X1_ZN_A1_AND3_X1_ZN_A1_OR3_X1_ZN_A1_AND3_X1_ZN_A1_OR3_X1_ZN_A1_AND4_X1_ZN_A1_OR3_X1_ZN_A1_AND4_X1_ZN_A4_OAI21_X1_ZN_B1_AOI21_X1_ZN_B2_OR3_X1_ZN/A2 (OR3_X1)
     3    3.7783    0.0158    0.0822    0.7006 v acc_out[8]_DFF_X1_Q_D_AND3_X1_ZN_A2_OR3_X1_ZN_A1_AND3_X1_ZN_A1_OR3_X1_ZN_A1_AND3_X1_ZN_A1_OR3_X1_ZN_A1_AND4_X1_ZN_A1_OR3_X1_ZN_A1_AND4_X1_ZN_A4_OAI21_X1_ZN_B1_AOI21_X1_ZN_B2_OR3_X1_ZN/ZN (OR3_X1)
                    0.0158    0.0000    0.7006 v acc_out[8]_DFF_X1_Q_D_AND3_X1_ZN_A2_OR3_X1_ZN_A1_AND3_X1_ZN_A1_OR3_X1_ZN_A1_AND3_X1_ZN_A1_OR3_X1_ZN_A1_AND4_X1_ZN_A1_OR3_X1_ZN_A1_AND4_X1_ZN_A4_OAI21_X1_ZN_B1_AOI21_X1_ZN_A_AND3_X1_A2/A1 (AND3_X1)
     6    9.0194    0.0138    0.0464    0.7470 v acc_out[8]_DFF_X1_Q_D_AND3_X1_ZN_A2_OR3_X1_ZN_A1_AND3_X1_ZN_A1_OR3_X1_ZN_A1_AND3_X1_ZN_A1_OR3_X1_ZN_A1_AND4_X1_ZN_A1_OR3_X1_ZN_A1_AND4_X1_ZN_A4_OAI21_X1_ZN_B1_AOI21_X1_ZN_A_AND3_X1_A2/ZN (AND3_X1)
                    0.0138    0.0000    0.7470 v acc_out[8]_DFF_X1_Q_D_AND3_X1_ZN_A2_OR3_X1_ZN_A1_AND3_X1_ZN_A1_OR3_X1_ZN_A1_AND3_X1_ZN_A1_OR3_X1_ZN_A1_AND4_X1_ZN_A1_OR3_X1_ZN_A1_AND4_X1_ZN_A4_OAI21_X1_ZN_A_OR3_X1_A2/A1 (OR3_X1)
     4    6.0248    0.0183    0.0779    0.8248 v acc_out[8]_DFF_X1_Q_D_AND3_X1_ZN_A2_OR3_X1_ZN_A1_AND3_X1_ZN_A1_OR3_X1_ZN_A1_AND3_X1_ZN_A1_OR3_X1_ZN_A1_AND4_X1_ZN_A1_OR3_X1_ZN_A1_AND4_X1_ZN_A4_OAI21_X1_ZN_A_OR3_X1_A2/ZN (OR3_X1)
                    0.0183    0.0000    0.8248 v acc_out[8]_DFF_X1_Q_D_AND3_X1_ZN_A2_OR3_X1_ZN_A1_AND3_X1_ZN_A1_OR3_X1_ZN_A1_AND3_X1_ZN_A1_OR3_X1_ZN_A1_AND4_X1_ZN_A1_OR3_X1_ZN_A3_AOI22_X1_ZN/B2 (AOI22_X1)
     3    4.1555    0.0361    0.0625    0.8873 ^ acc_out[8]_DFF_X1_Q_D_AND3_X1_ZN_A2_OR3_X1_ZN_A1_AND3_X1_ZN_A1_OR3_X1_ZN_A1_AND3_X1_ZN_A1_OR3_X1_ZN_A1_AND4_X1_ZN_A1_OR3_X1_ZN_A3_AOI22_X1_ZN/ZN (AOI22_X1)
                    0.0361    0.0000    0.8873 ^ acc_out[9]_DFF_X1_Q_D_NOR2_X1_ZN_A2_XNOR2_X1_ZN_B_XOR2_X1_Z_B_XNOR2_X1_ZN_A_XOR2_X1_Z_B_XNOR2_X1_ZN_B_XOR2_X1_Z_B_XNOR2_X1_ZN_B_OAI21_X1_ZN/B2 (OAI21_X1)
     2    3.7781    0.0173    0.0292    0.9166 v acc_out[9]_DFF_X1_Q_D_NOR2_X1_ZN_A2_XNOR2_X1_ZN_B_XOR2_X1_Z_B_XNOR2_X1_ZN_A_XOR2_X1_Z_B_XNOR2_X1_ZN_B_XOR2_X1_Z_B_XNOR2_X1_ZN_B_OAI21_X1_ZN/ZN (OAI21_X1)
                    0.0173    0.0000    0.9166 v acc_out[9]_DFF_X1_Q_D_NOR2_X1_ZN_A2_XNOR2_X1_ZN_B_XOR2_X1_Z_B_XNOR2_X1_ZN_A_XOR2_X1_Z_B_XNOR2_X1_ZN_B_XOR2_X1_Z_B_XNOR2_X1_ZN/B (XNOR2_X1)
     2    3.9753    0.0163    0.0476    0.9642 v acc_out[9]_DFF_X1_Q_D_NOR2_X1_ZN_A2_XNOR2_X1_ZN_B_XOR2_X1_Z_B_XNOR2_X1_ZN_A_XOR2_X1_Z_B_XNOR2_X1_ZN_B_XOR2_X1_Z_B_XNOR2_X1_ZN/ZN (XNOR2_X1)
                    0.0163    0.0000    0.9642 v acc_out[9]_DFF_X1_Q_D_NOR2_X1_ZN_A2_XNOR2_X1_ZN_B_XOR2_X1_Z_B_XNOR2_X1_ZN_A_XOR2_X1_Z_B_XNOR2_X1_ZN_B_XOR2_X1_Z/B (XOR2_X1)
     2    3.7781    0.0144    0.0620    1.0261 v acc_out[9]_DFF_X1_Q_D_NOR2_X1_ZN_A2_XNOR2_X1_ZN_B_XOR2_X1_Z_B_XNOR2_X1_ZN_A_XOR2_X1_Z_B_XNOR2_X1_ZN_B_XOR2_X1_Z/Z (XOR2_X1)
                    0.0144    0.0000    1.0261 v acc_out[10]_DFF_X1_Q_D_AOI21_X1_ZN_B2_XNOR2_X1_ZN_B_XOR2_X1_Z_A_XNOR2_X1_ZN_B_XNOR2_X1_ZN_B_AOI21_X1_ZN/B2 (AOI21_X1)
     2    4.1455    0.0330    0.0456    1.0717 ^ acc_out[10]_DFF_X1_Q_D_AOI21_X1_ZN_B2_XNOR2_X1_ZN_B_XOR2_X1_Z_A_XNOR2_X1_ZN_B_XNOR2_X1_ZN_B_AOI21_X1_ZN/ZN (AOI21_X1)
                    0.0330    0.0000    1.0717 ^ acc_out[10]_DFF_X1_Q_D_AOI21_X1_ZN_B2_XNOR2_X1_ZN_B_XOR2_X1_Z_A_XNOR2_X1_ZN_B_XNOR2_X1_ZN_B_OAI21_X1_B2/B2 (OAI21_X1)
     2    3.6281    0.0163    0.0279    1.0996 v acc_out[10]_DFF_X1_Q_D_AOI21_X1_ZN_B2_XNOR2_X1_ZN_B_XOR2_X1_Z_A_XNOR2_X1_ZN_B_XNOR2_X1_ZN_B_OAI21_X1_B2/ZN (OAI21_X1)
                    0.0163    0.0000    1.0996 v acc_out[11]_DFF_X1_Q_D_NOR2_X1_ZN_A2_XNOR2_X1_ZN_A_XOR2_X1_Z_B_XOR2_X1_Z_B_XOR2_X1_Z_B_XOR2_X1_Z/A (XOR2_X1)
     2    3.3056    0.0136    0.0561    1.1557 v acc_out[11]_DFF_X1_Q_D_NOR2_X1_ZN_A2_XNOR2_X1_ZN_A_XOR2_X1_Z_B_XOR2_X1_Z_B_XOR2_X1_Z_B_XOR2_X1_Z/Z (XOR2_X1)
                    0.0136    0.0000    1.1557 v acc_out[11]_DFF_X1_Q_D_NOR2_X1_ZN_A2_XNOR2_X1_ZN_A_XOR2_X1_Z_B_XOR2_X1_Z_B_XOR2_X1_Z/B (XOR2_X1)
     2    3.8214    0.0143    0.0609    1.2166 v acc_out[11]_DFF_X1_Q_D_NOR2_X1_ZN_A2_XNOR2_X1_ZN_A_XOR2_X1_Z_B_XOR2_X1_Z_B_XOR2_X1_Z/Z (XOR2_X1)
                    0.0143    0.0000    1.2166 v acc_out[12]_DFF_X1_Q_D_AOI21_X1_ZN_B2_XNOR2_X1_ZN_B_XOR2_X1_Z_B_AOI21_X1_ZN/B2 (AOI21_X1)
     2    3.9354    0.0320    0.0445    1.2611 ^ acc_out[12]_DFF_X1_Q_D_AOI21_X1_ZN_B2_XNOR2_X1_ZN_B_XOR2_X1_Z_B_AOI21_X1_ZN/ZN (AOI21_X1)
                    0.0320    0.0000    1.2611 ^ acc_out[12]_DFF_X1_Q_D_AOI21_X1_ZN_B2_XNOR2_X1_ZN_B_XOR2_X1_Z_A_OAI21_X1_B1/B2 (OAI21_X1)
     2    3.8214    0.0164    0.0281    1.2892 v acc_out[12]_DFF_X1_Q_D_AOI21_X1_ZN_B2_XNOR2_X1_ZN_B_XOR2_X1_Z_A_OAI21_X1_B1/ZN (OAI21_X1)
                    0.0164    0.0000    1.2892 v acc_out[13]_DFF_X1_Q_D_AND2_X1_ZN_A1_OR2_X1_ZN_A2_XOR2_X1_Z_B_XOR2_X1_Z/B (XOR2_X1)
     2    3.3056    0.0144    0.0612    1.3504 v acc_out[13]_DFF_X1_Q_D_AND2_X1_ZN_A1_OR2_X1_ZN_A2_XOR2_X1_Z_B_XOR2_X1_Z/Z (XOR2_X1)
                    0.0144    0.0000    1.3504 v acc_out[13]_DFF_X1_Q_D_AND2_X1_ZN_A1_OR2_X1_ZN_A2_XOR2_X1_Z/B (XOR2_X1)
     3    3.7153    0.0142    0.0611    1.4115 v acc_out[13]_DFF_X1_Q_D_AND2_X1_ZN_A1_OR2_X1_ZN_A2_XOR2_X1_Z/Z (XOR2_X1)
                    0.0142    0.0000    1.4115 v acc_out[14]_DFF_X1_Q_D_AOI21_X1_ZN_B2_AOI21_X1_ZN/B2 (AOI21_X1)
     3    5.0010    0.0370    0.0498    1.4613 ^ acc_out[14]_DFF_X1_Q_D_AOI21_X1_ZN_B2_AOI21_X1_ZN/ZN (AOI21_X1)
                    0.0370    0.0000    1.4613 ^ acc_out[14]_DFF_X1_Q_D_AOI21_X1_ZN_B2_OAI21_X1_B1/B1 (OAI21_X1)
     2    3.7781    0.0166    0.0261    1.4874 v acc_out[14]_DFF_X1_Q_D_AOI21_X1_ZN_B2_OAI21_X1_B1/ZN (OAI21_X1)
                    0.0166    0.0000    1.4874 v acc_out[16]_DFF_X1_Q_D_AOI21_X1_ZN_B1_AOI21_X1_ZN/B2 (AOI21_X1)
     3    4.7908    0.0360    0.0497    1.5371 ^ acc_out[16]_DFF_X1_Q_D_AOI21_X1_ZN_B1_AOI21_X1_ZN/ZN (AOI21_X1)
                    0.0360    0.0000    1.5371 ^ acc_out[16]_DFF_X1_Q_D_AOI21_X1_ZN_B2_OAI21_X1_B1/B2 (OAI21_X1)
     3    3.7347    0.0172    0.0291    1.5662 v acc_out[16]_DFF_X1_Q_D_AOI21_X1_ZN_B2_OAI21_X1_B1/ZN (OAI21_X1)
                    0.0172    0.0000    1.5662 v acc_out[18]_DFF_X1_Q_D_AOI21_X1_ZN_B1_AOI21_X1_ZN/B1 (AOI21_X1)
     3    4.7908    0.0360    0.0450    1.6112 ^ acc_out[18]_DFF_X1_Q_D_AOI21_X1_ZN_B1_AOI21_X1_ZN/ZN (AOI21_X1)
                    0.0360    0.0000    1.6112 ^ acc_out[18]_DFF_X1_Q_D_AOI21_X1_ZN_B2_OAI21_X1_B1/B2 (OAI21_X1)
     2    3.5727    0.0170    0.0286    1.6399 v acc_out[18]_DFF_X1_Q_D_AOI21_X1_ZN_B2_OAI21_X1_B1/ZN (OAI21_X1)
                    0.0170    0.0000    1.6399 v acc_out[20]_DFF_X1_Q_D_AOI21_X1_ZN_B1_AOI21_X1_ZN/B1 (AOI21_X1)
     3    4.7908    0.0360    0.0450    1.6848 ^ acc_out[20]_DFF_X1_Q_D_AOI21_X1_ZN_B1_AOI21_X1_ZN/ZN (AOI21_X1)
                    0.0360    0.0000    1.6848 ^ acc_out[20]_DFF_X1_Q_D_AOI21_X1_ZN_B2_OAI21_X1_B1/B2 (OAI21_X1)
     3    3.7347    0.0172    0.0291    1.7139 v acc_out[20]_DFF_X1_Q_D_AOI21_X1_ZN_B2_OAI21_X1_B1/ZN (OAI21_X1)
                    0.0172    0.0000    1.7139 v acc_out[22]_DFF_X1_Q_D_AOI21_X1_ZN_B1_AOI21_X1_ZN/B1 (AOI21_X1)
     3    4.7908    0.0360    0.0450    1.7589 ^ acc_out[22]_DFF_X1_Q_D_AOI21_X1_ZN_B1_AOI21_X1_ZN/ZN (AOI21_X1)
                    0.0360    0.0000    1.7589 ^ acc_out[22]_DFF_X1_Q_D_AOI21_X1_ZN_B2_OAI21_X1_B1/B2 (OAI21_X1)
     2    3.5727    0.0170    0.0286    1.7876 v acc_out[22]_DFF_X1_Q_D_AOI21_X1_ZN_B2_OAI21_X1_B1/ZN (OAI21_X1)
                    0.0170    0.0000    1.7876 v acc_out[24]_DFF_X1_Q_D_AOI21_X1_ZN_B1_AOI21_X1_ZN/B1 (AOI21_X1)
     3    4.7908    0.0360    0.0450    1.8325 ^ acc_out[24]_DFF_X1_Q_D_AOI21_X1_ZN_B1_AOI21_X1_ZN/ZN (AOI21_X1)
                    0.0360    0.0000    1.8325 ^ acc_out[24]_DFF_X1_Q_D_AOI21_X1_ZN_B2_OAI21_X1_B1/B2 (OAI21_X1)
     3    3.8679    0.0174    0.0294    1.8620 v acc_out[24]_DFF_X1_Q_D_AOI21_X1_ZN_B2_OAI21_X1_B1/ZN (OAI21_X1)
                    0.0174    0.0000    1.8620 v acc_out[26]_DFF_X1_Q_D_AOI21_X1_ZN_B1_AOI21_X1_ZN/B2 (AOI21_X1)
     3    4.7908    0.0360    0.0501    1.9120 ^ acc_out[26]_DFF_X1_Q_D_AOI21_X1_ZN_B1_AOI21_X1_ZN/ZN (AOI21_X1)
                    0.0360    0.0000    1.9120 ^ acc_out[26]_DFF_X1_Q_D_AOI21_X1_ZN_B2_OAI21_X1_B1/B2 (OAI21_X1)
     3    3.7347    0.0172    0.0291    1.9411 v acc_out[26]_DFF_X1_Q_D_AOI21_X1_ZN_B2_OAI21_X1_B1/ZN (OAI21_X1)
                    0.0172    0.0000    1.9411 v acc_out[28]_DFF_X1_Q_D_AOI21_X1_ZN_B1_AOI21_X1_ZN/B1 (AOI21_X1)
     3    4.7908    0.0360    0.0450    1.9861 ^ acc_out[28]_DFF_X1_Q_D_AOI21_X1_ZN_B1_AOI21_X1_ZN/ZN (AOI21_X1)
                    0.0360    0.0000    1.9861 ^ acc_out[28]_DFF_X1_Q_D_AOI21_X1_ZN_B2_OAI21_X1_B1/B2 (OAI21_X1)
     3    3.8679    0.0174    0.0294    2.0156 v acc_out[28]_DFF_X1_Q_D_AOI21_X1_ZN_B2_OAI21_X1_B1/ZN (OAI21_X1)
                    0.0174    0.0000    2.0156 v acc_out[30]_DFF_X1_Q_D_AOI21_X1_ZN_B2_AOI21_X1_ZN/B2 (AOI21_X1)
     3    5.0010    0.0370    0.0511    2.0667 ^ acc_out[30]_DFF_X1_Q_D_AOI21_X1_ZN_B2_AOI21_X1_ZN/ZN (AOI21_X1)
                    0.0370    0.0000    2.0667 ^ acc_out[30]_DFF_X1_Q_D_AOI21_X1_ZN_B2_OAI21_X1_B1/B1 (OAI21_X1)
     3    4.5080    0.0176    0.0281    2.0948 v acc_out[30]_DFF_X1_Q_D_AOI21_X1_ZN_B2_OAI21_X1_B1/ZN (OAI21_X1)
                    0.0176    0.0000    2.0948 v acc_out[31]_DFF_X1_Q_D_NOR2_X1_ZN_A2_XNOR2_X1_ZN/A (XNOR2_X1)
     1    1.5638    0.0122    0.0414    2.1362 v acc_out[31]_DFF_X1_Q_D_NOR2_X1_ZN_A2_XNOR2_X1_ZN/ZN (XNOR2_X1)
                    0.0122    0.0000    2.1362 v acc_out[31]_DFF_X1_Q_D_NOR2_X1_ZN/A2 (NOR2_X1)
     1    1.1403    0.0177    0.0265    2.1627 ^ acc_out[31]_DFF_X1_Q_D_NOR2_X1_ZN/ZN (NOR2_X1)
                    0.0177    0.0000    2.1627 ^ acc_out[31]_DFF_X1_Q/D (DFF_X1)
                                        2.1627   data arrival time

                    0.0500    2.0000    2.0000   clock clk (rise edge)
                              0.0000    2.0000   clock network delay (ideal)
                             -0.0500    1.9500   clock uncertainty
                              0.0000    1.9500   clock reconvergence pessimism
                                        1.9500 ^ acc_out[31]_DFF_X1_Q/CK (DFF_X1)
                             -0.0287    1.9213   library setup time
                                        1.9213   data required time
-------------------------------------------------------------------------------------
                                        1.9213   data required time
                                       -2.1627   data arrival time
-------------------------------------------------------------------------------------
                                       -0.2414   slack (VIOLATED)


Startpoint: b1[0]_AND2_X1_A2_ZN_DFF_X1_D
            (rising edge-triggered flip-flop clocked by clk)
Endpoint: acc_out[30]_DFF_X1_Q (rising edge-triggered flip-flop clocked by clk)
Path Group: clk
Path Type: max

Fanout       Cap      Slew     Delay      Time   Description
-------------------------------------------------------------------------------------
                    0.0500    0.0000    0.0000   clock clk (rise edge)
                              0.0000    0.0000   clock network delay (ideal)
                    0.0500    0.0000    0.0000 ^ b1[0]_AND2_X1_A2_ZN_DFF_X1_D/CK (DFF_X1)
    42   57.0488    0.1329    0.2293    0.2293 ^ b1[0]_AND2_X1_A2_ZN_DFF_X1_D/Q (DFF_X1)
                    0.1329    0.0000    0.2293 ^ acc_out[8]_DFF_X1_Q_D_AND3_X1_ZN_A2_OR3_X1_ZN_A1_AND3_X1_ZN_A1_OR3_X1_ZN_A1_AND3_X1_ZN_A1_OR3_X1_ZN_A1_AND4_X1_ZN_A1_OR3_X1_ZN_A1_AND4_X1_ZN_A4_OAI21_X1_ZN_B1_AOI21_X1_ZN_B2_OR3_X1_ZN_A2_AND3_X1_ZN_A1_OR3_X1_ZN_A1_AND3_X1_ZN_A1_OR3_X1_ZN_A1_AND3_X1_ZN_A1_OR3_X1_ZN_A3_AOI22_X1_ZN/B1 (AOI22_X1)
     3    3.9140    0.0405    0.0468    0.2761 v acc_out[8]_DFF_X1_Q_D_AND3_X1_ZN_A2_OR3_X1_ZN_A1_AND3_X1_ZN_A1_OR3_X1_ZN_A1_AND3_X1_ZN_A1_OR3_X1_ZN_A1_AND4_X1_ZN_A1_OR3_X1_ZN_A1_AND4_X1_ZN_A4_OAI21_X1_ZN_B1_AOI21_X1_ZN_B2_OR3_X1_ZN_A2_AND3_X1_ZN_A1_OR3_X1_ZN_A1_AND3_X1_ZN_A1_OR3_X1_ZN_A1_AND3_X1_ZN_A1_OR3_X1_ZN_A3_AOI22_X1_ZN/ZN (AOI22_X1)
                    0.0405    0.0000    0.2761 v acc_out[8]_DFF_X1_Q_D_AND3_X1_ZN_A2_OR3_X1_ZN_A1_AND3_X1_ZN_A1_OR3_X1_ZN_A1_AND3_X1_ZN_A1_OR3_X1_ZN_A1_AND4_X1_ZN_A1_OR3_X1_ZN_A1_AND4_X1_ZN_A4_OAI21_X1_ZN_B1_AOI21_X1_ZN_B2_OR3_X1_ZN_A2_AND3_X1_ZN_A1_OR3_X1_ZN_A1_AND3_X1_ZN_A1_OR3_X1_ZN_A1_AND3_X1_ZN_A1_OR3_X1_ZN/A3 (OR3_X1)
     3    3.8381    0.0158    0.0971    0.3732 v acc_out[8]_DFF_X1_Q_D_AND3_X1_ZN_A2_OR3_X1_ZN_A1_AND3_X1_ZN_A1_OR3_X1_ZN_A1_AND3_X1_ZN_A1_OR3_X1_ZN_A1_AND4_X1_ZN_A1_OR3_X1_ZN_A1_AND4_X1_ZN_A4_OAI21_X1_ZN_B1_AOI21_X1_ZN_B2_OR3_X1_ZN_A2_AND3_X1_ZN_A1_OR3_X1_ZN_A1_AND3_X1_ZN_A1_OR3_X1_ZN_A1_AND3_X1_ZN_A1_OR3_X1_ZN/ZN (OR3_X1)
                    0.0158    0.0000    0.3732 v acc_out[8]_DFF_X1_Q_D_AND3_X1_ZN_A2_OR3_X1_ZN_A1_AND3_X1_ZN_A1_OR3_X1_ZN_A1_AND3_X1_ZN_A1_OR3_X1_ZN_A1_AND4_X1_ZN_A1_OR3_X1_ZN_A1_AND4_X1_ZN_A4_OAI21_X1_ZN_B1_AOI21_X1_ZN_B2_OR3_X1_ZN_A2_AND3_X1_ZN_A1_OR3_X1_ZN_A1_AND3_X1_ZN_A1_OR3_X1_ZN_A1_AND3_X1_ZN/A1 (AND3_X1)
     2    2.3339    0.0074    0.0355    0.4087 v acc_out[8]_DFF_X1_Q_D_AND3_X1_ZN_A2_OR3_X1_ZN_A1_AND3_X1_ZN_A1_OR3_X1_ZN_A1_AND3_X1_ZN_A1_OR3_X1_ZN_A1_AND4_X1_ZN_A1_OR3_X1_ZN_A1_AND4_X1_ZN_A4_OAI21_X1_ZN_B1_AOI21_X1_ZN_B2_OR3_X1_ZN_A2_AND3_X1_ZN_A1_OR3_X1_ZN_A1_AND3_X1_ZN_A1_OR3_X1_ZN_A1_AND3_X1_ZN/ZN (AND3_X1)
                    0.0074    0.0000    0.4087 v acc_out[8]_DFF_X1_Q_D_AND3_X1_ZN_A2_OR3_X1_ZN_A1_AND3_X1_ZN_A1_OR3_X1_ZN_A1_AND3_X1_ZN_A1_OR3_X1_ZN_A1_AND4_X1_ZN_A1_OR3_X1_ZN_A1_AND4_X1_ZN_A4_OAI21_X1_ZN_B1_AOI21_X1_ZN_B2_OR3_X1_ZN_A2_AND3_X1_ZN_A1_OR3_X1_ZN_A1_AND3_X1_ZN_A1_OR3_X1_ZN/A1 (OR3_X1)
     3    3.8381    0.0158    0.0706    0.4793 v acc_out[8]_DFF_X1_Q_D_AND3_X1_ZN_A2_OR3_X1_ZN_A1_AND3_X1_ZN_A1_OR3_X1_ZN_A1_AND3_X1_ZN_A1_OR3_X1_ZN_A1_AND4_X1_ZN_A1_OR3_X1_ZN_A1_AND4_X1_ZN_A4_OAI21_X1_ZN_B1_AOI21_X1_ZN_B2_OR3_X1_ZN_A2_AND3_X1_ZN_A1_OR3_X1_ZN_A1_AND3_X1_ZN_A1_OR3_X1_ZN/ZN (OR3_X1)
                    0.0158    0.0000    0.4793 v acc_out[8]_DFF_X1_Q_D_AND3_X1_ZN_A2_OR3_X1_ZN_A1_AND3_X1_ZN_A1_OR3_X1_ZN_A1_AND3_X1_ZN_A1_OR3_X1_ZN_A1_AND4_X1_ZN_A1_OR3_X1_ZN_A1_AND4_X1_ZN_A4_OAI21_X1_ZN_B1_AOI21_X1_ZN_B2_OR3_X1_ZN_A2_AND3_X1_ZN_A1_OR3_X1_ZN_A1_AND3_X1_ZN/A1 (AND3_X1)
     2    2.3339    0.0074    0.0355    0.5148 v acc_out[8]_DFF_X1_Q_D_AND3_X1_ZN_A2_OR3_X1_ZN_A1_AND3_X1_ZN_A1_OR3_X1_ZN_A1_AND3_X1_ZN_A1_OR3_X1_ZN_A1_AND4_X1_ZN_A1_OR3_X1_ZN_A1_AND4_X1_ZN_A4_OAI21_X1_ZN_B1_AOI21_X1_ZN_B2_OR3_X1_ZN_A2_AND3_X1_ZN_A1_OR3_X1_ZN_A1_AND3_X1_ZN/ZN (AND3_X1)
                    0.0074    0.0000    0.5148 v acc_out[8]_DFF_X1_Q_D_AND3_X1_ZN_A2_OR3_X1_ZN_A1_AND3_X1_ZN_A1_OR3_X1_ZN_A1_AND3_X1_ZN_A1_OR3_X1_ZN_A1_AND4_X1_ZN_A1_OR3_X1_ZN_A1_AND4_X1_ZN_A4_OAI21_X1_ZN_B1_AOI21_X1_ZN_B2_OR3_X1_ZN_A2_AND3_X1_ZN_A1_OR3_X1_ZN/A1 (OR3_X1)
     2    2.2761    0.0139    0.0661    0.5809 v acc_out[8]_DFF_X1_Q_D_AND3_X1_ZN_A2_OR3_X1_ZN_A1_AND3_X1_ZN_A1_OR3_X1_ZN_A1_AND3_X1_ZN_A1_OR3_X1_ZN_A1_AND4_X1_ZN_A1_OR3_X1_ZN_A1_AND4_X1_ZN_A4_OAI21_X1_ZN_B1_AOI21_X1_ZN_B2_OR3_X1_ZN_A2_AND3_X1_ZN_A1_OR3_X1_ZN/ZN (OR3_X1)
                    0.0139    0.0000    0.5809 v acc_out[8]_DFF_X1_Q_D_AND3_X1_ZN_A2_OR3_X1_ZN_A1_AND3_X1_ZN_A1_OR3_X1_ZN_A1_AND3_X1_ZN_A1_OR3_X1_ZN_A1_AND4_X1_ZN_A1_OR3_X1_ZN_A1_AND4_X1_ZN_A4_OAI21_X1_ZN_B1_AOI21_X1_ZN_B2_OR3_X1_ZN_A2_AND3_X1_ZN/A1 (AND3_X1)
     3    3.8592    0.0089    0.0375    0.6184 v acc_out[8]_DFF_X1_Q_D_AND3_X1_ZN_A2_OR3_X1_ZN_A1_AND3_X1_ZN_A1_OR3_X1_ZN_A1_AND3_X1_ZN_A1_OR3_X1_ZN_A1_AND4_X1_ZN_A1_OR3_X1_ZN_A1_AND4_X1_ZN_A4_OAI21_X1_ZN_B1_AOI21_X1_ZN_B2_OR3_X1_ZN_A2_AND3_X1_ZN/ZN (AND3_X1)
                    0.0089    0.0000    0.6184 v acc_out[8]_DFF_X1_Q_D_AND3_X1_ZN_A2_OR3_X1_ZN_A1_AND3_X1_ZN_A1_OR3_X1_ZN_A1_AND3_X1_ZN_A1_OR3_X1_ZN_A1_AND4_X1_ZN_A1_OR3_X1_ZN_A1_AND4_X1_ZN_A4_OAI21_X1_ZN_B1_AOI21_X1_ZN_B2_OR3_X1_ZN/A2 (OR3_X1)
     3    3.7783    0.0158    0.0822    0.7006 v acc_out[8]_DFF_X1_Q_D_AND3_X1_ZN_A2_OR3_X1_ZN_A1_AND3_X1_ZN_A1_OR3_X1_ZN_A1_AND3_X1_ZN_A1_OR3_X1_ZN_A1_AND4_X1_ZN_A1_OR3_X1_ZN_A1_AND4_X1_ZN_A4_OAI21_X1_ZN_B1_AOI21_X1_ZN_B2_OR3_X1_ZN/ZN (OR3_X1)
                    0.0158    0.0000    0.7006 v acc_out[8]_DFF_X1_Q_D_AND3_X1_ZN_A2_OR3_X1_ZN_A1_AND3_X1_ZN_A1_OR3_X1_ZN_A1_AND3_X1_ZN_A1_OR3_X1_ZN_A1_AND4_X1_ZN_A1_OR3_X1_ZN_A1_AND4_X1_ZN_A4_OAI21_X1_ZN_B1_AOI21_X1_ZN_A_AND3_X1_A2/A1 (AND3_X1)
     6    9.0194    0.0138    0.0464    0.7470 v acc_out[8]_DFF_X1_Q_D_AND3_X1_ZN_A2_OR3_X1_ZN_A1_AND3_X1_ZN_A1_OR3_X1_ZN_A1_AND3_X1_ZN_A1_OR3_X1_ZN_A1_AND4_X1_ZN_A1_OR3_X1_ZN_A1_AND4_X1_ZN_A4_OAI21_X1_ZN_B1_AOI21_X1_ZN_A_AND3_X1_A2/ZN (AND3_X1)
                    0.0138    0.0000    0.7470 v acc_out[8]_DFF_X1_Q_D_AND3_X1_ZN_A2_OR3_X1_ZN_A1_AND3_X1_ZN_A1_OR3_X1_ZN_A1_AND3_X1_ZN_A1_OR3_X1_ZN_A1_AND4_X1_ZN_A1_OR3_X1_ZN_A1_AND4_X1_ZN_A4_OAI21_X1_ZN_A_OR3_X1_A2/A1 (OR3_X1)
     4    6.0248    0.0183    0.0779    0.8248 v acc_out[8]_DFF_X1_Q_D_AND3_X1_ZN_A2_OR3_X1_ZN_A1_AND3_X1_ZN_A1_OR3_X1_ZN_A1_AND3_X1_ZN_A1_OR3_X1_ZN_A1_AND4_X1_ZN_A1_OR3_X1_ZN_A1_AND4_X1_ZN_A4_OAI21_X1_ZN_A_OR3_X1_A2/ZN (OR3_X1)
                    0.0183    0.0000    0.8248 v acc_out[8]_DFF_X1_Q_D_AND3_X1_ZN_A2_OR3_X1_ZN_A1_AND3_X1_ZN_A1_OR3_X1_ZN_A1_AND3_X1_ZN_A1_OR3_X1_ZN_A1_AND4_X1_ZN_A1_OR3_X1_ZN_A3_AOI22_X1_ZN/B2 (AOI22_X1)
     3    4.1555    0.0361    0.0625    0.8873 ^ acc_out[8]_DFF_X1_Q_D_AND3_X1_ZN_A2_OR3_X1_ZN_A1_AND3_X1_ZN_A1_OR3_X1_ZN_A1_AND3_X1_ZN_A1_OR3_X1_ZN_A1_AND4_X1_ZN_A1_OR3_X1_ZN_A3_AOI22_X1_ZN/ZN (AOI22_X1)
                    0.0361    0.0000    0.8873 ^ acc_out[9]_DFF_X1_Q_D_NOR2_X1_ZN_A2_XNOR2_X1_ZN_B_XOR2_X1_Z_B_XNOR2_X1_ZN_A_XOR2_X1_Z_B_XNOR2_X1_ZN_B_XOR2_X1_Z_B_XNOR2_X1_ZN_B_OAI21_X1_ZN/B2 (OAI21_X1)
     2    3.7781    0.0173    0.0292    0.9166 v acc_out[9]_DFF_X1_Q_D_NOR2_X1_ZN_A2_XNOR2_X1_ZN_B_XOR2_X1_Z_B_XNOR2_X1_ZN_A_XOR2_X1_Z_B_XNOR2_X1_ZN_B_XOR2_X1_Z_B_XNOR2_X1_ZN_B_OAI21_X1_ZN/ZN (OAI21_X1)
                    0.0173    0.0000    0.9166 v acc_out[9]_DFF_X1_Q_D_NOR2_X1_ZN_A2_XNOR2_X1_ZN_B_XOR2_X1_Z_B_XNOR2_X1_ZN_A_XOR2_X1_Z_B_XNOR2_X1_ZN_B_XOR2_X1_Z_B_XNOR2_X1_ZN/B (XNOR2_X1)
     2    3.9753    0.0163    0.0476    0.9642 v acc_out[9]_DFF_X1_Q_D_NOR2_X1_ZN_A2_XNOR2_X1_ZN_B_XOR2_X1_Z_B_XNOR2_X1_ZN_A_XOR2_X1_Z_B_XNOR2_X1_ZN_B_XOR2_X1_Z_B_XNOR2_X1_ZN/ZN (XNOR2_X1)
                    0.0163    0.0000    0.9642 v acc_out[9]_DFF_X1_Q_D_NOR2_X1_ZN_A2_XNOR2_X1_ZN_B_XOR2_X1_Z_B_XNOR2_X1_ZN_A_XOR2_X1_Z_B_XNOR2_X1_ZN_B_XOR2_X1_Z/B (XOR2_X1)
     2    3.7781    0.0144    0.0620    1.0261 v acc_out[9]_DFF_X1_Q_D_NOR2_X1_ZN_A2_XNOR2_X1_ZN_B_XOR2_X1_Z_B_XNOR2_X1_ZN_A_XOR2_X1_Z_B_XNOR2_X1_ZN_B_XOR2_X1_Z/Z (XOR2_X1)
                    0.0144    0.0000    1.0261 v acc_out[10]_DFF_X1_Q_D_AOI21_X1_ZN_B2_XNOR2_X1_ZN_B_XOR2_X1_Z_A_XNOR2_X1_ZN_B_XNOR2_X1_ZN_B_AOI21_X1_ZN/B2 (AOI21_X1)
     2    4.1455    0.0330    0.0456    1.0717 ^ acc_out[10]_DFF_X1_Q_D_AOI21_X1_ZN_B2_XNOR2_X1_ZN_B_XOR2_X1_Z_A_XNOR2_X1_ZN_B_XNOR2_X1_ZN_B_AOI21_X1_ZN/ZN (AOI21_X1)
                    0.0330    0.0000    1.0717 ^ acc_out[10]_DFF_X1_Q_D_AOI21_X1_ZN_B2_XNOR2_X1_ZN_B_XOR2_X1_Z_A_XNOR2_X1_ZN_B_XNOR2_X1_ZN_B_OAI21_X1_B2/B2 (OAI21_X1)
     2    3.6281    0.0163    0.0279    1.0996 v acc_out[10]_DFF_X1_Q_D_AOI21_X1_ZN_B2_XNOR2_X1_ZN_B_XOR2_X1_Z_A_XNOR2_X1_ZN_B_XNOR2_X1_ZN_B_OAI21_X1_B2/ZN (OAI21_X1)
                    0.0163    0.0000    1.0996 v acc_out[11]_DFF_X1_Q_D_NOR2_X1_ZN_A2_XNOR2_X1_ZN_A_XOR2_X1_Z_B_XOR2_X1_Z_B_XOR2_X1_Z_B_XOR2_X1_Z/A (XOR2_X1)
     2    3.3056    0.0136    0.0561    1.1557 v acc_out[11]_DFF_X1_Q_D_NOR2_X1_ZN_A2_XNOR2_X1_ZN_A_XOR2_X1_Z_B_XOR2_X1_Z_B_XOR2_X1_Z_B_XOR2_X1_Z/Z (XOR2_X1)
                    0.0136    0.0000    1.1557 v acc_out[11]_DFF_X1_Q_D_NOR2_X1_ZN_A2_XNOR2_X1_ZN_A_XOR2_X1_Z_B_XOR2_X1_Z_B_XOR2_X1_Z/B (XOR2_X1)
     2    3.8214    0.0143    0.0609    1.2166 v acc_out[11]_DFF_X1_Q_D_NOR2_X1_ZN_A2_XNOR2_X1_ZN_A_XOR2_X1_Z_B_XOR2_X1_Z_B_XOR2_X1_Z/Z (XOR2_X1)
                    0.0143    0.0000    1.2166 v acc_out[12]_DFF_X1_Q_D_AOI21_X1_ZN_B2_XNOR2_X1_ZN_B_XOR2_X1_Z_B_AOI21_X1_ZN/B2 (AOI21_X1)
     2    3.9354    0.0320    0.0445    1.2611 ^ acc_out[12]_DFF_X1_Q_D_AOI21_X1_ZN_B2_XNOR2_X1_ZN_B_XOR2_X1_Z_B_AOI21_X1_ZN/ZN (AOI21_X1)
                    0.0320    0.0000    1.2611 ^ acc_out[12]_DFF_X1_Q_D_AOI21_X1_ZN_B2_XNOR2_X1_ZN_B_XOR2_X1_Z_A_OAI21_X1_B1/B2 (OAI21_X1)
     2    3.8214    0.0164    0.0281    1.2892 v acc_out[12]_DFF_X1_Q_D_AOI21_X1_ZN_B2_XNOR2_X1_ZN_B_XOR2_X1_Z_A_OAI21_X1_B1/ZN (OAI21_X1)
                    0.0164    0.0000    1.2892 v acc_out[13]_DFF_X1_Q_D_AND2_X1_ZN_A1_OR2_X1_ZN_A2_XOR2_X1_Z_B_XOR2_X1_Z/B (XOR2_X1)
     2    3.3056    0.0144    0.0612    1.3504 v acc_out[13]_DFF_X1_Q_D_AND2_X1_ZN_A1_OR2_X1_ZN_A2_XOR2_X1_Z_B_XOR2_X1_Z/Z (XOR2_X1)
                    0.0144    0.0000    1.3504 v acc_out[13]_DFF_X1_Q_D_AND2_X1_ZN_A1_OR2_X1_ZN_A2_XOR2_X1_Z/B (XOR2_X1)
     3    3.7153    0.0142    0.0611    1.4115 v acc_out[13]_DFF_X1_Q_D_AND2_X1_ZN_A1_OR2_X1_ZN_A2_XOR2_X1_Z/Z (XOR2_X1)
                    0.0142    0.0000    1.4115 v acc_out[14]_DFF_X1_Q_D_AOI21_X1_ZN_B2_AOI21_X1_ZN/B2 (AOI21_X1)
     3    5.0010    0.0370    0.0498    1.4613 ^ acc_out[14]_DFF_X1_Q_D_AOI21_X1_ZN_B2_AOI21_X1_ZN/ZN (AOI21_X1)
                    0.0370    0.0000    1.4613 ^ acc_out[14]_DFF_X1_Q_D_AOI21_X1_ZN_B2_OAI21_X1_B1/B1 (OAI21_X1)
     2    3.7781    0.0166    0.0261    1.4874 v acc_out[14]_DFF_X1_Q_D_AOI21_X1_ZN_B2_OAI21_X1_B1/ZN (OAI21_X1)
                    0.0166    0.0000    1.4874 v acc_out[16]_DFF_X1_Q_D_AOI21_X1_ZN_B1_AOI21_X1_ZN/B2 (AOI21_X1)
     3    4.7908    0.0360    0.0497    1.5371 ^ acc_out[16]_DFF_X1_Q_D_AOI21_X1_ZN_B1_AOI21_X1_ZN/ZN (AOI21_X1)
                    0.0360    0.0000    1.5371 ^ acc_out[16]_DFF_X1_Q_D_AOI21_X1_ZN_B2_OAI21_X1_B1/B2 (OAI21_X1)
     3    3.7347    0.0172    0.0291    1.5662 v acc_out[16]_DFF_X1_Q_D_AOI21_X1_ZN_B2_OAI21_X1_B1/ZN (OAI21_X1)
                    0.0172    0.0000    1.5662 v acc_out[18]_DFF_X1_Q_D_AOI21_X1_ZN_B1_AOI21_X1_ZN/B1 (AOI21_X1)
     3    4.7908    0.0360    0.0450    1.6112 ^ acc_out[18]_DFF_X1_Q_D_AOI21_X1_ZN_B1_AOI21_X1_ZN/ZN (AOI21_X1)
                    0.0360    0.0000    1.6112 ^ acc_out[18]_DFF_X1_Q_D_AOI21_X1_ZN_B2_OAI21_X1_B1/B2 (OAI21_X1)
     2    3.5727    0.0170    0.0286    1.6399 v acc_out[18]_DFF_X1_Q_D_AOI21_X1_ZN_B2_OAI21_X1_B1/ZN (OAI21_X1)
                    0.0170    0.0000    1.6399 v acc_out[20]_DFF_X1_Q_D_AOI21_X1_ZN_B1_AOI21_X1_ZN/B1 (AOI21_X1)
     3    4.7908    0.0360    0.0450    1.6848 ^ acc_out[20]_DFF_X1_Q_D_AOI21_X1_ZN_B1_AOI21_X1_ZN/ZN (AOI21_X1)
                    0.0360    0.0000    1.6848 ^ acc_out[20]_DFF_X1_Q_D_AOI21_X1_ZN_B2_OAI21_X1_B1/B2 (OAI21_X1)
     3    3.7347    0.0172    0.0291    1.7139 v acc_out[20]_DFF_X1_Q_D_AOI21_X1_ZN_B2_OAI21_X1_B1/ZN (OAI21_X1)
                    0.0172    0.0000    1.7139 v acc_out[22]_DFF_X1_Q_D_AOI21_X1_ZN_B1_AOI21_X1_ZN/B1 (AOI21_X1)
     3    4.7908    0.0360    0.0450    1.7589 ^ acc_out[22]_DFF_X1_Q_D_AOI21_X1_ZN_B1_AOI21_X1_ZN/ZN (AOI21_X1)
                    0.0360    0.0000    1.7589 ^ acc_out[22]_DFF_X1_Q_D_AOI21_X1_ZN_B2_OAI21_X1_B1/B2 (OAI21_X1)
     2    3.5727    0.0170    0.0286    1.7876 v acc_out[22]_DFF_X1_Q_D_AOI21_X1_ZN_B2_OAI21_X1_B1/ZN (OAI21_X1)
                    0.0170    0.0000    1.7876 v acc_out[24]_DFF_X1_Q_D_AOI21_X1_ZN_B1_AOI21_X1_ZN/B1 (AOI21_X1)
     3    4.7908    0.0360    0.0450    1.8325 ^ acc_out[24]_DFF_X1_Q_D_AOI21_X1_ZN_B1_AOI21_X1_ZN/ZN (AOI21_X1)
                    0.0360    0.0000    1.8325 ^ acc_out[24]_DFF_X1_Q_D_AOI21_X1_ZN_B2_OAI21_X1_B1/B2 (OAI21_X1)
     3    3.8679    0.0174    0.0294    1.8620 v acc_out[24]_DFF_X1_Q_D_AOI21_X1_ZN_B2_OAI21_X1_B1/ZN (OAI21_X1)
                    0.0174    0.0000    1.8620 v acc_out[26]_DFF_X1_Q_D_AOI21_X1_ZN_B1_AOI21_X1_ZN/B2 (AOI21_X1)
     3    4.7908    0.0360    0.0501    1.9120 ^ acc_out[26]_DFF_X1_Q_D_AOI21_X1_ZN_B1_AOI21_X1_ZN/ZN (AOI21_X1)
                    0.0360    0.0000    1.9120 ^ acc_out[26]_DFF_X1_Q_D_AOI21_X1_ZN_B2_OAI21_X1_B1/B2 (OAI21_X1)
     3    3.7347    0.0172    0.0291    1.9411 v acc_out[26]_DFF_X1_Q_D_AOI21_X1_ZN_B2_OAI21_X1_B1/ZN (OAI21_X1)
                    0.0172    0.0000    1.9411 v acc_out[28]_DFF_X1_Q_D_AOI21_X1_ZN_B1_AOI21_X1_ZN/B1 (AOI21_X1)
     3    4.7908    0.0360    0.0450    1.9861 ^ acc_out[28]_DFF_X1_Q_D_AOI21_X1_ZN_B1_AOI21_X1_ZN/ZN (AOI21_X1)
                    0.0360    0.0000    1.9861 ^ acc_out[28]_DFF_X1_Q_D_AOI21_X1_ZN_B2_OAI21_X1_B1/B2 (OAI21_X1)
     3    3.8679    0.0174    0.0294    2.0156 v acc_out[28]_DFF_X1_Q_D_AOI21_X1_ZN_B2_OAI21_X1_B1/ZN (OAI21_X1)
                    0.0174    0.0000    2.0156 v acc_out[30]_DFF_X1_Q_D_AOI21_X1_ZN_B2_AOI21_X1_ZN/B2 (AOI21_X1)
     3    5.0010    0.0370    0.0511    2.0667 ^ acc_out[30]_DFF_X1_Q_D_AOI21_X1_ZN_B2_AOI21_X1_ZN/ZN (AOI21_X1)
                    0.0370    0.0000    2.0667 ^ acc_out[30]_DFF_X1_Q_D_AOI21_X1_ZN_A_OAI21_X1_ZN/B1 (OAI21_X1)
     1    1.5353    0.0132    0.0187    2.0854 v acc_out[30]_DFF_X1_Q_D_AOI21_X1_ZN_A_OAI21_X1_ZN/ZN (OAI21_X1)
                    0.0132    0.0000    2.0854 v acc_out[30]_DFF_X1_Q_D_AOI21_X1_ZN/A (AOI21_X1)
     1    1.1403    0.0189    0.0382    2.1236 ^ acc_out[30]_DFF_X1_Q_D_AOI21_X1_ZN/ZN (AOI21_X1)
                    0.0189    0.0000    2.1236 ^ acc_out[30]_DFF_X1_Q/D (DFF_X1)
                                        2.1236   data arrival time

                    0.0500    2.0000    2.0000   clock clk (rise edge)
                              0.0000    2.0000   clock network delay (ideal)
                             -0.0500    1.9500   clock uncertainty
                              0.0000    1.9500   clock reconvergence pessimism
                                        1.9500 ^ acc_out[30]_DFF_X1_Q/CK (DFF_X1)
                             -0.0289    1.9211   library setup time
                                        1.9211   data required time
-------------------------------------------------------------------------------------
                                        1.9211   data required time
                                       -2.1236   data arrival time
-------------------------------------------------------------------------------------
                                       -0.2025   slack (VIOLATED)


Startpoint: b1[0]_AND2_X1_A2_ZN_DFF_X1_D
            (rising edge-triggered flip-flop clocked by clk)
Endpoint: acc_out[29]_DFF_X1_Q (rising edge-triggered flip-flop clocked by clk)
Path Group: clk
Path Type: max

Fanout       Cap      Slew     Delay      Time   Description
-------------------------------------------------------------------------------------
                    0.0500    0.0000    0.0000   clock clk (rise edge)
                              0.0000    0.0000   clock network delay (ideal)
                    0.0500    0.0000    0.0000 ^ b1[0]_AND2_X1_A2_ZN_DFF_X1_D/CK (DFF_X1)
    42   57.0488    0.1329    0.2293    0.2293 ^ b1[0]_AND2_X1_A2_ZN_DFF_X1_D/Q (DFF_X1)
                    0.1329    0.0000    0.2293 ^ acc_out[8]_DFF_X1_Q_D_AND3_X1_ZN_A2_OR3_X1_ZN_A1_AND3_X1_ZN_A1_OR3_X1_ZN_A1_AND3_X1_ZN_A1_OR3_X1_ZN_A1_AND4_X1_ZN_A1_OR3_X1_ZN_A1_AND4_X1_ZN_A4_OAI21_X1_ZN_B1_AOI21_X1_ZN_B2_OR3_X1_ZN_A2_AND3_X1_ZN_A1_OR3_X1_ZN_A1_AND3_X1_ZN_A1_OR3_X1_ZN_A1_AND3_X1_ZN_A1_OR3_X1_ZN_A3_AOI22_X1_ZN/B1 (AOI22_X1)
     3    3.9140    0.0405    0.0468    0.2761 v acc_out[8]_DFF_X1_Q_D_AND3_X1_ZN_A2_OR3_X1_ZN_A1_AND3_X1_ZN_A1_OR3_X1_ZN_A1_AND3_X1_ZN_A1_OR3_X1_ZN_A1_AND4_X1_ZN_A1_OR3_X1_ZN_A1_AND4_X1_ZN_A4_OAI21_X1_ZN_B1_AOI21_X1_ZN_B2_OR3_X1_ZN_A2_AND3_X1_ZN_A1_OR3_X1_ZN_A1_AND3_X1_ZN_A1_OR3_X1_ZN_A1_AND3_X1_ZN_A1_OR3_X1_ZN_A3_AOI22_X1_ZN/ZN (AOI22_X1)
                    0.0405    0.0000    0.2761 v acc_out[8]_DFF_X1_Q_D_AND3_X1_ZN_A2_OR3_X1_ZN_A1_AND3_X1_ZN_A1_OR3_X1_ZN_A1_AND3_X1_ZN_A1_OR3_X1_ZN_A1_AND4_X1_ZN_A1_OR3_X1_ZN_A1_AND4_X1_ZN_A4_OAI21_X1_ZN_B1_AOI21_X1_ZN_B2_OR3_X1_ZN_A2_AND3_X1_ZN_A1_OR3_X1_ZN_A1_AND3_X1_ZN_A1_OR3_X1_ZN_A1_AND3_X1_ZN_A1_OR3_X1_ZN/A3 (OR3_X1)
     3    3.8381    0.0158    0.0971    0.3732 v acc_out[8]_DFF_X1_Q_D_AND3_X1_ZN_A2_OR3_X1_ZN_A1_AND3_X1_ZN_A1_OR3_X1_ZN_A1_AND3_X1_ZN_A1_OR3_X1_ZN_A1_AND4_X1_ZN_A1_OR3_X1_ZN_A1_AND4_X1_ZN_A4_OAI21_X1_ZN_B1_AOI21_X1_ZN_B2_OR3_X1_ZN_A2_AND3_X1_ZN_A1_OR3_X1_ZN_A1_AND3_X1_ZN_A1_OR3_X1_ZN_A1_AND3_X1_ZN_A1_OR3_X1_ZN/ZN (OR3_X1)
                    0.0158    0.0000    0.3732 v acc_out[8]_DFF_X1_Q_D_AND3_X1_ZN_A2_OR3_X1_ZN_A1_AND3_X1_ZN_A1_OR3_X1_ZN_A1_AND3_X1_ZN_A1_OR3_X1_ZN_A1_AND4_X1_ZN_A1_OR3_X1_ZN_A1_AND4_X1_ZN_A4_OAI21_X1_ZN_B1_AOI21_X1_ZN_B2_OR3_X1_ZN_A2_AND3_X1_ZN_A1_OR3_X1_ZN_A1_AND3_X1_ZN_A1_OR3_X1_ZN_A1_AND3_X1_ZN/A1 (AND3_X1)
     2    2.3339    0.0074    0.0355    0.4087 v acc_out[8]_DFF_X1_Q_D_AND3_X1_ZN_A2_OR3_X1_ZN_A1_AND3_X1_ZN_A1_OR3_X1_ZN_A1_AND3_X1_ZN_A1_OR3_X1_ZN_A1_AND4_X1_ZN_A1_OR3_X1_ZN_A1_AND4_X1_ZN_A4_OAI21_X1_ZN_B1_AOI21_X1_ZN_B2_OR3_X1_ZN_A2_AND3_X1_ZN_A1_OR3_X1_ZN_A1_AND3_X1_ZN_A1_OR3_X1_ZN_A1_AND3_X1_ZN/ZN (AND3_X1)
                    0.0074    0.0000    0.4087 v acc_out[8]_DFF_X1_Q_D_AND3_X1_ZN_A2_OR3_X1_ZN_A1_AND3_X1_ZN_A1_OR3_X1_ZN_A1_AND3_X1_ZN_A1_OR3_X1_ZN_A1_AND4_X1_ZN_A1_OR3_X1_ZN_A1_AND4_X1_ZN_A4_OAI21_X1_ZN_B1_AOI21_X1_ZN_B2_OR3_X1_ZN_A2_AND3_X1_ZN_A1_OR3_X1_ZN_A1_AND3_X1_ZN_A1_OR3_X1_ZN/A1 (OR3_X1)
     3    3.8381    0.0158    0.0706    0.4793 v acc_out[8]_DFF_X1_Q_D_AND3_X1_ZN_A2_OR3_X1_ZN_A1_AND3_X1_ZN_A1_OR3_X1_ZN_A1_AND3_X1_ZN_A1_OR3_X1_ZN_A1_AND4_X1_ZN_A1_OR3_X1_ZN_A1_AND4_X1_ZN_A4_OAI21_X1_ZN_B1_AOI21_X1_ZN_B2_OR3_X1_ZN_A2_AND3_X1_ZN_A1_OR3_X1_ZN_A1_AND3_X1_ZN_A1_OR3_X1_ZN/ZN (OR3_X1)
                    0.0158    0.0000    0.4793 v acc_out[8]_DFF_X1_Q_D_AND3_X1_ZN_A2_OR3_X1_ZN_A1_AND3_X1_ZN_A1_OR3_X1_ZN_A1_AND3_X1_ZN_A1_OR3_X1_ZN_A1_AND4_X1_ZN_A1_OR3_X1_ZN_A1_AND4_X1_ZN_A4_OAI21_X1_ZN_B1_AOI21_X1_ZN_B2_OR3_X1_ZN_A2_AND3_X1_ZN_A1_OR3_X1_ZN_A1_AND3_X1_ZN/A1 (AND3_X1)
     2    2.3339    0.0074    0.0355    0.5148 v acc_out[8]_DFF_X1_Q_D_AND3_X1_ZN_A2_OR3_X1_ZN_A1_AND3_X1_ZN_A1_OR3_X1_ZN_A1_AND3_X1_ZN_A1_OR3_X1_ZN_A1_AND4_X1_ZN_A1_OR3_X1_ZN_A1_AND4_X1_ZN_A4_OAI21_X1_ZN_B1_AOI21_X1_ZN_B2_OR3_X1_ZN_A2_AND3_X1_ZN_A1_OR3_X1_ZN_A1_AND3_X1_ZN/ZN (AND3_X1)
                    0.0074    0.0000    0.5148 v acc_out[8]_DFF_X1_Q_D_AND3_X1_ZN_A2_OR3_X1_ZN_A1_AND3_X1_ZN_A1_OR3_X1_ZN_A1_AND3_X1_ZN_A1_OR3_X1_ZN_A1_AND4_X1_ZN_A1_OR3_X1_ZN_A1_AND4_X1_ZN_A4_OAI21_X1_ZN_B1_AOI21_X1_ZN_B2_OR3_X1_ZN_A2_AND3_X1_ZN_A1_OR3_X1_ZN/A1 (OR3_X1)
     2    2.2761    0.0139    0.0661    0.5809 v acc_out[8]_DFF_X1_Q_D_AND3_X1_ZN_A2_OR3_X1_ZN_A1_AND3_X1_ZN_A1_OR3_X1_ZN_A1_AND3_X1_ZN_A1_OR3_X1_ZN_A1_AND4_X1_ZN_A1_OR3_X1_ZN_A1_AND4_X1_ZN_A4_OAI21_X1_ZN_B1_AOI21_X1_ZN_B2_OR3_X1_ZN_A2_AND3_X1_ZN_A1_OR3_X1_ZN/ZN (OR3_X1)
                    0.0139    0.0000    0.5809 v acc_out[8]_DFF_X1_Q_D_AND3_X1_ZN_A2_OR3_X1_ZN_A1_AND3_X1_ZN_A1_OR3_X1_ZN_A1_AND3_X1_ZN_A1_OR3_X1_ZN_A1_AND4_X1_ZN_A1_OR3_X1_ZN_A1_AND4_X1_ZN_A4_OAI21_X1_ZN_B1_AOI21_X1_ZN_B2_OR3_X1_ZN_A2_AND3_X1_ZN/A1 (AND3_X1)
     3    3.8592    0.0089    0.0375    0.6184 v acc_out[8]_DFF_X1_Q_D_AND3_X1_ZN_A2_OR3_X1_ZN_A1_AND3_X1_ZN_A1_OR3_X1_ZN_A1_AND3_X1_ZN_A1_OR3_X1_ZN_A1_AND4_X1_ZN_A1_OR3_X1_ZN_A1_AND4_X1_ZN_A4_OAI21_X1_ZN_B1_AOI21_X1_ZN_B2_OR3_X1_ZN_A2_AND3_X1_ZN/ZN (AND3_X1)
                    0.0089    0.0000    0.6184 v acc_out[8]_DFF_X1_Q_D_AND3_X1_ZN_A2_OR3_X1_ZN_A1_AND3_X1_ZN_A1_OR3_X1_ZN_A1_AND3_X1_ZN_A1_OR3_X1_ZN_A1_AND4_X1_ZN_A1_OR3_X1_ZN_A1_AND4_X1_ZN_A4_OAI21_X1_ZN_B1_AOI21_X1_ZN_B2_OR3_X1_ZN/A2 (OR3_X1)
     3    3.7783    0.0158    0.0822    0.7006 v acc_out[8]_DFF_X1_Q_D_AND3_X1_ZN_A2_OR3_X1_ZN_A1_AND3_X1_ZN_A1_OR3_X1_ZN_A1_AND3_X1_ZN_A1_OR3_X1_ZN_A1_AND4_X1_ZN_A1_OR3_X1_ZN_A1_AND4_X1_ZN_A4_OAI21_X1_ZN_B1_AOI21_X1_ZN_B2_OR3_X1_ZN/ZN (OR3_X1)
                    0.0158    0.0000    0.7006 v acc_out[8]_DFF_X1_Q_D_AND3_X1_ZN_A2_OR3_X1_ZN_A1_AND3_X1_ZN_A1_OR3_X1_ZN_A1_AND3_X1_ZN_A1_OR3_X1_ZN_A1_AND4_X1_ZN_A1_OR3_X1_ZN_A1_AND4_X1_ZN_A4_OAI21_X1_ZN_B1_AOI21_X1_ZN_A_AND3_X1_A2/A1 (AND3_X1)
     6    9.0194    0.0138    0.0464    0.7470 v acc_out[8]_DFF_X1_Q_D_AND3_X1_ZN_A2_OR3_X1_ZN_A1_AND3_X1_ZN_A1_OR3_X1_ZN_A1_AND3_X1_ZN_A1_OR3_X1_ZN_A1_AND4_X1_ZN_A1_OR3_X1_ZN_A1_AND4_X1_ZN_A4_OAI21_X1_ZN_B1_AOI21_X1_ZN_A_AND3_X1_A2/ZN (AND3_X1)
                    0.0138    0.0000    0.7470 v acc_out[8]_DFF_X1_Q_D_AND3_X1_ZN_A2_OR3_X1_ZN_A1_AND3_X1_ZN_A1_OR3_X1_ZN_A1_AND3_X1_ZN_A1_OR3_X1_ZN_A1_AND4_X1_ZN_A1_OR3_X1_ZN_A1_AND4_X1_ZN_A4_OAI21_X1_ZN_A_OR3_X1_A2/A1 (OR3_X1)
     4    6.0248    0.0183    0.0779    0.8248 v acc_out[8]_DFF_X1_Q_D_AND3_X1_ZN_A2_OR3_X1_ZN_A1_AND3_X1_ZN_A1_OR3_X1_ZN_A1_AND3_X1_ZN_A1_OR3_X1_ZN_A1_AND4_X1_ZN_A1_OR3_X1_ZN_A1_AND4_X1_ZN_A4_OAI21_X1_ZN_A_OR3_X1_A2/ZN (OR3_X1)
                    0.0183    0.0000    0.8248 v acc_out[8]_DFF_X1_Q_D_AND3_X1_ZN_A2_OR3_X1_ZN_A1_AND3_X1_ZN_A1_OR3_X1_ZN_A1_AND3_X1_ZN_A1_OR3_X1_ZN_A1_AND4_X1_ZN_A1_OR3_X1_ZN_A3_AOI22_X1_ZN/B2 (AOI22_X1)
     3    4.1555    0.0361    0.0625    0.8873 ^ acc_out[8]_DFF_X1_Q_D_AND3_X1_ZN_A2_OR3_X1_ZN_A1_AND3_X1_ZN_A1_OR3_X1_ZN_A1_AND3_X1_ZN_A1_OR3_X1_ZN_A1_AND4_X1_ZN_A1_OR3_X1_ZN_A3_AOI22_X1_ZN/ZN (AOI22_X1)
                    0.0361    0.0000    0.8873 ^ acc_out[9]_DFF_X1_Q_D_NOR2_X1_ZN_A2_XNOR2_X1_ZN_B_XOR2_X1_Z_B_XNOR2_X1_ZN_A_XOR2_X1_Z_B_XNOR2_X1_ZN_B_XOR2_X1_Z_B_XNOR2_X1_ZN_B_OAI21_X1_ZN/B2 (OAI21_X1)
     2    3.7781    0.0173    0.0292    0.9166 v acc_out[9]_DFF_X1_Q_D_NOR2_X1_ZN_A2_XNOR2_X1_ZN_B_XOR2_X1_Z_B_XNOR2_X1_ZN_A_XOR2_X1_Z_B_XNOR2_X1_ZN_B_XOR2_X1_Z_B_XNOR2_X1_ZN_B_OAI21_X1_ZN/ZN (OAI21_X1)
                    0.0173    0.0000    0.9166 v acc_out[9]_DFF_X1_Q_D_NOR2_X1_ZN_A2_XNOR2_X1_ZN_B_XOR2_X1_Z_B_XNOR2_X1_ZN_A_XOR2_X1_Z_B_XNOR2_X1_ZN_B_XOR2_X1_Z_B_XNOR2_X1_ZN/B (XNOR2_X1)
     2    3.9753    0.0163    0.0476    0.9642 v acc_out[9]_DFF_X1_Q_D_NOR2_X1_ZN_A2_XNOR2_X1_ZN_B_XOR2_X1_Z_B_XNOR2_X1_ZN_A_XOR2_X1_Z_B_XNOR2_X1_ZN_B_XOR2_X1_Z_B_XNOR2_X1_ZN/ZN (XNOR2_X1)
                    0.0163    0.0000    0.9642 v acc_out[9]_DFF_X1_Q_D_NOR2_X1_ZN_A2_XNOR2_X1_ZN_B_XOR2_X1_Z_B_XNOR2_X1_ZN_A_XOR2_X1_Z_B_XNOR2_X1_ZN_B_XOR2_X1_Z/B (XOR2_X1)
     2    3.7781    0.0144    0.0620    1.0261 v acc_out[9]_DFF_X1_Q_D_NOR2_X1_ZN_A2_XNOR2_X1_ZN_B_XOR2_X1_Z_B_XNOR2_X1_ZN_A_XOR2_X1_Z_B_XNOR2_X1_ZN_B_XOR2_X1_Z/Z (XOR2_X1)
                    0.0144    0.0000    1.0261 v acc_out[10]_DFF_X1_Q_D_AOI21_X1_ZN_B2_XNOR2_X1_ZN_B_XOR2_X1_Z_A_XNOR2_X1_ZN_B_XNOR2_X1_ZN_B_AOI21_X1_ZN/B2 (AOI21_X1)
     2    4.1455    0.0330    0.0456    1.0717 ^ acc_out[10]_DFF_X1_Q_D_AOI21_X1_ZN_B2_XNOR2_X1_ZN_B_XOR2_X1_Z_A_XNOR2_X1_ZN_B_XNOR2_X1_ZN_B_AOI21_X1_ZN/ZN (AOI21_X1)
                    0.0330    0.0000    1.0717 ^ acc_out[10]_DFF_X1_Q_D_AOI21_X1_ZN_B2_XNOR2_X1_ZN_B_XOR2_X1_Z_A_XNOR2_X1_ZN_B_XNOR2_X1_ZN_B_OAI21_X1_B2/B2 (OAI21_X1)
     2    3.6281    0.0163    0.0279    1.0996 v acc_out[10]_DFF_X1_Q_D_AOI21_X1_ZN_B2_XNOR2_X1_ZN_B_XOR2_X1_Z_A_XNOR2_X1_ZN_B_XNOR2_X1_ZN_B_OAI21_X1_B2/ZN (OAI21_X1)
                    0.0163    0.0000    1.0996 v acc_out[11]_DFF_X1_Q_D_NOR2_X1_ZN_A2_XNOR2_X1_ZN_A_XOR2_X1_Z_B_XOR2_X1_Z_B_XOR2_X1_Z_B_XOR2_X1_Z/A (XOR2_X1)
     2    3.3056    0.0136    0.0561    1.1557 v acc_out[11]_DFF_X1_Q_D_NOR2_X1_ZN_A2_XNOR2_X1_ZN_A_XOR2_X1_Z_B_XOR2_X1_Z_B_XOR2_X1_Z_B_XOR2_X1_Z/Z (XOR2_X1)
                    0.0136    0.0000    1.1557 v acc_out[11]_DFF_X1_Q_D_NOR2_X1_ZN_A2_XNOR2_X1_ZN_A_XOR2_X1_Z_B_XOR2_X1_Z_B_XOR2_X1_Z/B (XOR2_X1)
     2    3.8214    0.0143    0.0609    1.2166 v acc_out[11]_DFF_X1_Q_D_NOR2_X1_ZN_A2_XNOR2_X1_ZN_A_XOR2_X1_Z_B_XOR2_X1_Z_B_XOR2_X1_Z/Z (XOR2_X1)
                    0.0143    0.0000    1.2166 v acc_out[12]_DFF_X1_Q_D_AOI21_X1_ZN_B2_XNOR2_X1_ZN_B_XOR2_X1_Z_B_AOI21_X1_ZN/B2 (AOI21_X1)
     2    3.9354    0.0320    0.0445    1.2611 ^ acc_out[12]_DFF_X1_Q_D_AOI21_X1_ZN_B2_XNOR2_X1_ZN_B_XOR2_X1_Z_B_AOI21_X1_ZN/ZN (AOI21_X1)
                    0.0320    0.0000    1.2611 ^ acc_out[12]_DFF_X1_Q_D_AOI21_X1_ZN_B2_XNOR2_X1_ZN_B_XOR2_X1_Z_A_OAI21_X1_B1/B2 (OAI21_X1)
     2    3.8214    0.0164    0.0281    1.2892 v acc_out[12]_DFF_X1_Q_D_AOI21_X1_ZN_B2_XNOR2_X1_ZN_B_XOR2_X1_Z_A_OAI21_X1_B1/ZN (OAI21_X1)
                    0.0164    0.0000    1.2892 v acc_out[13]_DFF_X1_Q_D_AND2_X1_ZN_A1_OR2_X1_ZN_A2_XOR2_X1_Z_B_XOR2_X1_Z/B (XOR2_X1)
     2    3.3056    0.0144    0.0612    1.3504 v acc_out[13]_DFF_X1_Q_D_AND2_X1_ZN_A1_OR2_X1_ZN_A2_XOR2_X1_Z_B_XOR2_X1_Z/Z (XOR2_X1)
                    0.0144    0.0000    1.3504 v acc_out[13]_DFF_X1_Q_D_AND2_X1_ZN_A1_OR2_X1_ZN_A2_XOR2_X1_Z/B (XOR2_X1)
     3    3.7153    0.0142    0.0611    1.4115 v acc_out[13]_DFF_X1_Q_D_AND2_X1_ZN_A1_OR2_X1_ZN_A2_XOR2_X1_Z/Z (XOR2_X1)
                    0.0142    0.0000    1.4115 v acc_out[14]_DFF_X1_Q_D_AOI21_X1_ZN_B2_AOI21_X1_ZN/B2 (AOI21_X1)
     3    5.0010    0.0370    0.0498    1.4613 ^ acc_out[14]_DFF_X1_Q_D_AOI21_X1_ZN_B2_AOI21_X1_ZN/ZN (AOI21_X1)
                    0.0370    0.0000    1.4613 ^ acc_out[14]_DFF_X1_Q_D_AOI21_X1_ZN_B2_OAI21_X1_B1/B1 (OAI21_X1)
     2    3.7781    0.0166    0.0261    1.4874 v acc_out[14]_DFF_X1_Q_D_AOI21_X1_ZN_B2_OAI21_X1_B1/ZN (OAI21_X1)
                    0.0166    0.0000    1.4874 v acc_out[16]_DFF_X1_Q_D_AOI21_X1_ZN_B1_AOI21_X1_ZN/B2 (AOI21_X1)
     3    4.7908    0.0360    0.0497    1.5371 ^ acc_out[16]_DFF_X1_Q_D_AOI21_X1_ZN_B1_AOI21_X1_ZN/ZN (AOI21_X1)
                    0.0360    0.0000    1.5371 ^ acc_out[16]_DFF_X1_Q_D_AOI21_X1_ZN_B2_OAI21_X1_B1/B2 (OAI21_X1)
     3    3.7347    0.0172    0.0291    1.5662 v acc_out[16]_DFF_X1_Q_D_AOI21_X1_ZN_B2_OAI21_X1_B1/ZN (OAI21_X1)
                    0.0172    0.0000    1.5662 v acc_out[18]_DFF_X1_Q_D_AOI21_X1_ZN_B1_AOI21_X1_ZN/B1 (AOI21_X1)
     3    4.7908    0.0360    0.0450    1.6112 ^ acc_out[18]_DFF_X1_Q_D_AOI21_X1_ZN_B1_AOI21_X1_ZN/ZN (AOI21_X1)
                    0.0360    0.0000    1.6112 ^ acc_out[18]_DFF_X1_Q_D_AOI21_X1_ZN_B2_OAI21_X1_B1/B2 (OAI21_X1)
     2    3.5727    0.0170    0.0286    1.6399 v acc_out[18]_DFF_X1_Q_D_AOI21_X1_ZN_B2_OAI21_X1_B1/ZN (OAI21_X1)
                    0.0170    0.0000    1.6399 v acc_out[20]_DFF_X1_Q_D_AOI21_X1_ZN_B1_AOI21_X1_ZN/B1 (AOI21_X1)
     3    4.7908    0.0360    0.0450    1.6848 ^ acc_out[20]_DFF_X1_Q_D_AOI21_X1_ZN_B1_AOI21_X1_ZN/ZN (AOI21_X1)
                    0.0360    0.0000    1.6848 ^ acc_out[20]_DFF_X1_Q_D_AOI21_X1_ZN_B2_OAI21_X1_B1/B2 (OAI21_X1)
     3    3.7347    0.0172    0.0291    1.7139 v acc_out[20]_DFF_X1_Q_D_AOI21_X1_ZN_B2_OAI21_X1_B1/ZN (OAI21_X1)
                    0.0172    0.0000    1.7139 v acc_out[22]_DFF_X1_Q_D_AOI21_X1_ZN_B1_AOI21_X1_ZN/B1 (AOI21_X1)
     3    4.7908    0.0360    0.0450    1.7589 ^ acc_out[22]_DFF_X1_Q_D_AOI21_X1_ZN_B1_AOI21_X1_ZN/ZN (AOI21_X1)
                    0.0360    0.0000    1.7589 ^ acc_out[22]_DFF_X1_Q_D_AOI21_X1_ZN_B2_OAI21_X1_B1/B2 (OAI21_X1)
     2    3.5727    0.0170    0.0286    1.7876 v acc_out[22]_DFF_X1_Q_D_AOI21_X1_ZN_B2_OAI21_X1_B1/ZN (OAI21_X1)
                    0.0170    0.0000    1.7876 v acc_out[24]_DFF_X1_Q_D_AOI21_X1_ZN_B1_AOI21_X1_ZN/B1 (AOI21_X1)
     3    4.7908    0.0360    0.0450    1.8325 ^ acc_out[24]_DFF_X1_Q_D_AOI21_X1_ZN_B1_AOI21_X1_ZN/ZN (AOI21_X1)
                    0.0360    0.0000    1.8325 ^ acc_out[24]_DFF_X1_Q_D_AOI21_X1_ZN_B2_OAI21_X1_B1/B2 (OAI21_X1)
     3    3.8679    0.0174    0.0294    1.8620 v acc_out[24]_DFF_X1_Q_D_AOI21_X1_ZN_B2_OAI21_X1_B1/ZN (OAI21_X1)
                    0.0174    0.0000    1.8620 v acc_out[26]_DFF_X1_Q_D_AOI21_X1_ZN_B1_AOI21_X1_ZN/B2 (AOI21_X1)
     3    4.7908    0.0360    0.0501    1.9120 ^ acc_out[26]_DFF_X1_Q_D_AOI21_X1_ZN_B1_AOI21_X1_ZN/ZN (AOI21_X1)
                    0.0360    0.0000    1.9120 ^ acc_out[26]_DFF_X1_Q_D_AOI21_X1_ZN_B2_OAI21_X1_B1/B2 (OAI21_X1)
     3    3.7347    0.0172    0.0291    1.9411 v acc_out[26]_DFF_X1_Q_D_AOI21_X1_ZN_B2_OAI21_X1_B1/ZN (OAI21_X1)
                    0.0172    0.0000    1.9411 v acc_out[28]_DFF_X1_Q_D_AOI21_X1_ZN_B1_AOI21_X1_ZN/B1 (AOI21_X1)
     3    4.7908    0.0360    0.0450    1.9861 ^ acc_out[28]_DFF_X1_Q_D_AOI21_X1_ZN_B1_AOI21_X1_ZN/ZN (AOI21_X1)
                    0.0360    0.0000    1.9861 ^ acc_out[28]_DFF_X1_Q_D_AOI21_X1_ZN_B2_OAI21_X1_B1/B2 (OAI21_X1)
     3    3.8679    0.0174    0.0294    2.0156 v acc_out[28]_DFF_X1_Q_D_AOI21_X1_ZN_B2_OAI21_X1_B1/ZN (OAI21_X1)
                    0.0174    0.0000    2.0156 v acc_out[29]_DFF_X1_Q_D_NOR3_X1_ZN_A2_AND2_X1_ZN/A2 (AND2_X1)
     1    1.4768    0.0059    0.0347    2.0502 v acc_out[29]_DFF_X1_Q_D_NOR3_X1_ZN_A2_AND2_X1_ZN/ZN (AND2_X1)
                    0.0059    0.0000    2.0502 v acc_out[29]_DFF_X1_Q_D_NOR3_X1_ZN/A2 (NOR3_X1)
     1    1.1403    0.0249    0.0391    2.0893 ^ acc_out[29]_DFF_X1_Q_D_NOR3_X1_ZN/ZN (NOR3_X1)
                    0.0249    0.0000    2.0893 ^ acc_out[29]_DFF_X1_Q/D (DFF_X1)
                                        2.0893   data arrival time

                    0.0500    2.0000    2.0000   clock clk (rise edge)
                              0.0000    2.0000   clock network delay (ideal)
                             -0.0500    1.9500   clock uncertainty
                              0.0000    1.9500   clock reconvergence pessimism
                                        1.9500 ^ acc_out[29]_DFF_X1_Q/CK (DFF_X1)
                             -0.0303    1.9197   library setup time
                                        1.9197   data required time
-------------------------------------------------------------------------------------
                                        1.9197   data required time
                                       -2.0893   data arrival time
-------------------------------------------------------------------------------------
                                       -0.1697   slack (VIOLATED)


Startpoint: b1[0]_AND2_X1_A2_ZN_DFF_X1_D
            (rising edge-triggered flip-flop clocked by clk)
Endpoint: acc_out[28]_DFF_X1_Q (rising edge-triggered flip-flop clocked by clk)
Path Group: clk
Path Type: max

Fanout       Cap      Slew     Delay      Time   Description
-------------------------------------------------------------------------------------
                    0.0500    0.0000    0.0000   clock clk (rise edge)
                              0.0000    0.0000   clock network delay (ideal)
                    0.0500    0.0000    0.0000 ^ b1[0]_AND2_X1_A2_ZN_DFF_X1_D/CK (DFF_X1)
    42   57.0488    0.1329    0.2293    0.2293 ^ b1[0]_AND2_X1_A2_ZN_DFF_X1_D/Q (DFF_X1)
                    0.1329    0.0000    0.2293 ^ acc_out[8]_DFF_X1_Q_D_AND3_X1_ZN_A2_OR3_X1_ZN_A1_AND3_X1_ZN_A1_OR3_X1_ZN_A1_AND3_X1_ZN_A1_OR3_X1_ZN_A1_AND4_X1_ZN_A1_OR3_X1_ZN_A1_AND4_X1_ZN_A4_OAI21_X1_ZN_B1_AOI21_X1_ZN_B2_OR3_X1_ZN_A2_AND3_X1_ZN_A1_OR3_X1_ZN_A1_AND3_X1_ZN_A1_OR3_X1_ZN_A1_AND3_X1_ZN_A1_OR3_X1_ZN_A3_AOI22_X1_ZN/B1 (AOI22_X1)
     3    3.9140    0.0405    0.0468    0.2761 v acc_out[8]_DFF_X1_Q_D_AND3_X1_ZN_A2_OR3_X1_ZN_A1_AND3_X1_ZN_A1_OR3_X1_ZN_A1_AND3_X1_ZN_A1_OR3_X1_ZN_A1_AND4_X1_ZN_A1_OR3_X1_ZN_A1_AND4_X1_ZN_A4_OAI21_X1_ZN_B1_AOI21_X1_ZN_B2_OR3_X1_ZN_A2_AND3_X1_ZN_A1_OR3_X1_ZN_A1_AND3_X1_ZN_A1_OR3_X1_ZN_A1_AND3_X1_ZN_A1_OR3_X1_ZN_A3_AOI22_X1_ZN/ZN (AOI22_X1)
                    0.0405    0.0000    0.2761 v acc_out[8]_DFF_X1_Q_D_AND3_X1_ZN_A2_OR3_X1_ZN_A1_AND3_X1_ZN_A1_OR3_X1_ZN_A1_AND3_X1_ZN_A1_OR3_X1_ZN_A1_AND4_X1_ZN_A1_OR3_X1_ZN_A1_AND4_X1_ZN_A4_OAI21_X1_ZN_B1_AOI21_X1_ZN_B2_OR3_X1_ZN_A2_AND3_X1_ZN_A1_OR3_X1_ZN_A1_AND3_X1_ZN_A1_OR3_X1_ZN_A1_AND3_X1_ZN_A1_OR3_X1_ZN/A3 (OR3_X1)
     3    3.8381    0.0158    0.0971    0.3732 v acc_out[8]_DFF_X1_Q_D_AND3_X1_ZN_A2_OR3_X1_ZN_A1_AND3_X1_ZN_A1_OR3_X1_ZN_A1_AND3_X1_ZN_A1_OR3_X1_ZN_A1_AND4_X1_ZN_A1_OR3_X1_ZN_A1_AND4_X1_ZN_A4_OAI21_X1_ZN_B1_AOI21_X1_ZN_B2_OR3_X1_ZN_A2_AND3_X1_ZN_A1_OR3_X1_ZN_A1_AND3_X1_ZN_A1_OR3_X1_ZN_A1_AND3_X1_ZN_A1_OR3_X1_ZN/ZN (OR3_X1)
                    0.0158    0.0000    0.3732 v acc_out[8]_DFF_X1_Q_D_AND3_X1_ZN_A2_OR3_X1_ZN_A1_AND3_X1_ZN_A1_OR3_X1_ZN_A1_AND3_X1_ZN_A1_OR3_X1_ZN_A1_AND4_X1_ZN_A1_OR3_X1_ZN_A1_AND4_X1_ZN_A4_OAI21_X1_ZN_B1_AOI21_X1_ZN_B2_OR3_X1_ZN_A2_AND3_X1_ZN_A1_OR3_X1_ZN_A1_AND3_X1_ZN_A1_OR3_X1_ZN_A1_AND3_X1_ZN/A1 (AND3_X1)
     2    2.3339    0.0074    0.0355    0.4087 v acc_out[8]_DFF_X1_Q_D_AND3_X1_ZN_A2_OR3_X1_ZN_A1_AND3_X1_ZN_A1_OR3_X1_ZN_A1_AND3_X1_ZN_A1_OR3_X1_ZN_A1_AND4_X1_ZN_A1_OR3_X1_ZN_A1_AND4_X1_ZN_A4_OAI21_X1_ZN_B1_AOI21_X1_ZN_B2_OR3_X1_ZN_A2_AND3_X1_ZN_A1_OR3_X1_ZN_A1_AND3_X1_ZN_A1_OR3_X1_ZN_A1_AND3_X1_ZN/ZN (AND3_X1)
                    0.0074    0.0000    0.4087 v acc_out[8]_DFF_X1_Q_D_AND3_X1_ZN_A2_OR3_X1_ZN_A1_AND3_X1_ZN_A1_OR3_X1_ZN_A1_AND3_X1_ZN_A1_OR3_X1_ZN_A1_AND4_X1_ZN_A1_OR3_X1_ZN_A1_AND4_X1_ZN_A4_OAI21_X1_ZN_B1_AOI21_X1_ZN_B2_OR3_X1_ZN_A2_AND3_X1_ZN_A1_OR3_X1_ZN_A1_AND3_X1_ZN_A1_OR3_X1_ZN/A1 (OR3_X1)
     3    3.8381    0.0158    0.0706    0.4793 v acc_out[8]_DFF_X1_Q_D_AND3_X1_ZN_A2_OR3_X1_ZN_A1_AND3_X1_ZN_A1_OR3_X1_ZN_A1_AND3_X1_ZN_A1_OR3_X1_ZN_A1_AND4_X1_ZN_A1_OR3_X1_ZN_A1_AND4_X1_ZN_A4_OAI21_X1_ZN_B1_AOI21_X1_ZN_B2_OR3_X1_ZN_A2_AND3_X1_ZN_A1_OR3_X1_ZN_A1_AND3_X1_ZN_A1_OR3_X1_ZN/ZN (OR3_X1)
                    0.0158    0.0000    0.4793 v acc_out[8]_DFF_X1_Q_D_AND3_X1_ZN_A2_OR3_X1_ZN_A1_AND3_X1_ZN_A1_OR3_X1_ZN_A1_AND3_X1_ZN_A1_OR3_X1_ZN_A1_AND4_X1_ZN_A1_OR3_X1_ZN_A1_AND4_X1_ZN_A4_OAI21_X1_ZN_B1_AOI21_X1_ZN_B2_OR3_X1_ZN_A2_AND3_X1_ZN_A1_OR3_X1_ZN_A1_AND3_X1_ZN/A1 (AND3_X1)
     2    2.3339    0.0074    0.0355    0.5148 v acc_out[8]_DFF_X1_Q_D_AND3_X1_ZN_A2_OR3_X1_ZN_A1_AND3_X1_ZN_A1_OR3_X1_ZN_A1_AND3_X1_ZN_A1_OR3_X1_ZN_A1_AND4_X1_ZN_A1_OR3_X1_ZN_A1_AND4_X1_ZN_A4_OAI21_X1_ZN_B1_AOI21_X1_ZN_B2_OR3_X1_ZN_A2_AND3_X1_ZN_A1_OR3_X1_ZN_A1_AND3_X1_ZN/ZN (AND3_X1)
                    0.0074    0.0000    0.5148 v acc_out[8]_DFF_X1_Q_D_AND3_X1_ZN_A2_OR3_X1_ZN_A1_AND3_X1_ZN_A1_OR3_X1_ZN_A1_AND3_X1_ZN_A1_OR3_X1_ZN_A1_AND4_X1_ZN_A1_OR3_X1_ZN_A1_AND4_X1_ZN_A4_OAI21_X1_ZN_B1_AOI21_X1_ZN_B2_OR3_X1_ZN_A2_AND3_X1_ZN_A1_OR3_X1_ZN/A1 (OR3_X1)
     2    2.2761    0.0139    0.0661    0.5809 v acc_out[8]_DFF_X1_Q_D_AND3_X1_ZN_A2_OR3_X1_ZN_A1_AND3_X1_ZN_A1_OR3_X1_ZN_A1_AND3_X1_ZN_A1_OR3_X1_ZN_A1_AND4_X1_ZN_A1_OR3_X1_ZN_A1_AND4_X1_ZN_A4_OAI21_X1_ZN_B1_AOI21_X1_ZN_B2_OR3_X1_ZN_A2_AND3_X1_ZN_A1_OR3_X1_ZN/ZN (OR3_X1)
                    0.0139    0.0000    0.5809 v acc_out[8]_DFF_X1_Q_D_AND3_X1_ZN_A2_OR3_X1_ZN_A1_AND3_X1_ZN_A1_OR3_X1_ZN_A1_AND3_X1_ZN_A1_OR3_X1_ZN_A1_AND4_X1_ZN_A1_OR3_X1_ZN_A1_AND4_X1_ZN_A4_OAI21_X1_ZN_B1_AOI21_X1_ZN_B2_OR3_X1_ZN_A2_AND3_X1_ZN/A1 (AND3_X1)
     3    3.8592    0.0089    0.0375    0.6184 v acc_out[8]_DFF_X1_Q_D_AND3_X1_ZN_A2_OR3_X1_ZN_A1_AND3_X1_ZN_A1_OR3_X1_ZN_A1_AND3_X1_ZN_A1_OR3_X1_ZN_A1_AND4_X1_ZN_A1_OR3_X1_ZN_A1_AND4_X1_ZN_A4_OAI21_X1_ZN_B1_AOI21_X1_ZN_B2_OR3_X1_ZN_A2_AND3_X1_ZN/ZN (AND3_X1)
                    0.0089    0.0000    0.6184 v acc_out[8]_DFF_X1_Q_D_AND3_X1_ZN_A2_OR3_X1_ZN_A1_AND3_X1_ZN_A1_OR3_X1_ZN_A1_AND3_X1_ZN_A1_OR3_X1_ZN_A1_AND4_X1_ZN_A1_OR3_X1_ZN_A1_AND4_X1_ZN_A4_OAI21_X1_ZN_B1_AOI21_X1_ZN_B2_OR3_X1_ZN/A2 (OR3_X1)
     3    3.7783    0.0158    0.0822    0.7006 v acc_out[8]_DFF_X1_Q_D_AND3_X1_ZN_A2_OR3_X1_ZN_A1_AND3_X1_ZN_A1_OR3_X1_ZN_A1_AND3_X1_ZN_A1_OR3_X1_ZN_A1_AND4_X1_ZN_A1_OR3_X1_ZN_A1_AND4_X1_ZN_A4_OAI21_X1_ZN_B1_AOI21_X1_ZN_B2_OR3_X1_ZN/ZN (OR3_X1)
                    0.0158    0.0000    0.7006 v acc_out[8]_DFF_X1_Q_D_AND3_X1_ZN_A2_OR3_X1_ZN_A1_AND3_X1_ZN_A1_OR3_X1_ZN_A1_AND3_X1_ZN_A1_OR3_X1_ZN_A1_AND4_X1_ZN_A1_OR3_X1_ZN_A1_AND4_X1_ZN_A4_OAI21_X1_ZN_B1_AOI21_X1_ZN_A_AND3_X1_A2/A1 (AND3_X1)
     6    9.0194    0.0138    0.0464    0.7470 v acc_out[8]_DFF_X1_Q_D_AND3_X1_ZN_A2_OR3_X1_ZN_A1_AND3_X1_ZN_A1_OR3_X1_ZN_A1_AND3_X1_ZN_A1_OR3_X1_ZN_A1_AND4_X1_ZN_A1_OR3_X1_ZN_A1_AND4_X1_ZN_A4_OAI21_X1_ZN_B1_AOI21_X1_ZN_A_AND3_X1_A2/ZN (AND3_X1)
                    0.0138    0.0000    0.7470 v acc_out[8]_DFF_X1_Q_D_AND3_X1_ZN_A2_OR3_X1_ZN_A1_AND3_X1_ZN_A1_OR3_X1_ZN_A1_AND3_X1_ZN_A1_OR3_X1_ZN_A1_AND4_X1_ZN_A1_OR3_X1_ZN_A1_AND4_X1_ZN_A4_OAI21_X1_ZN_A_OR3_X1_A2/A1 (OR3_X1)
     4    6.0248    0.0183    0.0779    0.8248 v acc_out[8]_DFF_X1_Q_D_AND3_X1_ZN_A2_OR3_X1_ZN_A1_AND3_X1_ZN_A1_OR3_X1_ZN_A1_AND3_X1_ZN_A1_OR3_X1_ZN_A1_AND4_X1_ZN_A1_OR3_X1_ZN_A1_AND4_X1_ZN_A4_OAI21_X1_ZN_A_OR3_X1_A2/ZN (OR3_X1)
                    0.0183    0.0000    0.8248 v acc_out[8]_DFF_X1_Q_D_AND3_X1_ZN_A2_OR3_X1_ZN_A1_AND3_X1_ZN_A1_OR3_X1_ZN_A1_AND3_X1_ZN_A1_OR3_X1_ZN_A1_AND4_X1_ZN_A1_OR3_X1_ZN_A3_AOI22_X1_ZN/B2 (AOI22_X1)
     3    4.1555    0.0361    0.0625    0.8873 ^ acc_out[8]_DFF_X1_Q_D_AND3_X1_ZN_A2_OR3_X1_ZN_A1_AND3_X1_ZN_A1_OR3_X1_ZN_A1_AND3_X1_ZN_A1_OR3_X1_ZN_A1_AND4_X1_ZN_A1_OR3_X1_ZN_A3_AOI22_X1_ZN/ZN (AOI22_X1)
                    0.0361    0.0000    0.8873 ^ acc_out[9]_DFF_X1_Q_D_NOR2_X1_ZN_A2_XNOR2_X1_ZN_B_XOR2_X1_Z_B_XNOR2_X1_ZN_A_XOR2_X1_Z_B_XNOR2_X1_ZN_B_XOR2_X1_Z_B_XNOR2_X1_ZN_B_OAI21_X1_ZN/B2 (OAI21_X1)
     2    3.7781    0.0173    0.0292    0.9166 v acc_out[9]_DFF_X1_Q_D_NOR2_X1_ZN_A2_XNOR2_X1_ZN_B_XOR2_X1_Z_B_XNOR2_X1_ZN_A_XOR2_X1_Z_B_XNOR2_X1_ZN_B_XOR2_X1_Z_B_XNOR2_X1_ZN_B_OAI21_X1_ZN/ZN (OAI21_X1)
                    0.0173    0.0000    0.9166 v acc_out[9]_DFF_X1_Q_D_NOR2_X1_ZN_A2_XNOR2_X1_ZN_B_XOR2_X1_Z_B_XNOR2_X1_ZN_A_XOR2_X1_Z_B_XNOR2_X1_ZN_B_XOR2_X1_Z_B_XNOR2_X1_ZN/B (XNOR2_X1)
     2    3.9753    0.0163    0.0476    0.9642 v acc_out[9]_DFF_X1_Q_D_NOR2_X1_ZN_A2_XNOR2_X1_ZN_B_XOR2_X1_Z_B_XNOR2_X1_ZN_A_XOR2_X1_Z_B_XNOR2_X1_ZN_B_XOR2_X1_Z_B_XNOR2_X1_ZN/ZN (XNOR2_X1)
                    0.0163    0.0000    0.9642 v acc_out[9]_DFF_X1_Q_D_NOR2_X1_ZN_A2_XNOR2_X1_ZN_B_XOR2_X1_Z_B_XNOR2_X1_ZN_A_XOR2_X1_Z_B_XNOR2_X1_ZN_B_XOR2_X1_Z/B (XOR2_X1)
     2    3.7781    0.0144    0.0620    1.0261 v acc_out[9]_DFF_X1_Q_D_NOR2_X1_ZN_A2_XNOR2_X1_ZN_B_XOR2_X1_Z_B_XNOR2_X1_ZN_A_XOR2_X1_Z_B_XNOR2_X1_ZN_B_XOR2_X1_Z/Z (XOR2_X1)
                    0.0144    0.0000    1.0261 v acc_out[10]_DFF_X1_Q_D_AOI21_X1_ZN_B2_XNOR2_X1_ZN_B_XOR2_X1_Z_A_XNOR2_X1_ZN_B_XNOR2_X1_ZN_B_AOI21_X1_ZN/B2 (AOI21_X1)
     2    4.1455    0.0330    0.0456    1.0717 ^ acc_out[10]_DFF_X1_Q_D_AOI21_X1_ZN_B2_XNOR2_X1_ZN_B_XOR2_X1_Z_A_XNOR2_X1_ZN_B_XNOR2_X1_ZN_B_AOI21_X1_ZN/ZN (AOI21_X1)
                    0.0330    0.0000    1.0717 ^ acc_out[10]_DFF_X1_Q_D_AOI21_X1_ZN_B2_XNOR2_X1_ZN_B_XOR2_X1_Z_A_XNOR2_X1_ZN_B_XNOR2_X1_ZN_B_OAI21_X1_B2/B2 (OAI21_X1)
     2    3.6281    0.0163    0.0279    1.0996 v acc_out[10]_DFF_X1_Q_D_AOI21_X1_ZN_B2_XNOR2_X1_ZN_B_XOR2_X1_Z_A_XNOR2_X1_ZN_B_XNOR2_X1_ZN_B_OAI21_X1_B2/ZN (OAI21_X1)
                    0.0163    0.0000    1.0996 v acc_out[11]_DFF_X1_Q_D_NOR2_X1_ZN_A2_XNOR2_X1_ZN_A_XOR2_X1_Z_B_XOR2_X1_Z_B_XOR2_X1_Z_B_XOR2_X1_Z/A (XOR2_X1)
     2    3.3056    0.0136    0.0561    1.1557 v acc_out[11]_DFF_X1_Q_D_NOR2_X1_ZN_A2_XNOR2_X1_ZN_A_XOR2_X1_Z_B_XOR2_X1_Z_B_XOR2_X1_Z_B_XOR2_X1_Z/Z (XOR2_X1)
                    0.0136    0.0000    1.1557 v acc_out[11]_DFF_X1_Q_D_NOR2_X1_ZN_A2_XNOR2_X1_ZN_A_XOR2_X1_Z_B_XOR2_X1_Z_B_XOR2_X1_Z/B (XOR2_X1)
     2    3.8214    0.0143    0.0609    1.2166 v acc_out[11]_DFF_X1_Q_D_NOR2_X1_ZN_A2_XNOR2_X1_ZN_A_XOR2_X1_Z_B_XOR2_X1_Z_B_XOR2_X1_Z/Z (XOR2_X1)
                    0.0143    0.0000    1.2166 v acc_out[12]_DFF_X1_Q_D_AOI21_X1_ZN_B2_XNOR2_X1_ZN_B_XOR2_X1_Z_B_AOI21_X1_ZN/B2 (AOI21_X1)
     2    3.9354    0.0320    0.0445    1.2611 ^ acc_out[12]_DFF_X1_Q_D_AOI21_X1_ZN_B2_XNOR2_X1_ZN_B_XOR2_X1_Z_B_AOI21_X1_ZN/ZN (AOI21_X1)
                    0.0320    0.0000    1.2611 ^ acc_out[12]_DFF_X1_Q_D_AOI21_X1_ZN_B2_XNOR2_X1_ZN_B_XOR2_X1_Z_A_OAI21_X1_B1/B2 (OAI21_X1)
     2    3.8214    0.0164    0.0281    1.2892 v acc_out[12]_DFF_X1_Q_D_AOI21_X1_ZN_B2_XNOR2_X1_ZN_B_XOR2_X1_Z_A_OAI21_X1_B1/ZN (OAI21_X1)
                    0.0164    0.0000    1.2892 v acc_out[13]_DFF_X1_Q_D_AND2_X1_ZN_A1_OR2_X1_ZN_A2_XOR2_X1_Z_B_XOR2_X1_Z/B (XOR2_X1)
     2    3.3056    0.0144    0.0612    1.3504 v acc_out[13]_DFF_X1_Q_D_AND2_X1_ZN_A1_OR2_X1_ZN_A2_XOR2_X1_Z_B_XOR2_X1_Z/Z (XOR2_X1)
                    0.0144    0.0000    1.3504 v acc_out[13]_DFF_X1_Q_D_AND2_X1_ZN_A1_OR2_X1_ZN_A2_XOR2_X1_Z/B (XOR2_X1)
     3    3.7153    0.0142    0.0611    1.4115 v acc_out[13]_DFF_X1_Q_D_AND2_X1_ZN_A1_OR2_X1_ZN_A2_XOR2_X1_Z/Z (XOR2_X1)
                    0.0142    0.0000    1.4115 v acc_out[14]_DFF_X1_Q_D_AOI21_X1_ZN_B2_AOI21_X1_ZN/B2 (AOI21_X1)
     3    5.0010    0.0370    0.0498    1.4613 ^ acc_out[14]_DFF_X1_Q_D_AOI21_X1_ZN_B2_AOI21_X1_ZN/ZN (AOI21_X1)
                    0.0370    0.0000    1.4613 ^ acc_out[14]_DFF_X1_Q_D_AOI21_X1_ZN_B2_OAI21_X1_B1/B1 (OAI21_X1)
     2    3.7781    0.0166    0.0261    1.4874 v acc_out[14]_DFF_X1_Q_D_AOI21_X1_ZN_B2_OAI21_X1_B1/ZN (OAI21_X1)
                    0.0166    0.0000    1.4874 v acc_out[16]_DFF_X1_Q_D_AOI21_X1_ZN_B1_AOI21_X1_ZN/B2 (AOI21_X1)
     3    4.7908    0.0360    0.0497    1.5371 ^ acc_out[16]_DFF_X1_Q_D_AOI21_X1_ZN_B1_AOI21_X1_ZN/ZN (AOI21_X1)
                    0.0360    0.0000    1.5371 ^ acc_out[16]_DFF_X1_Q_D_AOI21_X1_ZN_B2_OAI21_X1_B1/B2 (OAI21_X1)
     3    3.7347    0.0172    0.0291    1.5662 v acc_out[16]_DFF_X1_Q_D_AOI21_X1_ZN_B2_OAI21_X1_B1/ZN (OAI21_X1)
                    0.0172    0.0000    1.5662 v acc_out[18]_DFF_X1_Q_D_AOI21_X1_ZN_B1_AOI21_X1_ZN/B1 (AOI21_X1)
     3    4.7908    0.0360    0.0450    1.6112 ^ acc_out[18]_DFF_X1_Q_D_AOI21_X1_ZN_B1_AOI21_X1_ZN/ZN (AOI21_X1)
                    0.0360    0.0000    1.6112 ^ acc_out[18]_DFF_X1_Q_D_AOI21_X1_ZN_B2_OAI21_X1_B1/B2 (OAI21_X1)
     2    3.5727    0.0170    0.0286    1.6399 v acc_out[18]_DFF_X1_Q_D_AOI21_X1_ZN_B2_OAI21_X1_B1/ZN (OAI21_X1)
                    0.0170    0.0000    1.6399 v acc_out[20]_DFF_X1_Q_D_AOI21_X1_ZN_B1_AOI21_X1_ZN/B1 (AOI21_X1)
     3    4.7908    0.0360    0.0450    1.6848 ^ acc_out[20]_DFF_X1_Q_D_AOI21_X1_ZN_B1_AOI21_X1_ZN/ZN (AOI21_X1)
                    0.0360    0.0000    1.6848 ^ acc_out[20]_DFF_X1_Q_D_AOI21_X1_ZN_B2_OAI21_X1_B1/B2 (OAI21_X1)
     3    3.7347    0.0172    0.0291    1.7139 v acc_out[20]_DFF_X1_Q_D_AOI21_X1_ZN_B2_OAI21_X1_B1/ZN (OAI21_X1)
                    0.0172    0.0000    1.7139 v acc_out[22]_DFF_X1_Q_D_AOI21_X1_ZN_B1_AOI21_X1_ZN/B1 (AOI21_X1)
     3    4.7908    0.0360    0.0450    1.7589 ^ acc_out[22]_DFF_X1_Q_D_AOI21_X1_ZN_B1_AOI21_X1_ZN/ZN (AOI21_X1)
                    0.0360    0.0000    1.7589 ^ acc_out[22]_DFF_X1_Q_D_AOI21_X1_ZN_B2_OAI21_X1_B1/B2 (OAI21_X1)
     2    3.5727    0.0170    0.0286    1.7876 v acc_out[22]_DFF_X1_Q_D_AOI21_X1_ZN_B2_OAI21_X1_B1/ZN (OAI21_X1)
                    0.0170    0.0000    1.7876 v acc_out[24]_DFF_X1_Q_D_AOI21_X1_ZN_B1_AOI21_X1_ZN/B1 (AOI21_X1)
     3    4.7908    0.0360    0.0450    1.8325 ^ acc_out[24]_DFF_X1_Q_D_AOI21_X1_ZN_B1_AOI21_X1_ZN/ZN (AOI21_X1)
                    0.0360    0.0000    1.8325 ^ acc_out[24]_DFF_X1_Q_D_AOI21_X1_ZN_B2_OAI21_X1_B1/B2 (OAI21_X1)
     3    3.8679    0.0174    0.0294    1.8620 v acc_out[24]_DFF_X1_Q_D_AOI21_X1_ZN_B2_OAI21_X1_B1/ZN (OAI21_X1)
                    0.0174    0.0000    1.8620 v acc_out[26]_DFF_X1_Q_D_AOI21_X1_ZN_B1_AOI21_X1_ZN/B2 (AOI21_X1)
     3    4.7908    0.0360    0.0501    1.9120 ^ acc_out[26]_DFF_X1_Q_D_AOI21_X1_ZN_B1_AOI21_X1_ZN/ZN (AOI21_X1)
                    0.0360    0.0000    1.9120 ^ acc_out[26]_DFF_X1_Q_D_AOI21_X1_ZN_B2_OAI21_X1_B1/B2 (OAI21_X1)
     3    3.7347    0.0172    0.0291    1.9411 v acc_out[26]_DFF_X1_Q_D_AOI21_X1_ZN_B2_OAI21_X1_B1/ZN (OAI21_X1)
                    0.0172    0.0000    1.9411 v acc_out[28]_DFF_X1_Q_D_AOI21_X1_ZN_B1_AOI21_X1_ZN/B1 (AOI21_X1)
     3    4.7908    0.0360    0.0450    1.9861 ^ acc_out[28]_DFF_X1_Q_D_AOI21_X1_ZN_B1_AOI21_X1_ZN/ZN (AOI21_X1)
                    0.0360    0.0000    1.9861 ^ acc_out[28]_DFF_X1_Q_D_AOI21_X1_ZN_A_OAI21_X1_ZN/B2 (OAI21_X1)
     1    1.5353    0.0139    0.0225    2.0086 v acc_out[28]_DFF_X1_Q_D_AOI21_X1_ZN_A_OAI21_X1_ZN/ZN (OAI21_X1)
                    0.0139    0.0000    2.0086 v acc_out[28]_DFF_X1_Q_D_AOI21_X1_ZN/A (AOI21_X1)
     1    1.1403    0.0189    0.0385    2.0471 ^ acc_out[28]_DFF_X1_Q_D_AOI21_X1_ZN/ZN (AOI21_X1)
                    0.0189    0.0000    2.0471 ^ acc_out[28]_DFF_X1_Q/D (DFF_X1)
                                        2.0471   data arrival time

                    0.0500    2.0000    2.0000   clock clk (rise edge)
                              0.0000    2.0000   clock network delay (ideal)
                             -0.0500    1.9500   clock uncertainty
                              0.0000    1.9500   clock reconvergence pessimism
                                        1.9500 ^ acc_out[28]_DFF_X1_Q/CK (DFF_X1)
                             -0.0289    1.9211   library setup time
                                        1.9211   data required time
-------------------------------------------------------------------------------------
                                        1.9211   data required time
                                       -2.0471   data arrival time
-------------------------------------------------------------------------------------
                                       -0.1260   slack (VIOLATED)


Startpoint: b1[0]_AND2_X1_A2_ZN_DFF_X1_D
            (rising edge-triggered flip-flop clocked by clk)
Endpoint: acc_out[27]_DFF_X1_Q (rising edge-triggered flip-flop clocked by clk)
Path Group: clk
Path Type: max

Fanout       Cap      Slew     Delay      Time   Description
-------------------------------------------------------------------------------------
                    0.0500    0.0000    0.0000   clock clk (rise edge)
                              0.0000    0.0000   clock network delay (ideal)
                    0.0500    0.0000    0.0000 ^ b1[0]_AND2_X1_A2_ZN_DFF_X1_D/CK (DFF_X1)
    42   57.0488    0.1329    0.2293    0.2293 ^ b1[0]_AND2_X1_A2_ZN_DFF_X1_D/Q (DFF_X1)
                    0.1329    0.0000    0.2293 ^ acc_out[8]_DFF_X1_Q_D_AND3_X1_ZN_A2_OR3_X1_ZN_A1_AND3_X1_ZN_A1_OR3_X1_ZN_A1_AND3_X1_ZN_A1_OR3_X1_ZN_A1_AND4_X1_ZN_A1_OR3_X1_ZN_A1_AND4_X1_ZN_A4_OAI21_X1_ZN_B1_AOI21_X1_ZN_B2_OR3_X1_ZN_A2_AND3_X1_ZN_A1_OR3_X1_ZN_A1_AND3_X1_ZN_A1_OR3_X1_ZN_A1_AND3_X1_ZN_A1_OR3_X1_ZN_A3_AOI22_X1_ZN/B1 (AOI22_X1)
     3    3.9140    0.0405    0.0468    0.2761 v acc_out[8]_DFF_X1_Q_D_AND3_X1_ZN_A2_OR3_X1_ZN_A1_AND3_X1_ZN_A1_OR3_X1_ZN_A1_AND3_X1_ZN_A1_OR3_X1_ZN_A1_AND4_X1_ZN_A1_OR3_X1_ZN_A1_AND4_X1_ZN_A4_OAI21_X1_ZN_B1_AOI21_X1_ZN_B2_OR3_X1_ZN_A2_AND3_X1_ZN_A1_OR3_X1_ZN_A1_AND3_X1_ZN_A1_OR3_X1_ZN_A1_AND3_X1_ZN_A1_OR3_X1_ZN_A3_AOI22_X1_ZN/ZN (AOI22_X1)
                    0.0405    0.0000    0.2761 v acc_out[8]_DFF_X1_Q_D_AND3_X1_ZN_A2_OR3_X1_ZN_A1_AND3_X1_ZN_A1_OR3_X1_ZN_A1_AND3_X1_ZN_A1_OR3_X1_ZN_A1_AND4_X1_ZN_A1_OR3_X1_ZN_A1_AND4_X1_ZN_A4_OAI21_X1_ZN_B1_AOI21_X1_ZN_B2_OR3_X1_ZN_A2_AND3_X1_ZN_A1_OR3_X1_ZN_A1_AND3_X1_ZN_A1_OR3_X1_ZN_A1_AND3_X1_ZN_A1_OR3_X1_ZN/A3 (OR3_X1)
     3    3.8381    0.0158    0.0971    0.3732 v acc_out[8]_DFF_X1_Q_D_AND3_X1_ZN_A2_OR3_X1_ZN_A1_AND3_X1_ZN_A1_OR3_X1_ZN_A1_AND3_X1_ZN_A1_OR3_X1_ZN_A1_AND4_X1_ZN_A1_OR3_X1_ZN_A1_AND4_X1_ZN_A4_OAI21_X1_ZN_B1_AOI21_X1_ZN_B2_OR3_X1_ZN_A2_AND3_X1_ZN_A1_OR3_X1_ZN_A1_AND3_X1_ZN_A1_OR3_X1_ZN_A1_AND3_X1_ZN_A1_OR3_X1_ZN/ZN (OR3_X1)
                    0.0158    0.0000    0.3732 v acc_out[8]_DFF_X1_Q_D_AND3_X1_ZN_A2_OR3_X1_ZN_A1_AND3_X1_ZN_A1_OR3_X1_ZN_A1_AND3_X1_ZN_A1_OR3_X1_ZN_A1_AND4_X1_ZN_A1_OR3_X1_ZN_A1_AND4_X1_ZN_A4_OAI21_X1_ZN_B1_AOI21_X1_ZN_B2_OR3_X1_ZN_A2_AND3_X1_ZN_A1_OR3_X1_ZN_A1_AND3_X1_ZN_A1_OR3_X1_ZN_A1_AND3_X1_ZN/A1 (AND3_X1)
     2    2.3339    0.0074    0.0355    0.4087 v acc_out[8]_DFF_X1_Q_D_AND3_X1_ZN_A2_OR3_X1_ZN_A1_AND3_X1_ZN_A1_OR3_X1_ZN_A1_AND3_X1_ZN_A1_OR3_X1_ZN_A1_AND4_X1_ZN_A1_OR3_X1_ZN_A1_AND4_X1_ZN_A4_OAI21_X1_ZN_B1_AOI21_X1_ZN_B2_OR3_X1_ZN_A2_AND3_X1_ZN_A1_OR3_X1_ZN_A1_AND3_X1_ZN_A1_OR3_X1_ZN_A1_AND3_X1_ZN/ZN (AND3_X1)
                    0.0074    0.0000    0.4087 v acc_out[8]_DFF_X1_Q_D_AND3_X1_ZN_A2_OR3_X1_ZN_A1_AND3_X1_ZN_A1_OR3_X1_ZN_A1_AND3_X1_ZN_A1_OR3_X1_ZN_A1_AND4_X1_ZN_A1_OR3_X1_ZN_A1_AND4_X1_ZN_A4_OAI21_X1_ZN_B1_AOI21_X1_ZN_B2_OR3_X1_ZN_A2_AND3_X1_ZN_A1_OR3_X1_ZN_A1_AND3_X1_ZN_A1_OR3_X1_ZN/A1 (OR3_X1)
     3    3.8381    0.0158    0.0706    0.4793 v acc_out[8]_DFF_X1_Q_D_AND3_X1_ZN_A2_OR3_X1_ZN_A1_AND3_X1_ZN_A1_OR3_X1_ZN_A1_AND3_X1_ZN_A1_OR3_X1_ZN_A1_AND4_X1_ZN_A1_OR3_X1_ZN_A1_AND4_X1_ZN_A4_OAI21_X1_ZN_B1_AOI21_X1_ZN_B2_OR3_X1_ZN_A2_AND3_X1_ZN_A1_OR3_X1_ZN_A1_AND3_X1_ZN_A1_OR3_X1_ZN/ZN (OR3_X1)
                    0.0158    0.0000    0.4793 v acc_out[8]_DFF_X1_Q_D_AND3_X1_ZN_A2_OR3_X1_ZN_A1_AND3_X1_ZN_A1_OR3_X1_ZN_A1_AND3_X1_ZN_A1_OR3_X1_ZN_A1_AND4_X1_ZN_A1_OR3_X1_ZN_A1_AND4_X1_ZN_A4_OAI21_X1_ZN_B1_AOI21_X1_ZN_B2_OR3_X1_ZN_A2_AND3_X1_ZN_A1_OR3_X1_ZN_A1_AND3_X1_ZN/A1 (AND3_X1)
     2    2.3339    0.0074    0.0355    0.5148 v acc_out[8]_DFF_X1_Q_D_AND3_X1_ZN_A2_OR3_X1_ZN_A1_AND3_X1_ZN_A1_OR3_X1_ZN_A1_AND3_X1_ZN_A1_OR3_X1_ZN_A1_AND4_X1_ZN_A1_OR3_X1_ZN_A1_AND4_X1_ZN_A4_OAI21_X1_ZN_B1_AOI21_X1_ZN_B2_OR3_X1_ZN_A2_AND3_X1_ZN_A1_OR3_X1_ZN_A1_AND3_X1_ZN/ZN (AND3_X1)
                    0.0074    0.0000    0.5148 v acc_out[8]_DFF_X1_Q_D_AND3_X1_ZN_A2_OR3_X1_ZN_A1_AND3_X1_ZN_A1_OR3_X1_ZN_A1_AND3_X1_ZN_A1_OR3_X1_ZN_A1_AND4_X1_ZN_A1_OR3_X1_ZN_A1_AND4_X1_ZN_A4_OAI21_X1_ZN_B1_AOI21_X1_ZN_B2_OR3_X1_ZN_A2_AND3_X1_ZN_A1_OR3_X1_ZN/A1 (OR3_X1)
     2    2.2761    0.0139    0.0661    0.5809 v acc_out[8]_DFF_X1_Q_D_AND3_X1_ZN_A2_OR3_X1_ZN_A1_AND3_X1_ZN_A1_OR3_X1_ZN_A1_AND3_X1_ZN_A1_OR3_X1_ZN_A1_AND4_X1_ZN_A1_OR3_X1_ZN_A1_AND4_X1_ZN_A4_OAI21_X1_ZN_B1_AOI21_X1_ZN_B2_OR3_X1_ZN_A2_AND3_X1_ZN_A1_OR3_X1_ZN/ZN (OR3_X1)
                    0.0139    0.0000    0.5809 v acc_out[8]_DFF_X1_Q_D_AND3_X1_ZN_A2_OR3_X1_ZN_A1_AND3_X1_ZN_A1_OR3_X1_ZN_A1_AND3_X1_ZN_A1_OR3_X1_ZN_A1_AND4_X1_ZN_A1_OR3_X1_ZN_A1_AND4_X1_ZN_A4_OAI21_X1_ZN_B1_AOI21_X1_ZN_B2_OR3_X1_ZN_A2_AND3_X1_ZN/A1 (AND3_X1)
     3    3.8592    0.0089    0.0375    0.6184 v acc_out[8]_DFF_X1_Q_D_AND3_X1_ZN_A2_OR3_X1_ZN_A1_AND3_X1_ZN_A1_OR3_X1_ZN_A1_AND3_X1_ZN_A1_OR3_X1_ZN_A1_AND4_X1_ZN_A1_OR3_X1_ZN_A1_AND4_X1_ZN_A4_OAI21_X1_ZN_B1_AOI21_X1_ZN_B2_OR3_X1_ZN_A2_AND3_X1_ZN/ZN (AND3_X1)
                    0.0089    0.0000    0.6184 v acc_out[8]_DFF_X1_Q_D_AND3_X1_ZN_A2_OR3_X1_ZN_A1_AND3_X1_ZN_A1_OR3_X1_ZN_A1_AND3_X1_ZN_A1_OR3_X1_ZN_A1_AND4_X1_ZN_A1_OR3_X1_ZN_A1_AND4_X1_ZN_A4_OAI21_X1_ZN_B1_AOI21_X1_ZN_B2_OR3_X1_ZN/A2 (OR3_X1)
     3    3.7783    0.0158    0.0822    0.7006 v acc_out[8]_DFF_X1_Q_D_AND3_X1_ZN_A2_OR3_X1_ZN_A1_AND3_X1_ZN_A1_OR3_X1_ZN_A1_AND3_X1_ZN_A1_OR3_X1_ZN_A1_AND4_X1_ZN_A1_OR3_X1_ZN_A1_AND4_X1_ZN_A4_OAI21_X1_ZN_B1_AOI21_X1_ZN_B2_OR3_X1_ZN/ZN (OR3_X1)
                    0.0158    0.0000    0.7006 v acc_out[8]_DFF_X1_Q_D_AND3_X1_ZN_A2_OR3_X1_ZN_A1_AND3_X1_ZN_A1_OR3_X1_ZN_A1_AND3_X1_ZN_A1_OR3_X1_ZN_A1_AND4_X1_ZN_A1_OR3_X1_ZN_A1_AND4_X1_ZN_A4_OAI21_X1_ZN_B1_AOI21_X1_ZN_A_AND3_X1_A2/A1 (AND3_X1)
     6    9.0194    0.0138    0.0464    0.7470 v acc_out[8]_DFF_X1_Q_D_AND3_X1_ZN_A2_OR3_X1_ZN_A1_AND3_X1_ZN_A1_OR3_X1_ZN_A1_AND3_X1_ZN_A1_OR3_X1_ZN_A1_AND4_X1_ZN_A1_OR3_X1_ZN_A1_AND4_X1_ZN_A4_OAI21_X1_ZN_B1_AOI21_X1_ZN_A_AND3_X1_A2/ZN (AND3_X1)
                    0.0138    0.0000    0.7470 v acc_out[8]_DFF_X1_Q_D_AND3_X1_ZN_A2_OR3_X1_ZN_A1_AND3_X1_ZN_A1_OR3_X1_ZN_A1_AND3_X1_ZN_A1_OR3_X1_ZN_A1_AND4_X1_ZN_A1_OR3_X1_ZN_A1_AND4_X1_ZN_A4_OAI21_X1_ZN_A_OR3_X1_A2/A1 (OR3_X1)
     4    6.0248    0.0183    0.0779    0.8248 v acc_out[8]_DFF_X1_Q_D_AND3_X1_ZN_A2_OR3_X1_ZN_A1_AND3_X1_ZN_A1_OR3_X1_ZN_A1_AND3_X1_ZN_A1_OR3_X1_ZN_A1_AND4_X1_ZN_A1_OR3_X1_ZN_A1_AND4_X1_ZN_A4_OAI21_X1_ZN_A_OR3_X1_A2/ZN (OR3_X1)
                    0.0183    0.0000    0.8248 v acc_out[8]_DFF_X1_Q_D_AND3_X1_ZN_A2_OR3_X1_ZN_A1_AND3_X1_ZN_A1_OR3_X1_ZN_A1_AND3_X1_ZN_A1_OR3_X1_ZN_A1_AND4_X1_ZN_A1_OR3_X1_ZN_A3_AOI22_X1_ZN/B2 (AOI22_X1)
     3    4.1555    0.0361    0.0625    0.8873 ^ acc_out[8]_DFF_X1_Q_D_AND3_X1_ZN_A2_OR3_X1_ZN_A1_AND3_X1_ZN_A1_OR3_X1_ZN_A1_AND3_X1_ZN_A1_OR3_X1_ZN_A1_AND4_X1_ZN_A1_OR3_X1_ZN_A3_AOI22_X1_ZN/ZN (AOI22_X1)
                    0.0361    0.0000    0.8873 ^ acc_out[9]_DFF_X1_Q_D_NOR2_X1_ZN_A2_XNOR2_X1_ZN_B_XOR2_X1_Z_B_XNOR2_X1_ZN_A_XOR2_X1_Z_B_XNOR2_X1_ZN_B_XOR2_X1_Z_B_XNOR2_X1_ZN_B_OAI21_X1_ZN/B2 (OAI21_X1)
     2    3.7781    0.0173    0.0292    0.9166 v acc_out[9]_DFF_X1_Q_D_NOR2_X1_ZN_A2_XNOR2_X1_ZN_B_XOR2_X1_Z_B_XNOR2_X1_ZN_A_XOR2_X1_Z_B_XNOR2_X1_ZN_B_XOR2_X1_Z_B_XNOR2_X1_ZN_B_OAI21_X1_ZN/ZN (OAI21_X1)
                    0.0173    0.0000    0.9166 v acc_out[9]_DFF_X1_Q_D_NOR2_X1_ZN_A2_XNOR2_X1_ZN_B_XOR2_X1_Z_B_XNOR2_X1_ZN_A_XOR2_X1_Z_B_XNOR2_X1_ZN_B_XOR2_X1_Z_B_XNOR2_X1_ZN/B (XNOR2_X1)
     2    3.9753    0.0163    0.0476    0.9642 v acc_out[9]_DFF_X1_Q_D_NOR2_X1_ZN_A2_XNOR2_X1_ZN_B_XOR2_X1_Z_B_XNOR2_X1_ZN_A_XOR2_X1_Z_B_XNOR2_X1_ZN_B_XOR2_X1_Z_B_XNOR2_X1_ZN/ZN (XNOR2_X1)
                    0.0163    0.0000    0.9642 v acc_out[9]_DFF_X1_Q_D_NOR2_X1_ZN_A2_XNOR2_X1_ZN_B_XOR2_X1_Z_B_XNOR2_X1_ZN_A_XOR2_X1_Z_B_XNOR2_X1_ZN_B_XOR2_X1_Z/B (XOR2_X1)
     2    3.7781    0.0144    0.0620    1.0261 v acc_out[9]_DFF_X1_Q_D_NOR2_X1_ZN_A2_XNOR2_X1_ZN_B_XOR2_X1_Z_B_XNOR2_X1_ZN_A_XOR2_X1_Z_B_XNOR2_X1_ZN_B_XOR2_X1_Z/Z (XOR2_X1)
                    0.0144    0.0000    1.0261 v acc_out[10]_DFF_X1_Q_D_AOI21_X1_ZN_B2_XNOR2_X1_ZN_B_XOR2_X1_Z_A_XNOR2_X1_ZN_B_XNOR2_X1_ZN_B_AOI21_X1_ZN/B2 (AOI21_X1)
     2    4.1455    0.0330    0.0456    1.0717 ^ acc_out[10]_DFF_X1_Q_D_AOI21_X1_ZN_B2_XNOR2_X1_ZN_B_XOR2_X1_Z_A_XNOR2_X1_ZN_B_XNOR2_X1_ZN_B_AOI21_X1_ZN/ZN (AOI21_X1)
                    0.0330    0.0000    1.0717 ^ acc_out[10]_DFF_X1_Q_D_AOI21_X1_ZN_B2_XNOR2_X1_ZN_B_XOR2_X1_Z_A_XNOR2_X1_ZN_B_XNOR2_X1_ZN_B_OAI21_X1_B2/B2 (OAI21_X1)
     2    3.6281    0.0163    0.0279    1.0996 v acc_out[10]_DFF_X1_Q_D_AOI21_X1_ZN_B2_XNOR2_X1_ZN_B_XOR2_X1_Z_A_XNOR2_X1_ZN_B_XNOR2_X1_ZN_B_OAI21_X1_B2/ZN (OAI21_X1)
                    0.0163    0.0000    1.0996 v acc_out[11]_DFF_X1_Q_D_NOR2_X1_ZN_A2_XNOR2_X1_ZN_A_XOR2_X1_Z_B_XOR2_X1_Z_B_XOR2_X1_Z_B_XOR2_X1_Z/A (XOR2_X1)
     2    3.3056    0.0136    0.0561    1.1557 v acc_out[11]_DFF_X1_Q_D_NOR2_X1_ZN_A2_XNOR2_X1_ZN_A_XOR2_X1_Z_B_XOR2_X1_Z_B_XOR2_X1_Z_B_XOR2_X1_Z/Z (XOR2_X1)
                    0.0136    0.0000    1.1557 v acc_out[11]_DFF_X1_Q_D_NOR2_X1_ZN_A2_XNOR2_X1_ZN_A_XOR2_X1_Z_B_XOR2_X1_Z_B_XOR2_X1_Z/B (XOR2_X1)
     2    3.8214    0.0143    0.0609    1.2166 v acc_out[11]_DFF_X1_Q_D_NOR2_X1_ZN_A2_XNOR2_X1_ZN_A_XOR2_X1_Z_B_XOR2_X1_Z_B_XOR2_X1_Z/Z (XOR2_X1)
                    0.0143    0.0000    1.2166 v acc_out[12]_DFF_X1_Q_D_AOI21_X1_ZN_B2_XNOR2_X1_ZN_B_XOR2_X1_Z_B_AOI21_X1_ZN/B2 (AOI21_X1)
     2    3.9354    0.0320    0.0445    1.2611 ^ acc_out[12]_DFF_X1_Q_D_AOI21_X1_ZN_B2_XNOR2_X1_ZN_B_XOR2_X1_Z_B_AOI21_X1_ZN/ZN (AOI21_X1)
                    0.0320    0.0000    1.2611 ^ acc_out[12]_DFF_X1_Q_D_AOI21_X1_ZN_B2_XNOR2_X1_ZN_B_XOR2_X1_Z_A_OAI21_X1_B1/B2 (OAI21_X1)
     2    3.8214    0.0164    0.0281    1.2892 v acc_out[12]_DFF_X1_Q_D_AOI21_X1_ZN_B2_XNOR2_X1_ZN_B_XOR2_X1_Z_A_OAI21_X1_B1/ZN (OAI21_X1)
                    0.0164    0.0000    1.2892 v acc_out[13]_DFF_X1_Q_D_AND2_X1_ZN_A1_OR2_X1_ZN_A2_XOR2_X1_Z_B_XOR2_X1_Z/B (XOR2_X1)
     2    3.3056    0.0144    0.0612    1.3504 v acc_out[13]_DFF_X1_Q_D_AND2_X1_ZN_A1_OR2_X1_ZN_A2_XOR2_X1_Z_B_XOR2_X1_Z/Z (XOR2_X1)
                    0.0144    0.0000    1.3504 v acc_out[13]_DFF_X1_Q_D_AND2_X1_ZN_A1_OR2_X1_ZN_A2_XOR2_X1_Z/B (XOR2_X1)
     3    3.7153    0.0142    0.0611    1.4115 v acc_out[13]_DFF_X1_Q_D_AND2_X1_ZN_A1_OR2_X1_ZN_A2_XOR2_X1_Z/Z (XOR2_X1)
                    0.0142    0.0000    1.4115 v acc_out[14]_DFF_X1_Q_D_AOI21_X1_ZN_B2_AOI21_X1_ZN/B2 (AOI21_X1)
     3    5.0010    0.0370    0.0498    1.4613 ^ acc_out[14]_DFF_X1_Q_D_AOI21_X1_ZN_B2_AOI21_X1_ZN/ZN (AOI21_X1)
                    0.0370    0.0000    1.4613 ^ acc_out[14]_DFF_X1_Q_D_AOI21_X1_ZN_B2_OAI21_X1_B1/B1 (OAI21_X1)
     2    3.7781    0.0166    0.0261    1.4874 v acc_out[14]_DFF_X1_Q_D_AOI21_X1_ZN_B2_OAI21_X1_B1/ZN (OAI21_X1)
                    0.0166    0.0000    1.4874 v acc_out[16]_DFF_X1_Q_D_AOI21_X1_ZN_B1_AOI21_X1_ZN/B2 (AOI21_X1)
     3    4.7908    0.0360    0.0497    1.5371 ^ acc_out[16]_DFF_X1_Q_D_AOI21_X1_ZN_B1_AOI21_X1_ZN/ZN (AOI21_X1)
                    0.0360    0.0000    1.5371 ^ acc_out[16]_DFF_X1_Q_D_AOI21_X1_ZN_B2_OAI21_X1_B1/B2 (OAI21_X1)
     3    3.7347    0.0172    0.0291    1.5662 v acc_out[16]_DFF_X1_Q_D_AOI21_X1_ZN_B2_OAI21_X1_B1/ZN (OAI21_X1)
                    0.0172    0.0000    1.5662 v acc_out[18]_DFF_X1_Q_D_AOI21_X1_ZN_B1_AOI21_X1_ZN/B1 (AOI21_X1)
     3    4.7908    0.0360    0.0450    1.6112 ^ acc_out[18]_DFF_X1_Q_D_AOI21_X1_ZN_B1_AOI21_X1_ZN/ZN (AOI21_X1)
                    0.0360    0.0000    1.6112 ^ acc_out[18]_DFF_X1_Q_D_AOI21_X1_ZN_B2_OAI21_X1_B1/B2 (OAI21_X1)
     2    3.5727    0.0170    0.0286    1.6399 v acc_out[18]_DFF_X1_Q_D_AOI21_X1_ZN_B2_OAI21_X1_B1/ZN (OAI21_X1)
                    0.0170    0.0000    1.6399 v acc_out[20]_DFF_X1_Q_D_AOI21_X1_ZN_B1_AOI21_X1_ZN/B1 (AOI21_X1)
     3    4.7908    0.0360    0.0450    1.6848 ^ acc_out[20]_DFF_X1_Q_D_AOI21_X1_ZN_B1_AOI21_X1_ZN/ZN (AOI21_X1)
                    0.0360    0.0000    1.6848 ^ acc_out[20]_DFF_X1_Q_D_AOI21_X1_ZN_B2_OAI21_X1_B1/B2 (OAI21_X1)
     3    3.7347    0.0172    0.0291    1.7139 v acc_out[20]_DFF_X1_Q_D_AOI21_X1_ZN_B2_OAI21_X1_B1/ZN (OAI21_X1)
                    0.0172    0.0000    1.7139 v acc_out[22]_DFF_X1_Q_D_AOI21_X1_ZN_B1_AOI21_X1_ZN/B1 (AOI21_X1)
     3    4.7908    0.0360    0.0450    1.7589 ^ acc_out[22]_DFF_X1_Q_D_AOI21_X1_ZN_B1_AOI21_X1_ZN/ZN (AOI21_X1)
                    0.0360    0.0000    1.7589 ^ acc_out[22]_DFF_X1_Q_D_AOI21_X1_ZN_B2_OAI21_X1_B1/B2 (OAI21_X1)
     2    3.5727    0.0170    0.0286    1.7876 v acc_out[22]_DFF_X1_Q_D_AOI21_X1_ZN_B2_OAI21_X1_B1/ZN (OAI21_X1)
                    0.0170    0.0000    1.7876 v acc_out[24]_DFF_X1_Q_D_AOI21_X1_ZN_B1_AOI21_X1_ZN/B1 (AOI21_X1)
     3    4.7908    0.0360    0.0450    1.8325 ^ acc_out[24]_DFF_X1_Q_D_AOI21_X1_ZN_B1_AOI21_X1_ZN/ZN (AOI21_X1)
                    0.0360    0.0000    1.8325 ^ acc_out[24]_DFF_X1_Q_D_AOI21_X1_ZN_B2_OAI21_X1_B1/B2 (OAI21_X1)
     3    3.8679    0.0174    0.0294    1.8620 v acc_out[24]_DFF_X1_Q_D_AOI21_X1_ZN_B2_OAI21_X1_B1/ZN (OAI21_X1)
                    0.0174    0.0000    1.8620 v acc_out[26]_DFF_X1_Q_D_AOI21_X1_ZN_B1_AOI21_X1_ZN/B2 (AOI21_X1)
     3    4.7908    0.0360    0.0501    1.9120 ^ acc_out[26]_DFF_X1_Q_D_AOI21_X1_ZN_B1_AOI21_X1_ZN/ZN (AOI21_X1)
                    0.0360    0.0000    1.9120 ^ acc_out[26]_DFF_X1_Q_D_AOI21_X1_ZN_B2_OAI21_X1_B1/B2 (OAI21_X1)
     3    3.7347    0.0172    0.0291    1.9411 v acc_out[26]_DFF_X1_Q_D_AOI21_X1_ZN_B2_OAI21_X1_B1/ZN (OAI21_X1)
                    0.0172    0.0000    1.9411 v acc_out[27]_DFF_X1_Q_D_NOR3_X1_ZN_A2_AND2_X1_ZN/A1 (AND2_X1)
     1    1.4768    0.0059    0.0322    1.9733 v acc_out[27]_DFF_X1_Q_D_NOR3_X1_ZN_A2_AND2_X1_ZN/ZN (AND2_X1)
                    0.0059    0.0000    1.9733 v acc_out[27]_DFF_X1_Q_D_NOR3_X1_ZN/A2 (NOR3_X1)
     1    1.1403    0.0249    0.0391    2.0124 ^ acc_out[27]_DFF_X1_Q_D_NOR3_X1_ZN/ZN (NOR3_X1)
                    0.0249    0.0000    2.0124 ^ acc_out[27]_DFF_X1_Q/D (DFF_X1)
                                        2.0124   data arrival time

                    0.0500    2.0000    2.0000   clock clk (rise edge)
                              0.0000    2.0000   clock network delay (ideal)
                             -0.0500    1.9500   clock uncertainty
                              0.0000    1.9500   clock reconvergence pessimism
                                        1.9500 ^ acc_out[27]_DFF_X1_Q/CK (DFF_X1)
                             -0.0303    1.9197   library setup time
                                        1.9197   data required time
-------------------------------------------------------------------------------------
                                        1.9197   data required time
                                       -2.0124   data arrival time
-------------------------------------------------------------------------------------
                                       -0.0927   slack (VIOLATED)


Startpoint: b1[0]_AND2_X1_A2_ZN_DFF_X1_D
            (rising edge-triggered flip-flop clocked by clk)
Endpoint: acc_out[26]_DFF_X1_Q (rising edge-triggered flip-flop clocked by clk)
Path Group: clk
Path Type: max

Fanout       Cap      Slew     Delay      Time   Description
-------------------------------------------------------------------------------------
                    0.0500    0.0000    0.0000   clock clk (rise edge)
                              0.0000    0.0000   clock network delay (ideal)
                    0.0500    0.0000    0.0000 ^ b1[0]_AND2_X1_A2_ZN_DFF_X1_D/CK (DFF_X1)
    42   57.0488    0.1329    0.2293    0.2293 ^ b1[0]_AND2_X1_A2_ZN_DFF_X1_D/Q (DFF_X1)
                    0.1329    0.0000    0.2293 ^ acc_out[8]_DFF_X1_Q_D_AND3_X1_ZN_A2_OR3_X1_ZN_A1_AND3_X1_ZN_A1_OR3_X1_ZN_A1_AND3_X1_ZN_A1_OR3_X1_ZN_A1_AND4_X1_ZN_A1_OR3_X1_ZN_A1_AND4_X1_ZN_A4_OAI21_X1_ZN_B1_AOI21_X1_ZN_B2_OR3_X1_ZN_A2_AND3_X1_ZN_A1_OR3_X1_ZN_A1_AND3_X1_ZN_A1_OR3_X1_ZN_A1_AND3_X1_ZN_A1_OR3_X1_ZN_A3_AOI22_X1_ZN/B1 (AOI22_X1)
     3    3.9140    0.0405    0.0468    0.2761 v acc_out[8]_DFF_X1_Q_D_AND3_X1_ZN_A2_OR3_X1_ZN_A1_AND3_X1_ZN_A1_OR3_X1_ZN_A1_AND3_X1_ZN_A1_OR3_X1_ZN_A1_AND4_X1_ZN_A1_OR3_X1_ZN_A1_AND4_X1_ZN_A4_OAI21_X1_ZN_B1_AOI21_X1_ZN_B2_OR3_X1_ZN_A2_AND3_X1_ZN_A1_OR3_X1_ZN_A1_AND3_X1_ZN_A1_OR3_X1_ZN_A1_AND3_X1_ZN_A1_OR3_X1_ZN_A3_AOI22_X1_ZN/ZN (AOI22_X1)
                    0.0405    0.0000    0.2761 v acc_out[8]_DFF_X1_Q_D_AND3_X1_ZN_A2_OR3_X1_ZN_A1_AND3_X1_ZN_A1_OR3_X1_ZN_A1_AND3_X1_ZN_A1_OR3_X1_ZN_A1_AND4_X1_ZN_A1_OR3_X1_ZN_A1_AND4_X1_ZN_A4_OAI21_X1_ZN_B1_AOI21_X1_ZN_B2_OR3_X1_ZN_A2_AND3_X1_ZN_A1_OR3_X1_ZN_A1_AND3_X1_ZN_A1_OR3_X1_ZN_A1_AND3_X1_ZN_A1_OR3_X1_ZN/A3 (OR3_X1)
     3    3.8381    0.0158    0.0971    0.3732 v acc_out[8]_DFF_X1_Q_D_AND3_X1_ZN_A2_OR3_X1_ZN_A1_AND3_X1_ZN_A1_OR3_X1_ZN_A1_AND3_X1_ZN_A1_OR3_X1_ZN_A1_AND4_X1_ZN_A1_OR3_X1_ZN_A1_AND4_X1_ZN_A4_OAI21_X1_ZN_B1_AOI21_X1_ZN_B2_OR3_X1_ZN_A2_AND3_X1_ZN_A1_OR3_X1_ZN_A1_AND3_X1_ZN_A1_OR3_X1_ZN_A1_AND3_X1_ZN_A1_OR3_X1_ZN/ZN (OR3_X1)
                    0.0158    0.0000    0.3732 v acc_out[8]_DFF_X1_Q_D_AND3_X1_ZN_A2_OR3_X1_ZN_A1_AND3_X1_ZN_A1_OR3_X1_ZN_A1_AND3_X1_ZN_A1_OR3_X1_ZN_A1_AND4_X1_ZN_A1_OR3_X1_ZN_A1_AND4_X1_ZN_A4_OAI21_X1_ZN_B1_AOI21_X1_ZN_B2_OR3_X1_ZN_A2_AND3_X1_ZN_A1_OR3_X1_ZN_A1_AND3_X1_ZN_A1_OR3_X1_ZN_A1_AND3_X1_ZN/A1 (AND3_X1)
     2    2.3339    0.0074    0.0355    0.4087 v acc_out[8]_DFF_X1_Q_D_AND3_X1_ZN_A2_OR3_X1_ZN_A1_AND3_X1_ZN_A1_OR3_X1_ZN_A1_AND3_X1_ZN_A1_OR3_X1_ZN_A1_AND4_X1_ZN_A1_OR3_X1_ZN_A1_AND4_X1_ZN_A4_OAI21_X1_ZN_B1_AOI21_X1_ZN_B2_OR3_X1_ZN_A2_AND3_X1_ZN_A1_OR3_X1_ZN_A1_AND3_X1_ZN_A1_OR3_X1_ZN_A1_AND3_X1_ZN/ZN (AND3_X1)
                    0.0074    0.0000    0.4087 v acc_out[8]_DFF_X1_Q_D_AND3_X1_ZN_A2_OR3_X1_ZN_A1_AND3_X1_ZN_A1_OR3_X1_ZN_A1_AND3_X1_ZN_A1_OR3_X1_ZN_A1_AND4_X1_ZN_A1_OR3_X1_ZN_A1_AND4_X1_ZN_A4_OAI21_X1_ZN_B1_AOI21_X1_ZN_B2_OR3_X1_ZN_A2_AND3_X1_ZN_A1_OR3_X1_ZN_A1_AND3_X1_ZN_A1_OR3_X1_ZN/A1 (OR3_X1)
     3    3.8381    0.0158    0.0706    0.4793 v acc_out[8]_DFF_X1_Q_D_AND3_X1_ZN_A2_OR3_X1_ZN_A1_AND3_X1_ZN_A1_OR3_X1_ZN_A1_AND3_X1_ZN_A1_OR3_X1_ZN_A1_AND4_X1_ZN_A1_OR3_X1_ZN_A1_AND4_X1_ZN_A4_OAI21_X1_ZN_B1_AOI21_X1_ZN_B2_OR3_X1_ZN_A2_AND3_X1_ZN_A1_OR3_X1_ZN_A1_AND3_X1_ZN_A1_OR3_X1_ZN/ZN (OR3_X1)
                    0.0158    0.0000    0.4793 v acc_out[8]_DFF_X1_Q_D_AND3_X1_ZN_A2_OR3_X1_ZN_A1_AND3_X1_ZN_A1_OR3_X1_ZN_A1_AND3_X1_ZN_A1_OR3_X1_ZN_A1_AND4_X1_ZN_A1_OR3_X1_ZN_A1_AND4_X1_ZN_A4_OAI21_X1_ZN_B1_AOI21_X1_ZN_B2_OR3_X1_ZN_A2_AND3_X1_ZN_A1_OR3_X1_ZN_A1_AND3_X1_ZN/A1 (AND3_X1)
     2    2.3339    0.0074    0.0355    0.5148 v acc_out[8]_DFF_X1_Q_D_AND3_X1_ZN_A2_OR3_X1_ZN_A1_AND3_X1_ZN_A1_OR3_X1_ZN_A1_AND3_X1_ZN_A1_OR3_X1_ZN_A1_AND4_X1_ZN_A1_OR3_X1_ZN_A1_AND4_X1_ZN_A4_OAI21_X1_ZN_B1_AOI21_X1_ZN_B2_OR3_X1_ZN_A2_AND3_X1_ZN_A1_OR3_X1_ZN_A1_AND3_X1_ZN/ZN (AND3_X1)
                    0.0074    0.0000    0.5148 v acc_out[8]_DFF_X1_Q_D_AND3_X1_ZN_A2_OR3_X1_ZN_A1_AND3_X1_ZN_A1_OR3_X1_ZN_A1_AND3_X1_ZN_A1_OR3_X1_ZN_A1_AND4_X1_ZN_A1_OR3_X1_ZN_A1_AND4_X1_ZN_A4_OAI21_X1_ZN_B1_AOI21_X1_ZN_B2_OR3_X1_ZN_A2_AND3_X1_ZN_A1_OR3_X1_ZN/A1 (OR3_X1)
     2    2.2761    0.0139    0.0661    0.5809 v acc_out[8]_DFF_X1_Q_D_AND3_X1_ZN_A2_OR3_X1_ZN_A1_AND3_X1_ZN_A1_OR3_X1_ZN_A1_AND3_X1_ZN_A1_OR3_X1_ZN_A1_AND4_X1_ZN_A1_OR3_X1_ZN_A1_AND4_X1_ZN_A4_OAI21_X1_ZN_B1_AOI21_X1_ZN_B2_OR3_X1_ZN_A2_AND3_X1_ZN_A1_OR3_X1_ZN/ZN (OR3_X1)
                    0.0139    0.0000    0.5809 v acc_out[8]_DFF_X1_Q_D_AND3_X1_ZN_A2_OR3_X1_ZN_A1_AND3_X1_ZN_A1_OR3_X1_ZN_A1_AND3_X1_ZN_A1_OR3_X1_ZN_A1_AND4_X1_ZN_A1_OR3_X1_ZN_A1_AND4_X1_ZN_A4_OAI21_X1_ZN_B1_AOI21_X1_ZN_B2_OR3_X1_ZN_A2_AND3_X1_ZN/A1 (AND3_X1)
     3    3.8592    0.0089    0.0375    0.6184 v acc_out[8]_DFF_X1_Q_D_AND3_X1_ZN_A2_OR3_X1_ZN_A1_AND3_X1_ZN_A1_OR3_X1_ZN_A1_AND3_X1_ZN_A1_OR3_X1_ZN_A1_AND4_X1_ZN_A1_OR3_X1_ZN_A1_AND4_X1_ZN_A4_OAI21_X1_ZN_B1_AOI21_X1_ZN_B2_OR3_X1_ZN_A2_AND3_X1_ZN/ZN (AND3_X1)
                    0.0089    0.0000    0.6184 v acc_out[8]_DFF_X1_Q_D_AND3_X1_ZN_A2_OR3_X1_ZN_A1_AND3_X1_ZN_A1_OR3_X1_ZN_A1_AND3_X1_ZN_A1_OR3_X1_ZN_A1_AND4_X1_ZN_A1_OR3_X1_ZN_A1_AND4_X1_ZN_A4_OAI21_X1_ZN_B1_AOI21_X1_ZN_B2_OR3_X1_ZN/A2 (OR3_X1)
     3    3.7783    0.0158    0.0822    0.7006 v acc_out[8]_DFF_X1_Q_D_AND3_X1_ZN_A2_OR3_X1_ZN_A1_AND3_X1_ZN_A1_OR3_X1_ZN_A1_AND3_X1_ZN_A1_OR3_X1_ZN_A1_AND4_X1_ZN_A1_OR3_X1_ZN_A1_AND4_X1_ZN_A4_OAI21_X1_ZN_B1_AOI21_X1_ZN_B2_OR3_X1_ZN/ZN (OR3_X1)
                    0.0158    0.0000    0.7006 v acc_out[8]_DFF_X1_Q_D_AND3_X1_ZN_A2_OR3_X1_ZN_A1_AND3_X1_ZN_A1_OR3_X1_ZN_A1_AND3_X1_ZN_A1_OR3_X1_ZN_A1_AND4_X1_ZN_A1_OR3_X1_ZN_A1_AND4_X1_ZN_A4_OAI21_X1_ZN_B1_AOI21_X1_ZN_A_AND3_X1_A2/A1 (AND3_X1)
     6    9.0194    0.0138    0.0464    0.7470 v acc_out[8]_DFF_X1_Q_D_AND3_X1_ZN_A2_OR3_X1_ZN_A1_AND3_X1_ZN_A1_OR3_X1_ZN_A1_AND3_X1_ZN_A1_OR3_X1_ZN_A1_AND4_X1_ZN_A1_OR3_X1_ZN_A1_AND4_X1_ZN_A4_OAI21_X1_ZN_B1_AOI21_X1_ZN_A_AND3_X1_A2/ZN (AND3_X1)
                    0.0138    0.0000    0.7470 v acc_out[8]_DFF_X1_Q_D_AND3_X1_ZN_A2_OR3_X1_ZN_A1_AND3_X1_ZN_A1_OR3_X1_ZN_A1_AND3_X1_ZN_A1_OR3_X1_ZN_A1_AND4_X1_ZN_A1_OR3_X1_ZN_A1_AND4_X1_ZN_A4_OAI21_X1_ZN_A_OR3_X1_A2/A1 (OR3_X1)
     4    6.0248    0.0183    0.0779    0.8248 v acc_out[8]_DFF_X1_Q_D_AND3_X1_ZN_A2_OR3_X1_ZN_A1_AND3_X1_ZN_A1_OR3_X1_ZN_A1_AND3_X1_ZN_A1_OR3_X1_ZN_A1_AND4_X1_ZN_A1_OR3_X1_ZN_A1_AND4_X1_ZN_A4_OAI21_X1_ZN_A_OR3_X1_A2/ZN (OR3_X1)
                    0.0183    0.0000    0.8248 v acc_out[8]_DFF_X1_Q_D_AND3_X1_ZN_A2_OR3_X1_ZN_A1_AND3_X1_ZN_A1_OR3_X1_ZN_A1_AND3_X1_ZN_A1_OR3_X1_ZN_A1_AND4_X1_ZN_A1_OR3_X1_ZN_A3_AOI22_X1_ZN/B2 (AOI22_X1)
     3    4.1555    0.0361    0.0625    0.8873 ^ acc_out[8]_DFF_X1_Q_D_AND3_X1_ZN_A2_OR3_X1_ZN_A1_AND3_X1_ZN_A1_OR3_X1_ZN_A1_AND3_X1_ZN_A1_OR3_X1_ZN_A1_AND4_X1_ZN_A1_OR3_X1_ZN_A3_AOI22_X1_ZN/ZN (AOI22_X1)
                    0.0361    0.0000    0.8873 ^ acc_out[9]_DFF_X1_Q_D_NOR2_X1_ZN_A2_XNOR2_X1_ZN_B_XOR2_X1_Z_B_XNOR2_X1_ZN_A_XOR2_X1_Z_B_XNOR2_X1_ZN_B_XOR2_X1_Z_B_XNOR2_X1_ZN_B_OAI21_X1_ZN/B2 (OAI21_X1)
     2    3.7781    0.0173    0.0292    0.9166 v acc_out[9]_DFF_X1_Q_D_NOR2_X1_ZN_A2_XNOR2_X1_ZN_B_XOR2_X1_Z_B_XNOR2_X1_ZN_A_XOR2_X1_Z_B_XNOR2_X1_ZN_B_XOR2_X1_Z_B_XNOR2_X1_ZN_B_OAI21_X1_ZN/ZN (OAI21_X1)
                    0.0173    0.0000    0.9166 v acc_out[9]_DFF_X1_Q_D_NOR2_X1_ZN_A2_XNOR2_X1_ZN_B_XOR2_X1_Z_B_XNOR2_X1_ZN_A_XOR2_X1_Z_B_XNOR2_X1_ZN_B_XOR2_X1_Z_B_XNOR2_X1_ZN/B (XNOR2_X1)
     2    3.9753    0.0163    0.0476    0.9642 v acc_out[9]_DFF_X1_Q_D_NOR2_X1_ZN_A2_XNOR2_X1_ZN_B_XOR2_X1_Z_B_XNOR2_X1_ZN_A_XOR2_X1_Z_B_XNOR2_X1_ZN_B_XOR2_X1_Z_B_XNOR2_X1_ZN/ZN (XNOR2_X1)
                    0.0163    0.0000    0.9642 v acc_out[9]_DFF_X1_Q_D_NOR2_X1_ZN_A2_XNOR2_X1_ZN_B_XOR2_X1_Z_B_XNOR2_X1_ZN_A_XOR2_X1_Z_B_XNOR2_X1_ZN_B_XOR2_X1_Z/B (XOR2_X1)
     2    3.7781    0.0144    0.0620    1.0261 v acc_out[9]_DFF_X1_Q_D_NOR2_X1_ZN_A2_XNOR2_X1_ZN_B_XOR2_X1_Z_B_XNOR2_X1_ZN_A_XOR2_X1_Z_B_XNOR2_X1_ZN_B_XOR2_X1_Z/Z (XOR2_X1)
                    0.0144    0.0000    1.0261 v acc_out[10]_DFF_X1_Q_D_AOI21_X1_ZN_B2_XNOR2_X1_ZN_B_XOR2_X1_Z_A_XNOR2_X1_ZN_B_XNOR2_X1_ZN_B_AOI21_X1_ZN/B2 (AOI21_X1)
     2    4.1455    0.0330    0.0456    1.0717 ^ acc_out[10]_DFF_X1_Q_D_AOI21_X1_ZN_B2_XNOR2_X1_ZN_B_XOR2_X1_Z_A_XNOR2_X1_ZN_B_XNOR2_X1_ZN_B_AOI21_X1_ZN/ZN (AOI21_X1)
                    0.0330    0.0000    1.0717 ^ acc_out[10]_DFF_X1_Q_D_AOI21_X1_ZN_B2_XNOR2_X1_ZN_B_XOR2_X1_Z_A_XNOR2_X1_ZN_B_XNOR2_X1_ZN_B_OAI21_X1_B2/B2 (OAI21_X1)
     2    3.6281    0.0163    0.0279    1.0996 v acc_out[10]_DFF_X1_Q_D_AOI21_X1_ZN_B2_XNOR2_X1_ZN_B_XOR2_X1_Z_A_XNOR2_X1_ZN_B_XNOR2_X1_ZN_B_OAI21_X1_B2/ZN (OAI21_X1)
                    0.0163    0.0000    1.0996 v acc_out[11]_DFF_X1_Q_D_NOR2_X1_ZN_A2_XNOR2_X1_ZN_A_XOR2_X1_Z_B_XOR2_X1_Z_B_XOR2_X1_Z_B_XOR2_X1_Z/A (XOR2_X1)
     2    3.3056    0.0136    0.0561    1.1557 v acc_out[11]_DFF_X1_Q_D_NOR2_X1_ZN_A2_XNOR2_X1_ZN_A_XOR2_X1_Z_B_XOR2_X1_Z_B_XOR2_X1_Z_B_XOR2_X1_Z/Z (XOR2_X1)
                    0.0136    0.0000    1.1557 v acc_out[11]_DFF_X1_Q_D_NOR2_X1_ZN_A2_XNOR2_X1_ZN_A_XOR2_X1_Z_B_XOR2_X1_Z_B_XOR2_X1_Z/B (XOR2_X1)
     2    3.8214    0.0143    0.0609    1.2166 v acc_out[11]_DFF_X1_Q_D_NOR2_X1_ZN_A2_XNOR2_X1_ZN_A_XOR2_X1_Z_B_XOR2_X1_Z_B_XOR2_X1_Z/Z (XOR2_X1)
                    0.0143    0.0000    1.2166 v acc_out[12]_DFF_X1_Q_D_AOI21_X1_ZN_B2_XNOR2_X1_ZN_B_XOR2_X1_Z_B_AOI21_X1_ZN/B2 (AOI21_X1)
     2    3.9354    0.0320    0.0445    1.2611 ^ acc_out[12]_DFF_X1_Q_D_AOI21_X1_ZN_B2_XNOR2_X1_ZN_B_XOR2_X1_Z_B_AOI21_X1_ZN/ZN (AOI21_X1)
                    0.0320    0.0000    1.2611 ^ acc_out[12]_DFF_X1_Q_D_AOI21_X1_ZN_B2_XNOR2_X1_ZN_B_XOR2_X1_Z_A_OAI21_X1_B1/B2 (OAI21_X1)
     2    3.8214    0.0164    0.0281    1.2892 v acc_out[12]_DFF_X1_Q_D_AOI21_X1_ZN_B2_XNOR2_X1_ZN_B_XOR2_X1_Z_A_OAI21_X1_B1/ZN (OAI21_X1)
                    0.0164    0.0000    1.2892 v acc_out[13]_DFF_X1_Q_D_AND2_X1_ZN_A1_OR2_X1_ZN_A2_XOR2_X1_Z_B_XOR2_X1_Z/B (XOR2_X1)
     2    3.3056    0.0144    0.0612    1.3504 v acc_out[13]_DFF_X1_Q_D_AND2_X1_ZN_A1_OR2_X1_ZN_A2_XOR2_X1_Z_B_XOR2_X1_Z/Z (XOR2_X1)
                    0.0144    0.0000    1.3504 v acc_out[13]_DFF_X1_Q_D_AND2_X1_ZN_A1_OR2_X1_ZN_A2_XOR2_X1_Z/B (XOR2_X1)
     3    3.7153    0.0142    0.0611    1.4115 v acc_out[13]_DFF_X1_Q_D_AND2_X1_ZN_A1_OR2_X1_ZN_A2_XOR2_X1_Z/Z (XOR2_X1)
                    0.0142    0.0000    1.4115 v acc_out[14]_DFF_X1_Q_D_AOI21_X1_ZN_B2_AOI21_X1_ZN/B2 (AOI21_X1)
     3    5.0010    0.0370    0.0498    1.4613 ^ acc_out[14]_DFF_X1_Q_D_AOI21_X1_ZN_B2_AOI21_X1_ZN/ZN (AOI21_X1)
                    0.0370    0.0000    1.4613 ^ acc_out[14]_DFF_X1_Q_D_AOI21_X1_ZN_B2_OAI21_X1_B1/B1 (OAI21_X1)
     2    3.7781    0.0166    0.0261    1.4874 v acc_out[14]_DFF_X1_Q_D_AOI21_X1_ZN_B2_OAI21_X1_B1/ZN (OAI21_X1)
                    0.0166    0.0000    1.4874 v acc_out[16]_DFF_X1_Q_D_AOI21_X1_ZN_B1_AOI21_X1_ZN/B2 (AOI21_X1)
     3    4.7908    0.0360    0.0497    1.5371 ^ acc_out[16]_DFF_X1_Q_D_AOI21_X1_ZN_B1_AOI21_X1_ZN/ZN (AOI21_X1)
                    0.0360    0.0000    1.5371 ^ acc_out[16]_DFF_X1_Q_D_AOI21_X1_ZN_B2_OAI21_X1_B1/B2 (OAI21_X1)
     3    3.7347    0.0172    0.0291    1.5662 v acc_out[16]_DFF_X1_Q_D_AOI21_X1_ZN_B2_OAI21_X1_B1/ZN (OAI21_X1)
                    0.0172    0.0000    1.5662 v acc_out[18]_DFF_X1_Q_D_AOI21_X1_ZN_B1_AOI21_X1_ZN/B1 (AOI21_X1)
     3    4.7908    0.0360    0.0450    1.6112 ^ acc_out[18]_DFF_X1_Q_D_AOI21_X1_ZN_B1_AOI21_X1_ZN/ZN (AOI21_X1)
                    0.0360    0.0000    1.6112 ^ acc_out[18]_DFF_X1_Q_D_AOI21_X1_ZN_B2_OAI21_X1_B1/B2 (OAI21_X1)
     2    3.5727    0.0170    0.0286    1.6399 v acc_out[18]_DFF_X1_Q_D_AOI21_X1_ZN_B2_OAI21_X1_B1/ZN (OAI21_X1)
                    0.0170    0.0000    1.6399 v acc_out[20]_DFF_X1_Q_D_AOI21_X1_ZN_B1_AOI21_X1_ZN/B1 (AOI21_X1)
     3    4.7908    0.0360    0.0450    1.6848 ^ acc_out[20]_DFF_X1_Q_D_AOI21_X1_ZN_B1_AOI21_X1_ZN/ZN (AOI21_X1)
                    0.0360    0.0000    1.6848 ^ acc_out[20]_DFF_X1_Q_D_AOI21_X1_ZN_B2_OAI21_X1_B1/B2 (OAI21_X1)
     3    3.7347    0.0172    0.0291    1.7139 v acc_out[20]_DFF_X1_Q_D_AOI21_X1_ZN_B2_OAI21_X1_B1/ZN (OAI21_X1)
                    0.0172    0.0000    1.7139 v acc_out[22]_DFF_X1_Q_D_AOI21_X1_ZN_B1_AOI21_X1_ZN/B1 (AOI21_X1)
     3    4.7908    0.0360    0.0450    1.7589 ^ acc_out[22]_DFF_X1_Q_D_AOI21_X1_ZN_B1_AOI21_X1_ZN/ZN (AOI21_X1)
                    0.0360    0.0000    1.7589 ^ acc_out[22]_DFF_X1_Q_D_AOI21_X1_ZN_B2_OAI21_X1_B1/B2 (OAI21_X1)
     2    3.5727    0.0170    0.0286    1.7876 v acc_out[22]_DFF_X1_Q_D_AOI21_X1_ZN_B2_OAI21_X1_B1/ZN (OAI21_X1)
                    0.0170    0.0000    1.7876 v acc_out[24]_DFF_X1_Q_D_AOI21_X1_ZN_B1_AOI21_X1_ZN/B1 (AOI21_X1)
     3    4.7908    0.0360    0.0450    1.8325 ^ acc_out[24]_DFF_X1_Q_D_AOI21_X1_ZN_B1_AOI21_X1_ZN/ZN (AOI21_X1)
                    0.0360    0.0000    1.8325 ^ acc_out[24]_DFF_X1_Q_D_AOI21_X1_ZN_B2_OAI21_X1_B1/B2 (OAI21_X1)
     3    3.8679    0.0174    0.0294    1.8620 v acc_out[24]_DFF_X1_Q_D_AOI21_X1_ZN_B2_OAI21_X1_B1/ZN (OAI21_X1)
                    0.0174    0.0000    1.8620 v acc_out[26]_DFF_X1_Q_D_AOI21_X1_ZN_B1_AOI21_X1_ZN/B2 (AOI21_X1)
     3    4.7908    0.0360    0.0501    1.9120 ^ acc_out[26]_DFF_X1_Q_D_AOI21_X1_ZN_B1_AOI21_X1_ZN/ZN (AOI21_X1)
                    0.0360    0.0000    1.9120 ^ acc_out[26]_DFF_X1_Q_D_AOI21_X1_ZN_A_OAI21_X1_ZN/B2 (OAI21_X1)
     1    1.5353    0.0139    0.0225    1.9345 v acc_out[26]_DFF_X1_Q_D_AOI21_X1_ZN_A_OAI21_X1_ZN/ZN (OAI21_X1)
                    0.0139    0.0000    1.9345 v acc_out[26]_DFF_X1_Q_D_AOI21_X1_ZN/A (AOI21_X1)
     1    1.1403    0.0189    0.0385    1.9730 ^ acc_out[26]_DFF_X1_Q_D_AOI21_X1_ZN/ZN (AOI21_X1)
                    0.0189    0.0000    1.9730 ^ acc_out[26]_DFF_X1_Q/D (DFF_X1)
                                        1.9730   data arrival time

                    0.0500    2.0000    2.0000   clock clk (rise edge)
                              0.0000    2.0000   clock network delay (ideal)
                             -0.0500    1.9500   clock uncertainty
                              0.0000    1.9500   clock reconvergence pessimism
                                        1.9500 ^ acc_out[26]_DFF_X1_Q/CK (DFF_X1)
                             -0.0289    1.9211   library setup time
                                        1.9211   data required time
-------------------------------------------------------------------------------------
                                        1.9211   data required time
                                       -1.9730   data arrival time
-------------------------------------------------------------------------------------
                                       -0.0519   slack (VIOLATED)


Startpoint: b1[0]_AND2_X1_A2_ZN_DFF_X1_D
            (rising edge-triggered flip-flop clocked by clk)
Endpoint: acc_out[25]_DFF_X1_Q (rising edge-triggered flip-flop clocked by clk)
Path Group: clk
Path Type: max

Fanout       Cap      Slew     Delay      Time   Description
-------------------------------------------------------------------------------------
                    0.0500    0.0000    0.0000   clock clk (rise edge)
                              0.0000    0.0000   clock network delay (ideal)
                    0.0500    0.0000    0.0000 ^ b1[0]_AND2_X1_A2_ZN_DFF_X1_D/CK (DFF_X1)
    42   57.0488    0.1329    0.2293    0.2293 ^ b1[0]_AND2_X1_A2_ZN_DFF_X1_D/Q (DFF_X1)
                    0.1329    0.0000    0.2293 ^ acc_out[8]_DFF_X1_Q_D_AND3_X1_ZN_A2_OR3_X1_ZN_A1_AND3_X1_ZN_A1_OR3_X1_ZN_A1_AND3_X1_ZN_A1_OR3_X1_ZN_A1_AND4_X1_ZN_A1_OR3_X1_ZN_A1_AND4_X1_ZN_A4_OAI21_X1_ZN_B1_AOI21_X1_ZN_B2_OR3_X1_ZN_A2_AND3_X1_ZN_A1_OR3_X1_ZN_A1_AND3_X1_ZN_A1_OR3_X1_ZN_A1_AND3_X1_ZN_A1_OR3_X1_ZN_A3_AOI22_X1_ZN/B1 (AOI22_X1)
     3    3.9140    0.0405    0.0468    0.2761 v acc_out[8]_DFF_X1_Q_D_AND3_X1_ZN_A2_OR3_X1_ZN_A1_AND3_X1_ZN_A1_OR3_X1_ZN_A1_AND3_X1_ZN_A1_OR3_X1_ZN_A1_AND4_X1_ZN_A1_OR3_X1_ZN_A1_AND4_X1_ZN_A4_OAI21_X1_ZN_B1_AOI21_X1_ZN_B2_OR3_X1_ZN_A2_AND3_X1_ZN_A1_OR3_X1_ZN_A1_AND3_X1_ZN_A1_OR3_X1_ZN_A1_AND3_X1_ZN_A1_OR3_X1_ZN_A3_AOI22_X1_ZN/ZN (AOI22_X1)
                    0.0405    0.0000    0.2761 v acc_out[8]_DFF_X1_Q_D_AND3_X1_ZN_A2_OR3_X1_ZN_A1_AND3_X1_ZN_A1_OR3_X1_ZN_A1_AND3_X1_ZN_A1_OR3_X1_ZN_A1_AND4_X1_ZN_A1_OR3_X1_ZN_A1_AND4_X1_ZN_A4_OAI21_X1_ZN_B1_AOI21_X1_ZN_B2_OR3_X1_ZN_A2_AND3_X1_ZN_A1_OR3_X1_ZN_A1_AND3_X1_ZN_A1_OR3_X1_ZN_A1_AND3_X1_ZN_A1_OR3_X1_ZN/A3 (OR3_X1)
     3    3.8381    0.0158    0.0971    0.3732 v acc_out[8]_DFF_X1_Q_D_AND3_X1_ZN_A2_OR3_X1_ZN_A1_AND3_X1_ZN_A1_OR3_X1_ZN_A1_AND3_X1_ZN_A1_OR3_X1_ZN_A1_AND4_X1_ZN_A1_OR3_X1_ZN_A1_AND4_X1_ZN_A4_OAI21_X1_ZN_B1_AOI21_X1_ZN_B2_OR3_X1_ZN_A2_AND3_X1_ZN_A1_OR3_X1_ZN_A1_AND3_X1_ZN_A1_OR3_X1_ZN_A1_AND3_X1_ZN_A1_OR3_X1_ZN/ZN (OR3_X1)
                    0.0158    0.0000    0.3732 v acc_out[8]_DFF_X1_Q_D_AND3_X1_ZN_A2_OR3_X1_ZN_A1_AND3_X1_ZN_A1_OR3_X1_ZN_A1_AND3_X1_ZN_A1_OR3_X1_ZN_A1_AND4_X1_ZN_A1_OR3_X1_ZN_A1_AND4_X1_ZN_A4_OAI21_X1_ZN_B1_AOI21_X1_ZN_B2_OR3_X1_ZN_A2_AND3_X1_ZN_A1_OR3_X1_ZN_A1_AND3_X1_ZN_A1_OR3_X1_ZN_A1_AND3_X1_ZN/A1 (AND3_X1)
     2    2.3339    0.0074    0.0355    0.4087 v acc_out[8]_DFF_X1_Q_D_AND3_X1_ZN_A2_OR3_X1_ZN_A1_AND3_X1_ZN_A1_OR3_X1_ZN_A1_AND3_X1_ZN_A1_OR3_X1_ZN_A1_AND4_X1_ZN_A1_OR3_X1_ZN_A1_AND4_X1_ZN_A4_OAI21_X1_ZN_B1_AOI21_X1_ZN_B2_OR3_X1_ZN_A2_AND3_X1_ZN_A1_OR3_X1_ZN_A1_AND3_X1_ZN_A1_OR3_X1_ZN_A1_AND3_X1_ZN/ZN (AND3_X1)
                    0.0074    0.0000    0.4087 v acc_out[8]_DFF_X1_Q_D_AND3_X1_ZN_A2_OR3_X1_ZN_A1_AND3_X1_ZN_A1_OR3_X1_ZN_A1_AND3_X1_ZN_A1_OR3_X1_ZN_A1_AND4_X1_ZN_A1_OR3_X1_ZN_A1_AND4_X1_ZN_A4_OAI21_X1_ZN_B1_AOI21_X1_ZN_B2_OR3_X1_ZN_A2_AND3_X1_ZN_A1_OR3_X1_ZN_A1_AND3_X1_ZN_A1_OR3_X1_ZN/A1 (OR3_X1)
     3    3.8381    0.0158    0.0706    0.4793 v acc_out[8]_DFF_X1_Q_D_AND3_X1_ZN_A2_OR3_X1_ZN_A1_AND3_X1_ZN_A1_OR3_X1_ZN_A1_AND3_X1_ZN_A1_OR3_X1_ZN_A1_AND4_X1_ZN_A1_OR3_X1_ZN_A1_AND4_X1_ZN_A4_OAI21_X1_ZN_B1_AOI21_X1_ZN_B2_OR3_X1_ZN_A2_AND3_X1_ZN_A1_OR3_X1_ZN_A1_AND3_X1_ZN_A1_OR3_X1_ZN/ZN (OR3_X1)
                    0.0158    0.0000    0.4793 v acc_out[8]_DFF_X1_Q_D_AND3_X1_ZN_A2_OR3_X1_ZN_A1_AND3_X1_ZN_A1_OR3_X1_ZN_A1_AND3_X1_ZN_A1_OR3_X1_ZN_A1_AND4_X1_ZN_A1_OR3_X1_ZN_A1_AND4_X1_ZN_A4_OAI21_X1_ZN_B1_AOI21_X1_ZN_B2_OR3_X1_ZN_A2_AND3_X1_ZN_A1_OR3_X1_ZN_A1_AND3_X1_ZN/A1 (AND3_X1)
     2    2.3339    0.0074    0.0355    0.5148 v acc_out[8]_DFF_X1_Q_D_AND3_X1_ZN_A2_OR3_X1_ZN_A1_AND3_X1_ZN_A1_OR3_X1_ZN_A1_AND3_X1_ZN_A1_OR3_X1_ZN_A1_AND4_X1_ZN_A1_OR3_X1_ZN_A1_AND4_X1_ZN_A4_OAI21_X1_ZN_B1_AOI21_X1_ZN_B2_OR3_X1_ZN_A2_AND3_X1_ZN_A1_OR3_X1_ZN_A1_AND3_X1_ZN/ZN (AND3_X1)
                    0.0074    0.0000    0.5148 v acc_out[8]_DFF_X1_Q_D_AND3_X1_ZN_A2_OR3_X1_ZN_A1_AND3_X1_ZN_A1_OR3_X1_ZN_A1_AND3_X1_ZN_A1_OR3_X1_ZN_A1_AND4_X1_ZN_A1_OR3_X1_ZN_A1_AND4_X1_ZN_A4_OAI21_X1_ZN_B1_AOI21_X1_ZN_B2_OR3_X1_ZN_A2_AND3_X1_ZN_A1_OR3_X1_ZN/A1 (OR3_X1)
     2    2.2761    0.0139    0.0661    0.5809 v acc_out[8]_DFF_X1_Q_D_AND3_X1_ZN_A2_OR3_X1_ZN_A1_AND3_X1_ZN_A1_OR3_X1_ZN_A1_AND3_X1_ZN_A1_OR3_X1_ZN_A1_AND4_X1_ZN_A1_OR3_X1_ZN_A1_AND4_X1_ZN_A4_OAI21_X1_ZN_B1_AOI21_X1_ZN_B2_OR3_X1_ZN_A2_AND3_X1_ZN_A1_OR3_X1_ZN/ZN (OR3_X1)
                    0.0139    0.0000    0.5809 v acc_out[8]_DFF_X1_Q_D_AND3_X1_ZN_A2_OR3_X1_ZN_A1_AND3_X1_ZN_A1_OR3_X1_ZN_A1_AND3_X1_ZN_A1_OR3_X1_ZN_A1_AND4_X1_ZN_A1_OR3_X1_ZN_A1_AND4_X1_ZN_A4_OAI21_X1_ZN_B1_AOI21_X1_ZN_B2_OR3_X1_ZN_A2_AND3_X1_ZN/A1 (AND3_X1)
     3    3.8592    0.0089    0.0375    0.6184 v acc_out[8]_DFF_X1_Q_D_AND3_X1_ZN_A2_OR3_X1_ZN_A1_AND3_X1_ZN_A1_OR3_X1_ZN_A1_AND3_X1_ZN_A1_OR3_X1_ZN_A1_AND4_X1_ZN_A1_OR3_X1_ZN_A1_AND4_X1_ZN_A4_OAI21_X1_ZN_B1_AOI21_X1_ZN_B2_OR3_X1_ZN_A2_AND3_X1_ZN/ZN (AND3_X1)
                    0.0089    0.0000    0.6184 v acc_out[8]_DFF_X1_Q_D_AND3_X1_ZN_A2_OR3_X1_ZN_A1_AND3_X1_ZN_A1_OR3_X1_ZN_A1_AND3_X1_ZN_A1_OR3_X1_ZN_A1_AND4_X1_ZN_A1_OR3_X1_ZN_A1_AND4_X1_ZN_A4_OAI21_X1_ZN_B1_AOI21_X1_ZN_B2_OR3_X1_ZN/A2 (OR3_X1)
     3    3.7783    0.0158    0.0822    0.7006 v acc_out[8]_DFF_X1_Q_D_AND3_X1_ZN_A2_OR3_X1_ZN_A1_AND3_X1_ZN_A1_OR3_X1_ZN_A1_AND3_X1_ZN_A1_OR3_X1_ZN_A1_AND4_X1_ZN_A1_OR3_X1_ZN_A1_AND4_X1_ZN_A4_OAI21_X1_ZN_B1_AOI21_X1_ZN_B2_OR3_X1_ZN/ZN (OR3_X1)
                    0.0158    0.0000    0.7006 v acc_out[8]_DFF_X1_Q_D_AND3_X1_ZN_A2_OR3_X1_ZN_A1_AND3_X1_ZN_A1_OR3_X1_ZN_A1_AND3_X1_ZN_A1_OR3_X1_ZN_A1_AND4_X1_ZN_A1_OR3_X1_ZN_A1_AND4_X1_ZN_A4_OAI21_X1_ZN_B1_AOI21_X1_ZN_A_AND3_X1_A2/A1 (AND3_X1)
     6    9.0194    0.0138    0.0464    0.7470 v acc_out[8]_DFF_X1_Q_D_AND3_X1_ZN_A2_OR3_X1_ZN_A1_AND3_X1_ZN_A1_OR3_X1_ZN_A1_AND3_X1_ZN_A1_OR3_X1_ZN_A1_AND4_X1_ZN_A1_OR3_X1_ZN_A1_AND4_X1_ZN_A4_OAI21_X1_ZN_B1_AOI21_X1_ZN_A_AND3_X1_A2/ZN (AND3_X1)
                    0.0138    0.0000    0.7470 v acc_out[8]_DFF_X1_Q_D_AND3_X1_ZN_A2_OR3_X1_ZN_A1_AND3_X1_ZN_A1_OR3_X1_ZN_A1_AND3_X1_ZN_A1_OR3_X1_ZN_A1_AND4_X1_ZN_A1_OR3_X1_ZN_A1_AND4_X1_ZN_A4_OAI21_X1_ZN_A_OR3_X1_A2/A1 (OR3_X1)
     4    6.0248    0.0183    0.0779    0.8248 v acc_out[8]_DFF_X1_Q_D_AND3_X1_ZN_A2_OR3_X1_ZN_A1_AND3_X1_ZN_A1_OR3_X1_ZN_A1_AND3_X1_ZN_A1_OR3_X1_ZN_A1_AND4_X1_ZN_A1_OR3_X1_ZN_A1_AND4_X1_ZN_A4_OAI21_X1_ZN_A_OR3_X1_A2/ZN (OR3_X1)
                    0.0183    0.0000    0.8248 v acc_out[8]_DFF_X1_Q_D_AND3_X1_ZN_A2_OR3_X1_ZN_A1_AND3_X1_ZN_A1_OR3_X1_ZN_A1_AND3_X1_ZN_A1_OR3_X1_ZN_A1_AND4_X1_ZN_A1_OR3_X1_ZN_A3_AOI22_X1_ZN/B2 (AOI22_X1)
     3    4.1555    0.0361    0.0625    0.8873 ^ acc_out[8]_DFF_X1_Q_D_AND3_X1_ZN_A2_OR3_X1_ZN_A1_AND3_X1_ZN_A1_OR3_X1_ZN_A1_AND3_X1_ZN_A1_OR3_X1_ZN_A1_AND4_X1_ZN_A1_OR3_X1_ZN_A3_AOI22_X1_ZN/ZN (AOI22_X1)
                    0.0361    0.0000    0.8873 ^ acc_out[9]_DFF_X1_Q_D_NOR2_X1_ZN_A2_XNOR2_X1_ZN_B_XOR2_X1_Z_B_XNOR2_X1_ZN_A_XOR2_X1_Z_B_XNOR2_X1_ZN_B_XOR2_X1_Z_B_XNOR2_X1_ZN_B_OAI21_X1_ZN/B2 (OAI21_X1)
     2    3.7781    0.0173    0.0292    0.9166 v acc_out[9]_DFF_X1_Q_D_NOR2_X1_ZN_A2_XNOR2_X1_ZN_B_XOR2_X1_Z_B_XNOR2_X1_ZN_A_XOR2_X1_Z_B_XNOR2_X1_ZN_B_XOR2_X1_Z_B_XNOR2_X1_ZN_B_OAI21_X1_ZN/ZN (OAI21_X1)
                    0.0173    0.0000    0.9166 v acc_out[9]_DFF_X1_Q_D_NOR2_X1_ZN_A2_XNOR2_X1_ZN_B_XOR2_X1_Z_B_XNOR2_X1_ZN_A_XOR2_X1_Z_B_XNOR2_X1_ZN_B_XOR2_X1_Z_B_XNOR2_X1_ZN/B (XNOR2_X1)
     2    3.9753    0.0163    0.0476    0.9642 v acc_out[9]_DFF_X1_Q_D_NOR2_X1_ZN_A2_XNOR2_X1_ZN_B_XOR2_X1_Z_B_XNOR2_X1_ZN_A_XOR2_X1_Z_B_XNOR2_X1_ZN_B_XOR2_X1_Z_B_XNOR2_X1_ZN/ZN (XNOR2_X1)
                    0.0163    0.0000    0.9642 v acc_out[9]_DFF_X1_Q_D_NOR2_X1_ZN_A2_XNOR2_X1_ZN_B_XOR2_X1_Z_B_XNOR2_X1_ZN_A_XOR2_X1_Z_B_XNOR2_X1_ZN_B_XOR2_X1_Z/B (XOR2_X1)
     2    3.7781    0.0144    0.0620    1.0261 v acc_out[9]_DFF_X1_Q_D_NOR2_X1_ZN_A2_XNOR2_X1_ZN_B_XOR2_X1_Z_B_XNOR2_X1_ZN_A_XOR2_X1_Z_B_XNOR2_X1_ZN_B_XOR2_X1_Z/Z (XOR2_X1)
                    0.0144    0.0000    1.0261 v acc_out[10]_DFF_X1_Q_D_AOI21_X1_ZN_B2_XNOR2_X1_ZN_B_XOR2_X1_Z_A_XNOR2_X1_ZN_B_XNOR2_X1_ZN_B_AOI21_X1_ZN/B2 (AOI21_X1)
     2    4.1455    0.0330    0.0456    1.0717 ^ acc_out[10]_DFF_X1_Q_D_AOI21_X1_ZN_B2_XNOR2_X1_ZN_B_XOR2_X1_Z_A_XNOR2_X1_ZN_B_XNOR2_X1_ZN_B_AOI21_X1_ZN/ZN (AOI21_X1)
                    0.0330    0.0000    1.0717 ^ acc_out[10]_DFF_X1_Q_D_AOI21_X1_ZN_B2_XNOR2_X1_ZN_B_XOR2_X1_Z_A_XNOR2_X1_ZN_B_XNOR2_X1_ZN_B_OAI21_X1_B2/B2 (OAI21_X1)
     2    3.6281    0.0163    0.0279    1.0996 v acc_out[10]_DFF_X1_Q_D_AOI21_X1_ZN_B2_XNOR2_X1_ZN_B_XOR2_X1_Z_A_XNOR2_X1_ZN_B_XNOR2_X1_ZN_B_OAI21_X1_B2/ZN (OAI21_X1)
                    0.0163    0.0000    1.0996 v acc_out[11]_DFF_X1_Q_D_NOR2_X1_ZN_A2_XNOR2_X1_ZN_A_XOR2_X1_Z_B_XOR2_X1_Z_B_XOR2_X1_Z_B_XOR2_X1_Z/A (XOR2_X1)
     2    3.3056    0.0136    0.0561    1.1557 v acc_out[11]_DFF_X1_Q_D_NOR2_X1_ZN_A2_XNOR2_X1_ZN_A_XOR2_X1_Z_B_XOR2_X1_Z_B_XOR2_X1_Z_B_XOR2_X1_Z/Z (XOR2_X1)
                    0.0136    0.0000    1.1557 v acc_out[11]_DFF_X1_Q_D_NOR2_X1_ZN_A2_XNOR2_X1_ZN_A_XOR2_X1_Z_B_XOR2_X1_Z_B_XOR2_X1_Z/B (XOR2_X1)
     2    3.8214    0.0143    0.0609    1.2166 v acc_out[11]_DFF_X1_Q_D_NOR2_X1_ZN_A2_XNOR2_X1_ZN_A_XOR2_X1_Z_B_XOR2_X1_Z_B_XOR2_X1_Z/Z (XOR2_X1)
                    0.0143    0.0000    1.2166 v acc_out[12]_DFF_X1_Q_D_AOI21_X1_ZN_B2_XNOR2_X1_ZN_B_XOR2_X1_Z_B_AOI21_X1_ZN/B2 (AOI21_X1)
     2    3.9354    0.0320    0.0445    1.2611 ^ acc_out[12]_DFF_X1_Q_D_AOI21_X1_ZN_B2_XNOR2_X1_ZN_B_XOR2_X1_Z_B_AOI21_X1_ZN/ZN (AOI21_X1)
                    0.0320    0.0000    1.2611 ^ acc_out[12]_DFF_X1_Q_D_AOI21_X1_ZN_B2_XNOR2_X1_ZN_B_XOR2_X1_Z_A_OAI21_X1_B1/B2 (OAI21_X1)
     2    3.8214    0.0164    0.0281    1.2892 v acc_out[12]_DFF_X1_Q_D_AOI21_X1_ZN_B2_XNOR2_X1_ZN_B_XOR2_X1_Z_A_OAI21_X1_B1/ZN (OAI21_X1)
                    0.0164    0.0000    1.2892 v acc_out[13]_DFF_X1_Q_D_AND2_X1_ZN_A1_OR2_X1_ZN_A2_XOR2_X1_Z_B_XOR2_X1_Z/B (XOR2_X1)
     2    3.3056    0.0144    0.0612    1.3504 v acc_out[13]_DFF_X1_Q_D_AND2_X1_ZN_A1_OR2_X1_ZN_A2_XOR2_X1_Z_B_XOR2_X1_Z/Z (XOR2_X1)
                    0.0144    0.0000    1.3504 v acc_out[13]_DFF_X1_Q_D_AND2_X1_ZN_A1_OR2_X1_ZN_A2_XOR2_X1_Z/B (XOR2_X1)
     3    3.7153    0.0142    0.0611    1.4115 v acc_out[13]_DFF_X1_Q_D_AND2_X1_ZN_A1_OR2_X1_ZN_A2_XOR2_X1_Z/Z (XOR2_X1)
                    0.0142    0.0000    1.4115 v acc_out[14]_DFF_X1_Q_D_AOI21_X1_ZN_B2_AOI21_X1_ZN/B2 (AOI21_X1)
     3    5.0010    0.0370    0.0498    1.4613 ^ acc_out[14]_DFF_X1_Q_D_AOI21_X1_ZN_B2_AOI21_X1_ZN/ZN (AOI21_X1)
                    0.0370    0.0000    1.4613 ^ acc_out[14]_DFF_X1_Q_D_AOI21_X1_ZN_B2_OAI21_X1_B1/B1 (OAI21_X1)
     2    3.7781    0.0166    0.0261    1.4874 v acc_out[14]_DFF_X1_Q_D_AOI21_X1_ZN_B2_OAI21_X1_B1/ZN (OAI21_X1)
                    0.0166    0.0000    1.4874 v acc_out[16]_DFF_X1_Q_D_AOI21_X1_ZN_B1_AOI21_X1_ZN/B2 (AOI21_X1)
     3    4.7908    0.0360    0.0497    1.5371 ^ acc_out[16]_DFF_X1_Q_D_AOI21_X1_ZN_B1_AOI21_X1_ZN/ZN (AOI21_X1)
                    0.0360    0.0000    1.5371 ^ acc_out[16]_DFF_X1_Q_D_AOI21_X1_ZN_B2_OAI21_X1_B1/B2 (OAI21_X1)
     3    3.7347    0.0172    0.0291    1.5662 v acc_out[16]_DFF_X1_Q_D_AOI21_X1_ZN_B2_OAI21_X1_B1/ZN (OAI21_X1)
                    0.0172    0.0000    1.5662 v acc_out[18]_DFF_X1_Q_D_AOI21_X1_ZN_B1_AOI21_X1_ZN/B1 (AOI21_X1)
     3    4.7908    0.0360    0.0450    1.6112 ^ acc_out[18]_DFF_X1_Q_D_AOI21_X1_ZN_B1_AOI21_X1_ZN/ZN (AOI21_X1)
                    0.0360    0.0000    1.6112 ^ acc_out[18]_DFF_X1_Q_D_AOI21_X1_ZN_B2_OAI21_X1_B1/B2 (OAI21_X1)
     2    3.5727    0.0170    0.0286    1.6399 v acc_out[18]_DFF_X1_Q_D_AOI21_X1_ZN_B2_OAI21_X1_B1/ZN (OAI21_X1)
                    0.0170    0.0000    1.6399 v acc_out[20]_DFF_X1_Q_D_AOI21_X1_ZN_B1_AOI21_X1_ZN/B1 (AOI21_X1)
     3    4.7908    0.0360    0.0450    1.6848 ^ acc_out[20]_DFF_X1_Q_D_AOI21_X1_ZN_B1_AOI21_X1_ZN/ZN (AOI21_X1)
                    0.0360    0.0000    1.6848 ^ acc_out[20]_DFF_X1_Q_D_AOI21_X1_ZN_B2_OAI21_X1_B1/B2 (OAI21_X1)
     3    3.7347    0.0172    0.0291    1.7139 v acc_out[20]_DFF_X1_Q_D_AOI21_X1_ZN_B2_OAI21_X1_B1/ZN (OAI21_X1)
                    0.0172    0.0000    1.7139 v acc_out[22]_DFF_X1_Q_D_AOI21_X1_ZN_B1_AOI21_X1_ZN/B1 (AOI21_X1)
     3    4.7908    0.0360    0.0450    1.7589 ^ acc_out[22]_DFF_X1_Q_D_AOI21_X1_ZN_B1_AOI21_X1_ZN/ZN (AOI21_X1)
                    0.0360    0.0000    1.7589 ^ acc_out[22]_DFF_X1_Q_D_AOI21_X1_ZN_B2_OAI21_X1_B1/B2 (OAI21_X1)
     2    3.5727    0.0170    0.0286    1.7876 v acc_out[22]_DFF_X1_Q_D_AOI21_X1_ZN_B2_OAI21_X1_B1/ZN (OAI21_X1)
                    0.0170    0.0000    1.7876 v acc_out[24]_DFF_X1_Q_D_AOI21_X1_ZN_B1_AOI21_X1_ZN/B1 (AOI21_X1)
     3    4.7908    0.0360    0.0450    1.8325 ^ acc_out[24]_DFF_X1_Q_D_AOI21_X1_ZN_B1_AOI21_X1_ZN/ZN (AOI21_X1)
                    0.0360    0.0000    1.8325 ^ acc_out[24]_DFF_X1_Q_D_AOI21_X1_ZN_B2_OAI21_X1_B1/B2 (OAI21_X1)
     3    3.8679    0.0174    0.0294    1.8620 v acc_out[24]_DFF_X1_Q_D_AOI21_X1_ZN_B2_OAI21_X1_B1/ZN (OAI21_X1)
                    0.0174    0.0000    1.8620 v acc_out[25]_DFF_X1_Q_D_NOR3_X1_ZN_A2_AND2_X1_ZN/A2 (AND2_X1)
     1    1.4768    0.0059    0.0347    1.8966 v acc_out[25]_DFF_X1_Q_D_NOR3_X1_ZN_A2_AND2_X1_ZN/ZN (AND2_X1)
                    0.0059    0.0000    1.8966 v acc_out[25]_DFF_X1_Q_D_NOR3_X1_ZN/A2 (NOR3_X1)
     1    1.1403    0.0249    0.0391    1.9357 ^ acc_out[25]_DFF_X1_Q_D_NOR3_X1_ZN/ZN (NOR3_X1)
                    0.0249    0.0000    1.9357 ^ acc_out[25]_DFF_X1_Q/D (DFF_X1)
                                        1.9357   data arrival time

                    0.0500    2.0000    2.0000   clock clk (rise edge)
                              0.0000    2.0000   clock network delay (ideal)
                             -0.0500    1.9500   clock uncertainty
                              0.0000    1.9500   clock reconvergence pessimism
                                        1.9500 ^ acc_out[25]_DFF_X1_Q/CK (DFF_X1)
                             -0.0303    1.9197   library setup time
                                        1.9197   data required time
-------------------------------------------------------------------------------------
                                        1.9197   data required time
                                       -1.9357   data arrival time
-------------------------------------------------------------------------------------
                                       -0.0161   slack (VIOLATED)


Startpoint: b1[0]_AND2_X1_A2_ZN_DFF_X1_D
            (rising edge-triggered flip-flop clocked by clk)
Endpoint: acc_out[24]_DFF_X1_Q (rising edge-triggered flip-flop clocked by clk)
Path Group: clk
Path Type: max

Fanout       Cap      Slew     Delay      Time   Description
-------------------------------------------------------------------------------------
                    0.0500    0.0000    0.0000   clock clk (rise edge)
                              0.0000    0.0000   clock network delay (ideal)
                    0.0500    0.0000    0.0000 ^ b1[0]_AND2_X1_A2_ZN_DFF_X1_D/CK (DFF_X1)
    42   57.0488    0.1329    0.2293    0.2293 ^ b1[0]_AND2_X1_A2_ZN_DFF_X1_D/Q (DFF_X1)
                    0.1329    0.0000    0.2293 ^ acc_out[8]_DFF_X1_Q_D_AND3_X1_ZN_A2_OR3_X1_ZN_A1_AND3_X1_ZN_A1_OR3_X1_ZN_A1_AND3_X1_ZN_A1_OR3_X1_ZN_A1_AND4_X1_ZN_A1_OR3_X1_ZN_A1_AND4_X1_ZN_A4_OAI21_X1_ZN_B1_AOI21_X1_ZN_B2_OR3_X1_ZN_A2_AND3_X1_ZN_A1_OR3_X1_ZN_A1_AND3_X1_ZN_A1_OR3_X1_ZN_A1_AND3_X1_ZN_A1_OR3_X1_ZN_A3_AOI22_X1_ZN/B1 (AOI22_X1)
     3    3.9140    0.0405    0.0468    0.2761 v acc_out[8]_DFF_X1_Q_D_AND3_X1_ZN_A2_OR3_X1_ZN_A1_AND3_X1_ZN_A1_OR3_X1_ZN_A1_AND3_X1_ZN_A1_OR3_X1_ZN_A1_AND4_X1_ZN_A1_OR3_X1_ZN_A1_AND4_X1_ZN_A4_OAI21_X1_ZN_B1_AOI21_X1_ZN_B2_OR3_X1_ZN_A2_AND3_X1_ZN_A1_OR3_X1_ZN_A1_AND3_X1_ZN_A1_OR3_X1_ZN_A1_AND3_X1_ZN_A1_OR3_X1_ZN_A3_AOI22_X1_ZN/ZN (AOI22_X1)
                    0.0405    0.0000    0.2761 v acc_out[8]_DFF_X1_Q_D_AND3_X1_ZN_A2_OR3_X1_ZN_A1_AND3_X1_ZN_A1_OR3_X1_ZN_A1_AND3_X1_ZN_A1_OR3_X1_ZN_A1_AND4_X1_ZN_A1_OR3_X1_ZN_A1_AND4_X1_ZN_A4_OAI21_X1_ZN_B1_AOI21_X1_ZN_B2_OR3_X1_ZN_A2_AND3_X1_ZN_A1_OR3_X1_ZN_A1_AND3_X1_ZN_A1_OR3_X1_ZN_A1_AND3_X1_ZN_A1_OR3_X1_ZN/A3 (OR3_X1)
     3    3.8381    0.0158    0.0971    0.3732 v acc_out[8]_DFF_X1_Q_D_AND3_X1_ZN_A2_OR3_X1_ZN_A1_AND3_X1_ZN_A1_OR3_X1_ZN_A1_AND3_X1_ZN_A1_OR3_X1_ZN_A1_AND4_X1_ZN_A1_OR3_X1_ZN_A1_AND4_X1_ZN_A4_OAI21_X1_ZN_B1_AOI21_X1_ZN_B2_OR3_X1_ZN_A2_AND3_X1_ZN_A1_OR3_X1_ZN_A1_AND3_X1_ZN_A1_OR3_X1_ZN_A1_AND3_X1_ZN_A1_OR3_X1_ZN/ZN (OR3_X1)
                    0.0158    0.0000    0.3732 v acc_out[8]_DFF_X1_Q_D_AND3_X1_ZN_A2_OR3_X1_ZN_A1_AND3_X1_ZN_A1_OR3_X1_ZN_A1_AND3_X1_ZN_A1_OR3_X1_ZN_A1_AND4_X1_ZN_A1_OR3_X1_ZN_A1_AND4_X1_ZN_A4_OAI21_X1_ZN_B1_AOI21_X1_ZN_B2_OR3_X1_ZN_A2_AND3_X1_ZN_A1_OR3_X1_ZN_A1_AND3_X1_ZN_A1_OR3_X1_ZN_A1_AND3_X1_ZN/A1 (AND3_X1)
     2    2.3339    0.0074    0.0355    0.4087 v acc_out[8]_DFF_X1_Q_D_AND3_X1_ZN_A2_OR3_X1_ZN_A1_AND3_X1_ZN_A1_OR3_X1_ZN_A1_AND3_X1_ZN_A1_OR3_X1_ZN_A1_AND4_X1_ZN_A1_OR3_X1_ZN_A1_AND4_X1_ZN_A4_OAI21_X1_ZN_B1_AOI21_X1_ZN_B2_OR3_X1_ZN_A2_AND3_X1_ZN_A1_OR3_X1_ZN_A1_AND3_X1_ZN_A1_OR3_X1_ZN_A1_AND3_X1_ZN/ZN (AND3_X1)
                    0.0074    0.0000    0.4087 v acc_out[8]_DFF_X1_Q_D_AND3_X1_ZN_A2_OR3_X1_ZN_A1_AND3_X1_ZN_A1_OR3_X1_ZN_A1_AND3_X1_ZN_A1_OR3_X1_ZN_A1_AND4_X1_ZN_A1_OR3_X1_ZN_A1_AND4_X1_ZN_A4_OAI21_X1_ZN_B1_AOI21_X1_ZN_B2_OR3_X1_ZN_A2_AND3_X1_ZN_A1_OR3_X1_ZN_A1_AND3_X1_ZN_A1_OR3_X1_ZN/A1 (OR3_X1)
     3    3.8381    0.0158    0.0706    0.4793 v acc_out[8]_DFF_X1_Q_D_AND3_X1_ZN_A2_OR3_X1_ZN_A1_AND3_X1_ZN_A1_OR3_X1_ZN_A1_AND3_X1_ZN_A1_OR3_X1_ZN_A1_AND4_X1_ZN_A1_OR3_X1_ZN_A1_AND4_X1_ZN_A4_OAI21_X1_ZN_B1_AOI21_X1_ZN_B2_OR3_X1_ZN_A2_AND3_X1_ZN_A1_OR3_X1_ZN_A1_AND3_X1_ZN_A1_OR3_X1_ZN/ZN (OR3_X1)
                    0.0158    0.0000    0.4793 v acc_out[8]_DFF_X1_Q_D_AND3_X1_ZN_A2_OR3_X1_ZN_A1_AND3_X1_ZN_A1_OR3_X1_ZN_A1_AND3_X1_ZN_A1_OR3_X1_ZN_A1_AND4_X1_ZN_A1_OR3_X1_ZN_A1_AND4_X1_ZN_A4_OAI21_X1_ZN_B1_AOI21_X1_ZN_B2_OR3_X1_ZN_A2_AND3_X1_ZN_A1_OR3_X1_ZN_A1_AND3_X1_ZN/A1 (AND3_X1)
     2    2.3339    0.0074    0.0355    0.5148 v acc_out[8]_DFF_X1_Q_D_AND3_X1_ZN_A2_OR3_X1_ZN_A1_AND3_X1_ZN_A1_OR3_X1_ZN_A1_AND3_X1_ZN_A1_OR3_X1_ZN_A1_AND4_X1_ZN_A1_OR3_X1_ZN_A1_AND4_X1_ZN_A4_OAI21_X1_ZN_B1_AOI21_X1_ZN_B2_OR3_X1_ZN_A2_AND3_X1_ZN_A1_OR3_X1_ZN_A1_AND3_X1_ZN/ZN (AND3_X1)
                    0.0074    0.0000    0.5148 v acc_out[8]_DFF_X1_Q_D_AND3_X1_ZN_A2_OR3_X1_ZN_A1_AND3_X1_ZN_A1_OR3_X1_ZN_A1_AND3_X1_ZN_A1_OR3_X1_ZN_A1_AND4_X1_ZN_A1_OR3_X1_ZN_A1_AND4_X1_ZN_A4_OAI21_X1_ZN_B1_AOI21_X1_ZN_B2_OR3_X1_ZN_A2_AND3_X1_ZN_A1_OR3_X1_ZN/A1 (OR3_X1)
     2    2.2761    0.0139    0.0661    0.5809 v acc_out[8]_DFF_X1_Q_D_AND3_X1_ZN_A2_OR3_X1_ZN_A1_AND3_X1_ZN_A1_OR3_X1_ZN_A1_AND3_X1_ZN_A1_OR3_X1_ZN_A1_AND4_X1_ZN_A1_OR3_X1_ZN_A1_AND4_X1_ZN_A4_OAI21_X1_ZN_B1_AOI21_X1_ZN_B2_OR3_X1_ZN_A2_AND3_X1_ZN_A1_OR3_X1_ZN/ZN (OR3_X1)
                    0.0139    0.0000    0.5809 v acc_out[8]_DFF_X1_Q_D_AND3_X1_ZN_A2_OR3_X1_ZN_A1_AND3_X1_ZN_A1_OR3_X1_ZN_A1_AND3_X1_ZN_A1_OR3_X1_ZN_A1_AND4_X1_ZN_A1_OR3_X1_ZN_A1_AND4_X1_ZN_A4_OAI21_X1_ZN_B1_AOI21_X1_ZN_B2_OR3_X1_ZN_A2_AND3_X1_ZN/A1 (AND3_X1)
     3    3.8592    0.0089    0.0375    0.6184 v acc_out[8]_DFF_X1_Q_D_AND3_X1_ZN_A2_OR3_X1_ZN_A1_AND3_X1_ZN_A1_OR3_X1_ZN_A1_AND3_X1_ZN_A1_OR3_X1_ZN_A1_AND4_X1_ZN_A1_OR3_X1_ZN_A1_AND4_X1_ZN_A4_OAI21_X1_ZN_B1_AOI21_X1_ZN_B2_OR3_X1_ZN_A2_AND3_X1_ZN/ZN (AND3_X1)
                    0.0089    0.0000    0.6184 v acc_out[8]_DFF_X1_Q_D_AND3_X1_ZN_A2_OR3_X1_ZN_A1_AND3_X1_ZN_A1_OR3_X1_ZN_A1_AND3_X1_ZN_A1_OR3_X1_ZN_A1_AND4_X1_ZN_A1_OR3_X1_ZN_A1_AND4_X1_ZN_A4_OAI21_X1_ZN_B1_AOI21_X1_ZN_B2_OR3_X1_ZN/A2 (OR3_X1)
     3    3.7783    0.0158    0.0822    0.7006 v acc_out[8]_DFF_X1_Q_D_AND3_X1_ZN_A2_OR3_X1_ZN_A1_AND3_X1_ZN_A1_OR3_X1_ZN_A1_AND3_X1_ZN_A1_OR3_X1_ZN_A1_AND4_X1_ZN_A1_OR3_X1_ZN_A1_AND4_X1_ZN_A4_OAI21_X1_ZN_B1_AOI21_X1_ZN_B2_OR3_X1_ZN/ZN (OR3_X1)
                    0.0158    0.0000    0.7006 v acc_out[8]_DFF_X1_Q_D_AND3_X1_ZN_A2_OR3_X1_ZN_A1_AND3_X1_ZN_A1_OR3_X1_ZN_A1_AND3_X1_ZN_A1_OR3_X1_ZN_A1_AND4_X1_ZN_A1_OR3_X1_ZN_A1_AND4_X1_ZN_A4_OAI21_X1_ZN_B1_AOI21_X1_ZN_A_AND3_X1_A2/A1 (AND3_X1)
     6    9.0194    0.0138    0.0464    0.7470 v acc_out[8]_DFF_X1_Q_D_AND3_X1_ZN_A2_OR3_X1_ZN_A1_AND3_X1_ZN_A1_OR3_X1_ZN_A1_AND3_X1_ZN_A1_OR3_X1_ZN_A1_AND4_X1_ZN_A1_OR3_X1_ZN_A1_AND4_X1_ZN_A4_OAI21_X1_ZN_B1_AOI21_X1_ZN_A_AND3_X1_A2/ZN (AND3_X1)
                    0.0138    0.0000    0.7470 v acc_out[8]_DFF_X1_Q_D_AND3_X1_ZN_A2_OR3_X1_ZN_A1_AND3_X1_ZN_A1_OR3_X1_ZN_A1_AND3_X1_ZN_A1_OR3_X1_ZN_A1_AND4_X1_ZN_A1_OR3_X1_ZN_A1_AND4_X1_ZN_A4_OAI21_X1_ZN_A_OR3_X1_A2/A1 (OR3_X1)
     4    6.0248    0.0183    0.0779    0.8248 v acc_out[8]_DFF_X1_Q_D_AND3_X1_ZN_A2_OR3_X1_ZN_A1_AND3_X1_ZN_A1_OR3_X1_ZN_A1_AND3_X1_ZN_A1_OR3_X1_ZN_A1_AND4_X1_ZN_A1_OR3_X1_ZN_A1_AND4_X1_ZN_A4_OAI21_X1_ZN_A_OR3_X1_A2/ZN (OR3_X1)
                    0.0183    0.0000    0.8248 v acc_out[8]_DFF_X1_Q_D_AND3_X1_ZN_A2_OR3_X1_ZN_A1_AND3_X1_ZN_A1_OR3_X1_ZN_A1_AND3_X1_ZN_A1_OR3_X1_ZN_A1_AND4_X1_ZN_A1_OR3_X1_ZN_A3_AOI22_X1_ZN/B2 (AOI22_X1)
     3    4.1555    0.0361    0.0625    0.8873 ^ acc_out[8]_DFF_X1_Q_D_AND3_X1_ZN_A2_OR3_X1_ZN_A1_AND3_X1_ZN_A1_OR3_X1_ZN_A1_AND3_X1_ZN_A1_OR3_X1_ZN_A1_AND4_X1_ZN_A1_OR3_X1_ZN_A3_AOI22_X1_ZN/ZN (AOI22_X1)
                    0.0361    0.0000    0.8873 ^ acc_out[9]_DFF_X1_Q_D_NOR2_X1_ZN_A2_XNOR2_X1_ZN_B_XOR2_X1_Z_B_XNOR2_X1_ZN_A_XOR2_X1_Z_B_XNOR2_X1_ZN_B_XOR2_X1_Z_B_XNOR2_X1_ZN_B_OAI21_X1_ZN/B2 (OAI21_X1)
     2    3.7781    0.0173    0.0292    0.9166 v acc_out[9]_DFF_X1_Q_D_NOR2_X1_ZN_A2_XNOR2_X1_ZN_B_XOR2_X1_Z_B_XNOR2_X1_ZN_A_XOR2_X1_Z_B_XNOR2_X1_ZN_B_XOR2_X1_Z_B_XNOR2_X1_ZN_B_OAI21_X1_ZN/ZN (OAI21_X1)
                    0.0173    0.0000    0.9166 v acc_out[9]_DFF_X1_Q_D_NOR2_X1_ZN_A2_XNOR2_X1_ZN_B_XOR2_X1_Z_B_XNOR2_X1_ZN_A_XOR2_X1_Z_B_XNOR2_X1_ZN_B_XOR2_X1_Z_B_XNOR2_X1_ZN/B (XNOR2_X1)
     2    3.9753    0.0163    0.0476    0.9642 v acc_out[9]_DFF_X1_Q_D_NOR2_X1_ZN_A2_XNOR2_X1_ZN_B_XOR2_X1_Z_B_XNOR2_X1_ZN_A_XOR2_X1_Z_B_XNOR2_X1_ZN_B_XOR2_X1_Z_B_XNOR2_X1_ZN/ZN (XNOR2_X1)
                    0.0163    0.0000    0.9642 v acc_out[9]_DFF_X1_Q_D_NOR2_X1_ZN_A2_XNOR2_X1_ZN_B_XOR2_X1_Z_B_XNOR2_X1_ZN_A_XOR2_X1_Z_B_XNOR2_X1_ZN_B_XOR2_X1_Z/B (XOR2_X1)
     2    3.7781    0.0144    0.0620    1.0261 v acc_out[9]_DFF_X1_Q_D_NOR2_X1_ZN_A2_XNOR2_X1_ZN_B_XOR2_X1_Z_B_XNOR2_X1_ZN_A_XOR2_X1_Z_B_XNOR2_X1_ZN_B_XOR2_X1_Z/Z (XOR2_X1)
                    0.0144    0.0000    1.0261 v acc_out[10]_DFF_X1_Q_D_AOI21_X1_ZN_B2_XNOR2_X1_ZN_B_XOR2_X1_Z_A_XNOR2_X1_ZN_B_XNOR2_X1_ZN_B_AOI21_X1_ZN/B2 (AOI21_X1)
     2    4.1455    0.0330    0.0456    1.0717 ^ acc_out[10]_DFF_X1_Q_D_AOI21_X1_ZN_B2_XNOR2_X1_ZN_B_XOR2_X1_Z_A_XNOR2_X1_ZN_B_XNOR2_X1_ZN_B_AOI21_X1_ZN/ZN (AOI21_X1)
                    0.0330    0.0000    1.0717 ^ acc_out[10]_DFF_X1_Q_D_AOI21_X1_ZN_B2_XNOR2_X1_ZN_B_XOR2_X1_Z_A_XNOR2_X1_ZN_B_XNOR2_X1_ZN_B_OAI21_X1_B2/B2 (OAI21_X1)
     2    3.6281    0.0163    0.0279    1.0996 v acc_out[10]_DFF_X1_Q_D_AOI21_X1_ZN_B2_XNOR2_X1_ZN_B_XOR2_X1_Z_A_XNOR2_X1_ZN_B_XNOR2_X1_ZN_B_OAI21_X1_B2/ZN (OAI21_X1)
                    0.0163    0.0000    1.0996 v acc_out[11]_DFF_X1_Q_D_NOR2_X1_ZN_A2_XNOR2_X1_ZN_A_XOR2_X1_Z_B_XOR2_X1_Z_B_XOR2_X1_Z_B_XOR2_X1_Z/A (XOR2_X1)
     2    3.3056    0.0136    0.0561    1.1557 v acc_out[11]_DFF_X1_Q_D_NOR2_X1_ZN_A2_XNOR2_X1_ZN_A_XOR2_X1_Z_B_XOR2_X1_Z_B_XOR2_X1_Z_B_XOR2_X1_Z/Z (XOR2_X1)
                    0.0136    0.0000    1.1557 v acc_out[11]_DFF_X1_Q_D_NOR2_X1_ZN_A2_XNOR2_X1_ZN_A_XOR2_X1_Z_B_XOR2_X1_Z_B_XOR2_X1_Z/B (XOR2_X1)
     2    3.8214    0.0143    0.0609    1.2166 v acc_out[11]_DFF_X1_Q_D_NOR2_X1_ZN_A2_XNOR2_X1_ZN_A_XOR2_X1_Z_B_XOR2_X1_Z_B_XOR2_X1_Z/Z (XOR2_X1)
                    0.0143    0.0000    1.2166 v acc_out[12]_DFF_X1_Q_D_AOI21_X1_ZN_B2_XNOR2_X1_ZN_B_XOR2_X1_Z_B_AOI21_X1_ZN/B2 (AOI21_X1)
     2    3.9354    0.0320    0.0445    1.2611 ^ acc_out[12]_DFF_X1_Q_D_AOI21_X1_ZN_B2_XNOR2_X1_ZN_B_XOR2_X1_Z_B_AOI21_X1_ZN/ZN (AOI21_X1)
                    0.0320    0.0000    1.2611 ^ acc_out[12]_DFF_X1_Q_D_AOI21_X1_ZN_B2_XNOR2_X1_ZN_B_XOR2_X1_Z_A_OAI21_X1_B1/B2 (OAI21_X1)
     2    3.8214    0.0164    0.0281    1.2892 v acc_out[12]_DFF_X1_Q_D_AOI21_X1_ZN_B2_XNOR2_X1_ZN_B_XOR2_X1_Z_A_OAI21_X1_B1/ZN (OAI21_X1)
                    0.0164    0.0000    1.2892 v acc_out[13]_DFF_X1_Q_D_AND2_X1_ZN_A1_OR2_X1_ZN_A2_XOR2_X1_Z_B_XOR2_X1_Z/B (XOR2_X1)
     2    3.3056    0.0144    0.0612    1.3504 v acc_out[13]_DFF_X1_Q_D_AND2_X1_ZN_A1_OR2_X1_ZN_A2_XOR2_X1_Z_B_XOR2_X1_Z/Z (XOR2_X1)
                    0.0144    0.0000    1.3504 v acc_out[13]_DFF_X1_Q_D_AND2_X1_ZN_A1_OR2_X1_ZN_A2_XOR2_X1_Z/B (XOR2_X1)
     3    3.7153    0.0142    0.0611    1.4115 v acc_out[13]_DFF_X1_Q_D_AND2_X1_ZN_A1_OR2_X1_ZN_A2_XOR2_X1_Z/Z (XOR2_X1)
                    0.0142    0.0000    1.4115 v acc_out[14]_DFF_X1_Q_D_AOI21_X1_ZN_B2_AOI21_X1_ZN/B2 (AOI21_X1)
     3    5.0010    0.0370    0.0498    1.4613 ^ acc_out[14]_DFF_X1_Q_D_AOI21_X1_ZN_B2_AOI21_X1_ZN/ZN (AOI21_X1)
                    0.0370    0.0000    1.4613 ^ acc_out[14]_DFF_X1_Q_D_AOI21_X1_ZN_B2_OAI21_X1_B1/B1 (OAI21_X1)
     2    3.7781    0.0166    0.0261    1.4874 v acc_out[14]_DFF_X1_Q_D_AOI21_X1_ZN_B2_OAI21_X1_B1/ZN (OAI21_X1)
                    0.0166    0.0000    1.4874 v acc_out[16]_DFF_X1_Q_D_AOI21_X1_ZN_B1_AOI21_X1_ZN/B2 (AOI21_X1)
     3    4.7908    0.0360    0.0497    1.5371 ^ acc_out[16]_DFF_X1_Q_D_AOI21_X1_ZN_B1_AOI21_X1_ZN/ZN (AOI21_X1)
                    0.0360    0.0000    1.5371 ^ acc_out[16]_DFF_X1_Q_D_AOI21_X1_ZN_B2_OAI21_X1_B1/B2 (OAI21_X1)
     3    3.7347    0.0172    0.0291    1.5662 v acc_out[16]_DFF_X1_Q_D_AOI21_X1_ZN_B2_OAI21_X1_B1/ZN (OAI21_X1)
                    0.0172    0.0000    1.5662 v acc_out[18]_DFF_X1_Q_D_AOI21_X1_ZN_B1_AOI21_X1_ZN/B1 (AOI21_X1)
     3    4.7908    0.0360    0.0450    1.6112 ^ acc_out[18]_DFF_X1_Q_D_AOI21_X1_ZN_B1_AOI21_X1_ZN/ZN (AOI21_X1)
                    0.0360    0.0000    1.6112 ^ acc_out[18]_DFF_X1_Q_D_AOI21_X1_ZN_B2_OAI21_X1_B1/B2 (OAI21_X1)
     2    3.5727    0.0170    0.0286    1.6399 v acc_out[18]_DFF_X1_Q_D_AOI21_X1_ZN_B2_OAI21_X1_B1/ZN (OAI21_X1)
                    0.0170    0.0000    1.6399 v acc_out[20]_DFF_X1_Q_D_AOI21_X1_ZN_B1_AOI21_X1_ZN/B1 (AOI21_X1)
     3    4.7908    0.0360    0.0450    1.6848 ^ acc_out[20]_DFF_X1_Q_D_AOI21_X1_ZN_B1_AOI21_X1_ZN/ZN (AOI21_X1)
                    0.0360    0.0000    1.6848 ^ acc_out[20]_DFF_X1_Q_D_AOI21_X1_ZN_B2_OAI21_X1_B1/B2 (OAI21_X1)
     3    3.7347    0.0172    0.0291    1.7139 v acc_out[20]_DFF_X1_Q_D_AOI21_X1_ZN_B2_OAI21_X1_B1/ZN (OAI21_X1)
                    0.0172    0.0000    1.7139 v acc_out[22]_DFF_X1_Q_D_AOI21_X1_ZN_B1_AOI21_X1_ZN/B1 (AOI21_X1)
     3    4.7908    0.0360    0.0450    1.7589 ^ acc_out[22]_DFF_X1_Q_D_AOI21_X1_ZN_B1_AOI21_X1_ZN/ZN (AOI21_X1)
                    0.0360    0.0000    1.7589 ^ acc_out[22]_DFF_X1_Q_D_AOI21_X1_ZN_B2_OAI21_X1_B1/B2 (OAI21_X1)
     2    3.5727    0.0170    0.0286    1.7876 v acc_out[22]_DFF_X1_Q_D_AOI21_X1_ZN_B2_OAI21_X1_B1/ZN (OAI21_X1)
                    0.0170    0.0000    1.7876 v acc_out[24]_DFF_X1_Q_D_AOI21_X1_ZN_B1_AOI21_X1_ZN/B1 (AOI21_X1)
     3    4.7908    0.0360    0.0450    1.8325 ^ acc_out[24]_DFF_X1_Q_D_AOI21_X1_ZN_B1_AOI21_X1_ZN/ZN (AOI21_X1)
                    0.0360    0.0000    1.8325 ^ acc_out[24]_DFF_X1_Q_D_AOI21_X1_ZN_A_OAI21_X1_ZN/B2 (OAI21_X1)
     1    1.5353    0.0139    0.0225    1.8550 v acc_out[24]_DFF_X1_Q_D_AOI21_X1_ZN_A_OAI21_X1_ZN/ZN (OAI21_X1)
                    0.0139    0.0000    1.8550 v acc_out[24]_DFF_X1_Q_D_AOI21_X1_ZN/A (AOI21_X1)
     1    1.1403    0.0189    0.0385    1.8935 ^ acc_out[24]_DFF_X1_Q_D_AOI21_X1_ZN/ZN (AOI21_X1)
                    0.0189    0.0000    1.8935 ^ acc_out[24]_DFF_X1_Q/D (DFF_X1)
                                        1.8935   data arrival time

                    0.0500    2.0000    2.0000   clock clk (rise edge)
                              0.0000    2.0000   clock network delay (ideal)
                             -0.0500    1.9500   clock uncertainty
                              0.0000    1.9500   clock reconvergence pessimism
                                        1.9500 ^ acc_out[24]_DFF_X1_Q/CK (DFF_X1)
                             -0.0289    1.9211   library setup time
                                        1.9211   data required time
-------------------------------------------------------------------------------------
                                        1.9211   data required time
                                       -1.8935   data arrival time
-------------------------------------------------------------------------------------
                                        0.0276   slack (MET)


Startpoint: b1[0]_AND2_X1_A2_ZN_DFF_X1_D
            (rising edge-triggered flip-flop clocked by clk)
Endpoint: acc_out[23]_DFF_X1_Q (rising edge-triggered flip-flop clocked by clk)
Path Group: clk
Path Type: max

Fanout       Cap      Slew     Delay      Time   Description
-------------------------------------------------------------------------------------
                    0.0500    0.0000    0.0000   clock clk (rise edge)
                              0.0000    0.0000   clock network delay (ideal)
                    0.0500    0.0000    0.0000 ^ b1[0]_AND2_X1_A2_ZN_DFF_X1_D/CK (DFF_X1)
    42   57.0488    0.1329    0.2293    0.2293 ^ b1[0]_AND2_X1_A2_ZN_DFF_X1_D/Q (DFF_X1)
                    0.1329    0.0000    0.2293 ^ acc_out[8]_DFF_X1_Q_D_AND3_X1_ZN_A2_OR3_X1_ZN_A1_AND3_X1_ZN_A1_OR3_X1_ZN_A1_AND3_X1_ZN_A1_OR3_X1_ZN_A1_AND4_X1_ZN_A1_OR3_X1_ZN_A1_AND4_X1_ZN_A4_OAI21_X1_ZN_B1_AOI21_X1_ZN_B2_OR3_X1_ZN_A2_AND3_X1_ZN_A1_OR3_X1_ZN_A1_AND3_X1_ZN_A1_OR3_X1_ZN_A1_AND3_X1_ZN_A1_OR3_X1_ZN_A3_AOI22_X1_ZN/B1 (AOI22_X1)
     3    3.9140    0.0405    0.0468    0.2761 v acc_out[8]_DFF_X1_Q_D_AND3_X1_ZN_A2_OR3_X1_ZN_A1_AND3_X1_ZN_A1_OR3_X1_ZN_A1_AND3_X1_ZN_A1_OR3_X1_ZN_A1_AND4_X1_ZN_A1_OR3_X1_ZN_A1_AND4_X1_ZN_A4_OAI21_X1_ZN_B1_AOI21_X1_ZN_B2_OR3_X1_ZN_A2_AND3_X1_ZN_A1_OR3_X1_ZN_A1_AND3_X1_ZN_A1_OR3_X1_ZN_A1_AND3_X1_ZN_A1_OR3_X1_ZN_A3_AOI22_X1_ZN/ZN (AOI22_X1)
                    0.0405    0.0000    0.2761 v acc_out[8]_DFF_X1_Q_D_AND3_X1_ZN_A2_OR3_X1_ZN_A1_AND3_X1_ZN_A1_OR3_X1_ZN_A1_AND3_X1_ZN_A1_OR3_X1_ZN_A1_AND4_X1_ZN_A1_OR3_X1_ZN_A1_AND4_X1_ZN_A4_OAI21_X1_ZN_B1_AOI21_X1_ZN_B2_OR3_X1_ZN_A2_AND3_X1_ZN_A1_OR3_X1_ZN_A1_AND3_X1_ZN_A1_OR3_X1_ZN_A1_AND3_X1_ZN_A1_OR3_X1_ZN/A3 (OR3_X1)
     3    3.8381    0.0158    0.0971    0.3732 v acc_out[8]_DFF_X1_Q_D_AND3_X1_ZN_A2_OR3_X1_ZN_A1_AND3_X1_ZN_A1_OR3_X1_ZN_A1_AND3_X1_ZN_A1_OR3_X1_ZN_A1_AND4_X1_ZN_A1_OR3_X1_ZN_A1_AND4_X1_ZN_A4_OAI21_X1_ZN_B1_AOI21_X1_ZN_B2_OR3_X1_ZN_A2_AND3_X1_ZN_A1_OR3_X1_ZN_A1_AND3_X1_ZN_A1_OR3_X1_ZN_A1_AND3_X1_ZN_A1_OR3_X1_ZN/ZN (OR3_X1)
                    0.0158    0.0000    0.3732 v acc_out[8]_DFF_X1_Q_D_AND3_X1_ZN_A2_OR3_X1_ZN_A1_AND3_X1_ZN_A1_OR3_X1_ZN_A1_AND3_X1_ZN_A1_OR3_X1_ZN_A1_AND4_X1_ZN_A1_OR3_X1_ZN_A1_AND4_X1_ZN_A4_OAI21_X1_ZN_B1_AOI21_X1_ZN_B2_OR3_X1_ZN_A2_AND3_X1_ZN_A1_OR3_X1_ZN_A1_AND3_X1_ZN_A1_OR3_X1_ZN_A1_AND3_X1_ZN/A1 (AND3_X1)
     2    2.3339    0.0074    0.0355    0.4087 v acc_out[8]_DFF_X1_Q_D_AND3_X1_ZN_A2_OR3_X1_ZN_A1_AND3_X1_ZN_A1_OR3_X1_ZN_A1_AND3_X1_ZN_A1_OR3_X1_ZN_A1_AND4_X1_ZN_A1_OR3_X1_ZN_A1_AND4_X1_ZN_A4_OAI21_X1_ZN_B1_AOI21_X1_ZN_B2_OR3_X1_ZN_A2_AND3_X1_ZN_A1_OR3_X1_ZN_A1_AND3_X1_ZN_A1_OR3_X1_ZN_A1_AND3_X1_ZN/ZN (AND3_X1)
                    0.0074    0.0000    0.4087 v acc_out[8]_DFF_X1_Q_D_AND3_X1_ZN_A2_OR3_X1_ZN_A1_AND3_X1_ZN_A1_OR3_X1_ZN_A1_AND3_X1_ZN_A1_OR3_X1_ZN_A1_AND4_X1_ZN_A1_OR3_X1_ZN_A1_AND4_X1_ZN_A4_OAI21_X1_ZN_B1_AOI21_X1_ZN_B2_OR3_X1_ZN_A2_AND3_X1_ZN_A1_OR3_X1_ZN_A1_AND3_X1_ZN_A1_OR3_X1_ZN/A1 (OR3_X1)
     3    3.8381    0.0158    0.0706    0.4793 v acc_out[8]_DFF_X1_Q_D_AND3_X1_ZN_A2_OR3_X1_ZN_A1_AND3_X1_ZN_A1_OR3_X1_ZN_A1_AND3_X1_ZN_A1_OR3_X1_ZN_A1_AND4_X1_ZN_A1_OR3_X1_ZN_A1_AND4_X1_ZN_A4_OAI21_X1_ZN_B1_AOI21_X1_ZN_B2_OR3_X1_ZN_A2_AND3_X1_ZN_A1_OR3_X1_ZN_A1_AND3_X1_ZN_A1_OR3_X1_ZN/ZN (OR3_X1)
                    0.0158    0.0000    0.4793 v acc_out[8]_DFF_X1_Q_D_AND3_X1_ZN_A2_OR3_X1_ZN_A1_AND3_X1_ZN_A1_OR3_X1_ZN_A1_AND3_X1_ZN_A1_OR3_X1_ZN_A1_AND4_X1_ZN_A1_OR3_X1_ZN_A1_AND4_X1_ZN_A4_OAI21_X1_ZN_B1_AOI21_X1_ZN_B2_OR3_X1_ZN_A2_AND3_X1_ZN_A1_OR3_X1_ZN_A1_AND3_X1_ZN/A1 (AND3_X1)
     2    2.3339    0.0074    0.0355    0.5148 v acc_out[8]_DFF_X1_Q_D_AND3_X1_ZN_A2_OR3_X1_ZN_A1_AND3_X1_ZN_A1_OR3_X1_ZN_A1_AND3_X1_ZN_A1_OR3_X1_ZN_A1_AND4_X1_ZN_A1_OR3_X1_ZN_A1_AND4_X1_ZN_A4_OAI21_X1_ZN_B1_AOI21_X1_ZN_B2_OR3_X1_ZN_A2_AND3_X1_ZN_A1_OR3_X1_ZN_A1_AND3_X1_ZN/ZN (AND3_X1)
                    0.0074    0.0000    0.5148 v acc_out[8]_DFF_X1_Q_D_AND3_X1_ZN_A2_OR3_X1_ZN_A1_AND3_X1_ZN_A1_OR3_X1_ZN_A1_AND3_X1_ZN_A1_OR3_X1_ZN_A1_AND4_X1_ZN_A1_OR3_X1_ZN_A1_AND4_X1_ZN_A4_OAI21_X1_ZN_B1_AOI21_X1_ZN_B2_OR3_X1_ZN_A2_AND3_X1_ZN_A1_OR3_X1_ZN/A1 (OR3_X1)
     2    2.2761    0.0139    0.0661    0.5809 v acc_out[8]_DFF_X1_Q_D_AND3_X1_ZN_A2_OR3_X1_ZN_A1_AND3_X1_ZN_A1_OR3_X1_ZN_A1_AND3_X1_ZN_A1_OR3_X1_ZN_A1_AND4_X1_ZN_A1_OR3_X1_ZN_A1_AND4_X1_ZN_A4_OAI21_X1_ZN_B1_AOI21_X1_ZN_B2_OR3_X1_ZN_A2_AND3_X1_ZN_A1_OR3_X1_ZN/ZN (OR3_X1)
                    0.0139    0.0000    0.5809 v acc_out[8]_DFF_X1_Q_D_AND3_X1_ZN_A2_OR3_X1_ZN_A1_AND3_X1_ZN_A1_OR3_X1_ZN_A1_AND3_X1_ZN_A1_OR3_X1_ZN_A1_AND4_X1_ZN_A1_OR3_X1_ZN_A1_AND4_X1_ZN_A4_OAI21_X1_ZN_B1_AOI21_X1_ZN_B2_OR3_X1_ZN_A2_AND3_X1_ZN/A1 (AND3_X1)
     3    3.8592    0.0089    0.0375    0.6184 v acc_out[8]_DFF_X1_Q_D_AND3_X1_ZN_A2_OR3_X1_ZN_A1_AND3_X1_ZN_A1_OR3_X1_ZN_A1_AND3_X1_ZN_A1_OR3_X1_ZN_A1_AND4_X1_ZN_A1_OR3_X1_ZN_A1_AND4_X1_ZN_A4_OAI21_X1_ZN_B1_AOI21_X1_ZN_B2_OR3_X1_ZN_A2_AND3_X1_ZN/ZN (AND3_X1)
                    0.0089    0.0000    0.6184 v acc_out[8]_DFF_X1_Q_D_AND3_X1_ZN_A2_OR3_X1_ZN_A1_AND3_X1_ZN_A1_OR3_X1_ZN_A1_AND3_X1_ZN_A1_OR3_X1_ZN_A1_AND4_X1_ZN_A1_OR3_X1_ZN_A1_AND4_X1_ZN_A4_OAI21_X1_ZN_B1_AOI21_X1_ZN_B2_OR3_X1_ZN/A2 (OR3_X1)
     3    3.7783    0.0158    0.0822    0.7006 v acc_out[8]_DFF_X1_Q_D_AND3_X1_ZN_A2_OR3_X1_ZN_A1_AND3_X1_ZN_A1_OR3_X1_ZN_A1_AND3_X1_ZN_A1_OR3_X1_ZN_A1_AND4_X1_ZN_A1_OR3_X1_ZN_A1_AND4_X1_ZN_A4_OAI21_X1_ZN_B1_AOI21_X1_ZN_B2_OR3_X1_ZN/ZN (OR3_X1)
                    0.0158    0.0000    0.7006 v acc_out[8]_DFF_X1_Q_D_AND3_X1_ZN_A2_OR3_X1_ZN_A1_AND3_X1_ZN_A1_OR3_X1_ZN_A1_AND3_X1_ZN_A1_OR3_X1_ZN_A1_AND4_X1_ZN_A1_OR3_X1_ZN_A1_AND4_X1_ZN_A4_OAI21_X1_ZN_B1_AOI21_X1_ZN_A_AND3_X1_A2/A1 (AND3_X1)
     6    9.0194    0.0138    0.0464    0.7470 v acc_out[8]_DFF_X1_Q_D_AND3_X1_ZN_A2_OR3_X1_ZN_A1_AND3_X1_ZN_A1_OR3_X1_ZN_A1_AND3_X1_ZN_A1_OR3_X1_ZN_A1_AND4_X1_ZN_A1_OR3_X1_ZN_A1_AND4_X1_ZN_A4_OAI21_X1_ZN_B1_AOI21_X1_ZN_A_AND3_X1_A2/ZN (AND3_X1)
                    0.0138    0.0000    0.7470 v acc_out[8]_DFF_X1_Q_D_AND3_X1_ZN_A2_OR3_X1_ZN_A1_AND3_X1_ZN_A1_OR3_X1_ZN_A1_AND3_X1_ZN_A1_OR3_X1_ZN_A1_AND4_X1_ZN_A1_OR3_X1_ZN_A1_AND4_X1_ZN_A4_OAI21_X1_ZN_A_OR3_X1_A2/A1 (OR3_X1)
     4    6.0248    0.0183    0.0779    0.8248 v acc_out[8]_DFF_X1_Q_D_AND3_X1_ZN_A2_OR3_X1_ZN_A1_AND3_X1_ZN_A1_OR3_X1_ZN_A1_AND3_X1_ZN_A1_OR3_X1_ZN_A1_AND4_X1_ZN_A1_OR3_X1_ZN_A1_AND4_X1_ZN_A4_OAI21_X1_ZN_A_OR3_X1_A2/ZN (OR3_X1)
                    0.0183    0.0000    0.8248 v acc_out[8]_DFF_X1_Q_D_AND3_X1_ZN_A2_OR3_X1_ZN_A1_AND3_X1_ZN_A1_OR3_X1_ZN_A1_AND3_X1_ZN_A1_OR3_X1_ZN_A1_AND4_X1_ZN_A1_OR3_X1_ZN_A3_AOI22_X1_ZN/B2 (AOI22_X1)
     3    4.1555    0.0361    0.0625    0.8873 ^ acc_out[8]_DFF_X1_Q_D_AND3_X1_ZN_A2_OR3_X1_ZN_A1_AND3_X1_ZN_A1_OR3_X1_ZN_A1_AND3_X1_ZN_A1_OR3_X1_ZN_A1_AND4_X1_ZN_A1_OR3_X1_ZN_A3_AOI22_X1_ZN/ZN (AOI22_X1)
                    0.0361    0.0000    0.8873 ^ acc_out[9]_DFF_X1_Q_D_NOR2_X1_ZN_A2_XNOR2_X1_ZN_B_XOR2_X1_Z_B_XNOR2_X1_ZN_A_XOR2_X1_Z_B_XNOR2_X1_ZN_B_XOR2_X1_Z_B_XNOR2_X1_ZN_B_OAI21_X1_ZN/B2 (OAI21_X1)
     2    3.7781    0.0173    0.0292    0.9166 v acc_out[9]_DFF_X1_Q_D_NOR2_X1_ZN_A2_XNOR2_X1_ZN_B_XOR2_X1_Z_B_XNOR2_X1_ZN_A_XOR2_X1_Z_B_XNOR2_X1_ZN_B_XOR2_X1_Z_B_XNOR2_X1_ZN_B_OAI21_X1_ZN/ZN (OAI21_X1)
                    0.0173    0.0000    0.9166 v acc_out[9]_DFF_X1_Q_D_NOR2_X1_ZN_A2_XNOR2_X1_ZN_B_XOR2_X1_Z_B_XNOR2_X1_ZN_A_XOR2_X1_Z_B_XNOR2_X1_ZN_B_XOR2_X1_Z_B_XNOR2_X1_ZN/B (XNOR2_X1)
     2    3.9753    0.0163    0.0476    0.9642 v acc_out[9]_DFF_X1_Q_D_NOR2_X1_ZN_A2_XNOR2_X1_ZN_B_XOR2_X1_Z_B_XNOR2_X1_ZN_A_XOR2_X1_Z_B_XNOR2_X1_ZN_B_XOR2_X1_Z_B_XNOR2_X1_ZN/ZN (XNOR2_X1)
                    0.0163    0.0000    0.9642 v acc_out[9]_DFF_X1_Q_D_NOR2_X1_ZN_A2_XNOR2_X1_ZN_B_XOR2_X1_Z_B_XNOR2_X1_ZN_A_XOR2_X1_Z_B_XNOR2_X1_ZN_B_XOR2_X1_Z/B (XOR2_X1)
     2    3.7781    0.0144    0.0620    1.0261 v acc_out[9]_DFF_X1_Q_D_NOR2_X1_ZN_A2_XNOR2_X1_ZN_B_XOR2_X1_Z_B_XNOR2_X1_ZN_A_XOR2_X1_Z_B_XNOR2_X1_ZN_B_XOR2_X1_Z/Z (XOR2_X1)
                    0.0144    0.0000    1.0261 v acc_out[10]_DFF_X1_Q_D_AOI21_X1_ZN_B2_XNOR2_X1_ZN_B_XOR2_X1_Z_A_XNOR2_X1_ZN_B_XNOR2_X1_ZN_B_AOI21_X1_ZN/B2 (AOI21_X1)
     2    4.1455    0.0330    0.0456    1.0717 ^ acc_out[10]_DFF_X1_Q_D_AOI21_X1_ZN_B2_XNOR2_X1_ZN_B_XOR2_X1_Z_A_XNOR2_X1_ZN_B_XNOR2_X1_ZN_B_AOI21_X1_ZN/ZN (AOI21_X1)
                    0.0330    0.0000    1.0717 ^ acc_out[10]_DFF_X1_Q_D_AOI21_X1_ZN_B2_XNOR2_X1_ZN_B_XOR2_X1_Z_A_XNOR2_X1_ZN_B_XNOR2_X1_ZN_B_OAI21_X1_B2/B2 (OAI21_X1)
     2    3.6281    0.0163    0.0279    1.0996 v acc_out[10]_DFF_X1_Q_D_AOI21_X1_ZN_B2_XNOR2_X1_ZN_B_XOR2_X1_Z_A_XNOR2_X1_ZN_B_XNOR2_X1_ZN_B_OAI21_X1_B2/ZN (OAI21_X1)
                    0.0163    0.0000    1.0996 v acc_out[11]_DFF_X1_Q_D_NOR2_X1_ZN_A2_XNOR2_X1_ZN_A_XOR2_X1_Z_B_XOR2_X1_Z_B_XOR2_X1_Z_B_XOR2_X1_Z/A (XOR2_X1)
     2    3.3056    0.0136    0.0561    1.1557 v acc_out[11]_DFF_X1_Q_D_NOR2_X1_ZN_A2_XNOR2_X1_ZN_A_XOR2_X1_Z_B_XOR2_X1_Z_B_XOR2_X1_Z_B_XOR2_X1_Z/Z (XOR2_X1)
                    0.0136    0.0000    1.1557 v acc_out[11]_DFF_X1_Q_D_NOR2_X1_ZN_A2_XNOR2_X1_ZN_A_XOR2_X1_Z_B_XOR2_X1_Z_B_XOR2_X1_Z/B (XOR2_X1)
     2    3.8214    0.0143    0.0609    1.2166 v acc_out[11]_DFF_X1_Q_D_NOR2_X1_ZN_A2_XNOR2_X1_ZN_A_XOR2_X1_Z_B_XOR2_X1_Z_B_XOR2_X1_Z/Z (XOR2_X1)
                    0.0143    0.0000    1.2166 v acc_out[12]_DFF_X1_Q_D_AOI21_X1_ZN_B2_XNOR2_X1_ZN_B_XOR2_X1_Z_B_AOI21_X1_ZN/B2 (AOI21_X1)
     2    3.9354    0.0320    0.0445    1.2611 ^ acc_out[12]_DFF_X1_Q_D_AOI21_X1_ZN_B2_XNOR2_X1_ZN_B_XOR2_X1_Z_B_AOI21_X1_ZN/ZN (AOI21_X1)
                    0.0320    0.0000    1.2611 ^ acc_out[12]_DFF_X1_Q_D_AOI21_X1_ZN_B2_XNOR2_X1_ZN_B_XOR2_X1_Z_A_OAI21_X1_B1/B2 (OAI21_X1)
     2    3.8214    0.0164    0.0281    1.2892 v acc_out[12]_DFF_X1_Q_D_AOI21_X1_ZN_B2_XNOR2_X1_ZN_B_XOR2_X1_Z_A_OAI21_X1_B1/ZN (OAI21_X1)
                    0.0164    0.0000    1.2892 v acc_out[13]_DFF_X1_Q_D_AND2_X1_ZN_A1_OR2_X1_ZN_A2_XOR2_X1_Z_B_XOR2_X1_Z/B (XOR2_X1)
     2    3.3056    0.0144    0.0612    1.3504 v acc_out[13]_DFF_X1_Q_D_AND2_X1_ZN_A1_OR2_X1_ZN_A2_XOR2_X1_Z_B_XOR2_X1_Z/Z (XOR2_X1)
                    0.0144    0.0000    1.3504 v acc_out[13]_DFF_X1_Q_D_AND2_X1_ZN_A1_OR2_X1_ZN_A2_XOR2_X1_Z/B (XOR2_X1)
     3    3.7153    0.0142    0.0611    1.4115 v acc_out[13]_DFF_X1_Q_D_AND2_X1_ZN_A1_OR2_X1_ZN_A2_XOR2_X1_Z/Z (XOR2_X1)
                    0.0142    0.0000    1.4115 v acc_out[14]_DFF_X1_Q_D_AOI21_X1_ZN_B2_AOI21_X1_ZN/B2 (AOI21_X1)
     3    5.0010    0.0370    0.0498    1.4613 ^ acc_out[14]_DFF_X1_Q_D_AOI21_X1_ZN_B2_AOI21_X1_ZN/ZN (AOI21_X1)
                    0.0370    0.0000    1.4613 ^ acc_out[14]_DFF_X1_Q_D_AOI21_X1_ZN_B2_OAI21_X1_B1/B1 (OAI21_X1)
     2    3.7781    0.0166    0.0261    1.4874 v acc_out[14]_DFF_X1_Q_D_AOI21_X1_ZN_B2_OAI21_X1_B1/ZN (OAI21_X1)
                    0.0166    0.0000    1.4874 v acc_out[16]_DFF_X1_Q_D_AOI21_X1_ZN_B1_AOI21_X1_ZN/B2 (AOI21_X1)
     3    4.7908    0.0360    0.0497    1.5371 ^ acc_out[16]_DFF_X1_Q_D_AOI21_X1_ZN_B1_AOI21_X1_ZN/ZN (AOI21_X1)
                    0.0360    0.0000    1.5371 ^ acc_out[16]_DFF_X1_Q_D_AOI21_X1_ZN_B2_OAI21_X1_B1/B2 (OAI21_X1)
     3    3.7347    0.0172    0.0291    1.5662 v acc_out[16]_DFF_X1_Q_D_AOI21_X1_ZN_B2_OAI21_X1_B1/ZN (OAI21_X1)
                    0.0172    0.0000    1.5662 v acc_out[18]_DFF_X1_Q_D_AOI21_X1_ZN_B1_AOI21_X1_ZN/B1 (AOI21_X1)
     3    4.7908    0.0360    0.0450    1.6112 ^ acc_out[18]_DFF_X1_Q_D_AOI21_X1_ZN_B1_AOI21_X1_ZN/ZN (AOI21_X1)
                    0.0360    0.0000    1.6112 ^ acc_out[18]_DFF_X1_Q_D_AOI21_X1_ZN_B2_OAI21_X1_B1/B2 (OAI21_X1)
     2    3.5727    0.0170    0.0286    1.6399 v acc_out[18]_DFF_X1_Q_D_AOI21_X1_ZN_B2_OAI21_X1_B1/ZN (OAI21_X1)
                    0.0170    0.0000    1.6399 v acc_out[20]_DFF_X1_Q_D_AOI21_X1_ZN_B1_AOI21_X1_ZN/B1 (AOI21_X1)
     3    4.7908    0.0360    0.0450    1.6848 ^ acc_out[20]_DFF_X1_Q_D_AOI21_X1_ZN_B1_AOI21_X1_ZN/ZN (AOI21_X1)
                    0.0360    0.0000    1.6848 ^ acc_out[20]_DFF_X1_Q_D_AOI21_X1_ZN_B2_OAI21_X1_B1/B2 (OAI21_X1)
     3    3.7347    0.0172    0.0291    1.7139 v acc_out[20]_DFF_X1_Q_D_AOI21_X1_ZN_B2_OAI21_X1_B1/ZN (OAI21_X1)
                    0.0172    0.0000    1.7139 v acc_out[22]_DFF_X1_Q_D_AOI21_X1_ZN_B1_AOI21_X1_ZN/B1 (AOI21_X1)
     3    4.7908    0.0360    0.0450    1.7589 ^ acc_out[22]_DFF_X1_Q_D_AOI21_X1_ZN_B1_AOI21_X1_ZN/ZN (AOI21_X1)
                    0.0360    0.0000    1.7589 ^ acc_out[22]_DFF_X1_Q_D_AOI21_X1_ZN_B2_OAI21_X1_B1/B2 (OAI21_X1)
     2    3.5727    0.0170    0.0286    1.7876 v acc_out[22]_DFF_X1_Q_D_AOI21_X1_ZN_B2_OAI21_X1_B1/ZN (OAI21_X1)
                    0.0170    0.0000    1.7876 v acc_out[23]_DFF_X1_Q_D_NOR2_X1_ZN_A2_XNOR2_X1_ZN/A (XNOR2_X1)
     1    1.5638    0.0135    0.0410    1.8286 v acc_out[23]_DFF_X1_Q_D_NOR2_X1_ZN_A2_XNOR2_X1_ZN/ZN (XNOR2_X1)
                    0.0135    0.0000    1.8286 v acc_out[23]_DFF_X1_Q_D_NOR2_X1_ZN/A2 (NOR2_X1)
     1    1.1403    0.0177    0.0271    1.8557 ^ acc_out[23]_DFF_X1_Q_D_NOR2_X1_ZN/ZN (NOR2_X1)
                    0.0177    0.0000    1.8557 ^ acc_out[23]_DFF_X1_Q/D (DFF_X1)
                                        1.8557   data arrival time

                    0.0500    2.0000    2.0000   clock clk (rise edge)
                              0.0000    2.0000   clock network delay (ideal)
                             -0.0500    1.9500   clock uncertainty
                              0.0000    1.9500   clock reconvergence pessimism
                                        1.9500 ^ acc_out[23]_DFF_X1_Q/CK (DFF_X1)
                             -0.0287    1.9213   library setup time
                                        1.9213   data required time
-------------------------------------------------------------------------------------
                                        1.9213   data required time
                                       -1.8557   data arrival time
-------------------------------------------------------------------------------------
                                        0.0656   slack (MET)


Startpoint: b1[0]_AND2_X1_A2_ZN_DFF_X1_D
            (rising edge-triggered flip-flop clocked by clk)
Endpoint: acc_out[22]_DFF_X1_Q (rising edge-triggered flip-flop clocked by clk)
Path Group: clk
Path Type: max

Fanout       Cap      Slew     Delay      Time   Description
-------------------------------------------------------------------------------------
                    0.0500    0.0000    0.0000   clock clk (rise edge)
                              0.0000    0.0000   clock network delay (ideal)
                    0.0500    0.0000    0.0000 ^ b1[0]_AND2_X1_A2_ZN_DFF_X1_D/CK (DFF_X1)
    42   57.0488    0.1329    0.2293    0.2293 ^ b1[0]_AND2_X1_A2_ZN_DFF_X1_D/Q (DFF_X1)
                    0.1329    0.0000    0.2293 ^ acc_out[8]_DFF_X1_Q_D_AND3_X1_ZN_A2_OR3_X1_ZN_A1_AND3_X1_ZN_A1_OR3_X1_ZN_A1_AND3_X1_ZN_A1_OR3_X1_ZN_A1_AND4_X1_ZN_A1_OR3_X1_ZN_A1_AND4_X1_ZN_A4_OAI21_X1_ZN_B1_AOI21_X1_ZN_B2_OR3_X1_ZN_A2_AND3_X1_ZN_A1_OR3_X1_ZN_A1_AND3_X1_ZN_A1_OR3_X1_ZN_A1_AND3_X1_ZN_A1_OR3_X1_ZN_A3_AOI22_X1_ZN/B1 (AOI22_X1)
     3    3.9140    0.0405    0.0468    0.2761 v acc_out[8]_DFF_X1_Q_D_AND3_X1_ZN_A2_OR3_X1_ZN_A1_AND3_X1_ZN_A1_OR3_X1_ZN_A1_AND3_X1_ZN_A1_OR3_X1_ZN_A1_AND4_X1_ZN_A1_OR3_X1_ZN_A1_AND4_X1_ZN_A4_OAI21_X1_ZN_B1_AOI21_X1_ZN_B2_OR3_X1_ZN_A2_AND3_X1_ZN_A1_OR3_X1_ZN_A1_AND3_X1_ZN_A1_OR3_X1_ZN_A1_AND3_X1_ZN_A1_OR3_X1_ZN_A3_AOI22_X1_ZN/ZN (AOI22_X1)
                    0.0405    0.0000    0.2761 v acc_out[8]_DFF_X1_Q_D_AND3_X1_ZN_A2_OR3_X1_ZN_A1_AND3_X1_ZN_A1_OR3_X1_ZN_A1_AND3_X1_ZN_A1_OR3_X1_ZN_A1_AND4_X1_ZN_A1_OR3_X1_ZN_A1_AND4_X1_ZN_A4_OAI21_X1_ZN_B1_AOI21_X1_ZN_B2_OR3_X1_ZN_A2_AND3_X1_ZN_A1_OR3_X1_ZN_A1_AND3_X1_ZN_A1_OR3_X1_ZN_A1_AND3_X1_ZN_A1_OR3_X1_ZN/A3 (OR3_X1)
     3    3.8381    0.0158    0.0971    0.3732 v acc_out[8]_DFF_X1_Q_D_AND3_X1_ZN_A2_OR3_X1_ZN_A1_AND3_X1_ZN_A1_OR3_X1_ZN_A1_AND3_X1_ZN_A1_OR3_X1_ZN_A1_AND4_X1_ZN_A1_OR3_X1_ZN_A1_AND4_X1_ZN_A4_OAI21_X1_ZN_B1_AOI21_X1_ZN_B2_OR3_X1_ZN_A2_AND3_X1_ZN_A1_OR3_X1_ZN_A1_AND3_X1_ZN_A1_OR3_X1_ZN_A1_AND3_X1_ZN_A1_OR3_X1_ZN/ZN (OR3_X1)
                    0.0158    0.0000    0.3732 v acc_out[8]_DFF_X1_Q_D_AND3_X1_ZN_A2_OR3_X1_ZN_A1_AND3_X1_ZN_A1_OR3_X1_ZN_A1_AND3_X1_ZN_A1_OR3_X1_ZN_A1_AND4_X1_ZN_A1_OR3_X1_ZN_A1_AND4_X1_ZN_A4_OAI21_X1_ZN_B1_AOI21_X1_ZN_B2_OR3_X1_ZN_A2_AND3_X1_ZN_A1_OR3_X1_ZN_A1_AND3_X1_ZN_A1_OR3_X1_ZN_A1_AND3_X1_ZN/A1 (AND3_X1)
     2    2.3339    0.0074    0.0355    0.4087 v acc_out[8]_DFF_X1_Q_D_AND3_X1_ZN_A2_OR3_X1_ZN_A1_AND3_X1_ZN_A1_OR3_X1_ZN_A1_AND3_X1_ZN_A1_OR3_X1_ZN_A1_AND4_X1_ZN_A1_OR3_X1_ZN_A1_AND4_X1_ZN_A4_OAI21_X1_ZN_B1_AOI21_X1_ZN_B2_OR3_X1_ZN_A2_AND3_X1_ZN_A1_OR3_X1_ZN_A1_AND3_X1_ZN_A1_OR3_X1_ZN_A1_AND3_X1_ZN/ZN (AND3_X1)
                    0.0074    0.0000    0.4087 v acc_out[8]_DFF_X1_Q_D_AND3_X1_ZN_A2_OR3_X1_ZN_A1_AND3_X1_ZN_A1_OR3_X1_ZN_A1_AND3_X1_ZN_A1_OR3_X1_ZN_A1_AND4_X1_ZN_A1_OR3_X1_ZN_A1_AND4_X1_ZN_A4_OAI21_X1_ZN_B1_AOI21_X1_ZN_B2_OR3_X1_ZN_A2_AND3_X1_ZN_A1_OR3_X1_ZN_A1_AND3_X1_ZN_A1_OR3_X1_ZN/A1 (OR3_X1)
     3    3.8381    0.0158    0.0706    0.4793 v acc_out[8]_DFF_X1_Q_D_AND3_X1_ZN_A2_OR3_X1_ZN_A1_AND3_X1_ZN_A1_OR3_X1_ZN_A1_AND3_X1_ZN_A1_OR3_X1_ZN_A1_AND4_X1_ZN_A1_OR3_X1_ZN_A1_AND4_X1_ZN_A4_OAI21_X1_ZN_B1_AOI21_X1_ZN_B2_OR3_X1_ZN_A2_AND3_X1_ZN_A1_OR3_X1_ZN_A1_AND3_X1_ZN_A1_OR3_X1_ZN/ZN (OR3_X1)
                    0.0158    0.0000    0.4793 v acc_out[8]_DFF_X1_Q_D_AND3_X1_ZN_A2_OR3_X1_ZN_A1_AND3_X1_ZN_A1_OR3_X1_ZN_A1_AND3_X1_ZN_A1_OR3_X1_ZN_A1_AND4_X1_ZN_A1_OR3_X1_ZN_A1_AND4_X1_ZN_A4_OAI21_X1_ZN_B1_AOI21_X1_ZN_B2_OR3_X1_ZN_A2_AND3_X1_ZN_A1_OR3_X1_ZN_A1_AND3_X1_ZN/A1 (AND3_X1)
     2    2.3339    0.0074    0.0355    0.5148 v acc_out[8]_DFF_X1_Q_D_AND3_X1_ZN_A2_OR3_X1_ZN_A1_AND3_X1_ZN_A1_OR3_X1_ZN_A1_AND3_X1_ZN_A1_OR3_X1_ZN_A1_AND4_X1_ZN_A1_OR3_X1_ZN_A1_AND4_X1_ZN_A4_OAI21_X1_ZN_B1_AOI21_X1_ZN_B2_OR3_X1_ZN_A2_AND3_X1_ZN_A1_OR3_X1_ZN_A1_AND3_X1_ZN/ZN (AND3_X1)
                    0.0074    0.0000    0.5148 v acc_out[8]_DFF_X1_Q_D_AND3_X1_ZN_A2_OR3_X1_ZN_A1_AND3_X1_ZN_A1_OR3_X1_ZN_A1_AND3_X1_ZN_A1_OR3_X1_ZN_A1_AND4_X1_ZN_A1_OR3_X1_ZN_A1_AND4_X1_ZN_A4_OAI21_X1_ZN_B1_AOI21_X1_ZN_B2_OR3_X1_ZN_A2_AND3_X1_ZN_A1_OR3_X1_ZN/A1 (OR3_X1)
     2    2.2761    0.0139    0.0661    0.5809 v acc_out[8]_DFF_X1_Q_D_AND3_X1_ZN_A2_OR3_X1_ZN_A1_AND3_X1_ZN_A1_OR3_X1_ZN_A1_AND3_X1_ZN_A1_OR3_X1_ZN_A1_AND4_X1_ZN_A1_OR3_X1_ZN_A1_AND4_X1_ZN_A4_OAI21_X1_ZN_B1_AOI21_X1_ZN_B2_OR3_X1_ZN_A2_AND3_X1_ZN_A1_OR3_X1_ZN/ZN (OR3_X1)
                    0.0139    0.0000    0.5809 v acc_out[8]_DFF_X1_Q_D_AND3_X1_ZN_A2_OR3_X1_ZN_A1_AND3_X1_ZN_A1_OR3_X1_ZN_A1_AND3_X1_ZN_A1_OR3_X1_ZN_A1_AND4_X1_ZN_A1_OR3_X1_ZN_A1_AND4_X1_ZN_A4_OAI21_X1_ZN_B1_AOI21_X1_ZN_B2_OR3_X1_ZN_A2_AND3_X1_ZN/A1 (AND3_X1)
     3    3.8592    0.0089    0.0375    0.6184 v acc_out[8]_DFF_X1_Q_D_AND3_X1_ZN_A2_OR3_X1_ZN_A1_AND3_X1_ZN_A1_OR3_X1_ZN_A1_AND3_X1_ZN_A1_OR3_X1_ZN_A1_AND4_X1_ZN_A1_OR3_X1_ZN_A1_AND4_X1_ZN_A4_OAI21_X1_ZN_B1_AOI21_X1_ZN_B2_OR3_X1_ZN_A2_AND3_X1_ZN/ZN (AND3_X1)
                    0.0089    0.0000    0.6184 v acc_out[8]_DFF_X1_Q_D_AND3_X1_ZN_A2_OR3_X1_ZN_A1_AND3_X1_ZN_A1_OR3_X1_ZN_A1_AND3_X1_ZN_A1_OR3_X1_ZN_A1_AND4_X1_ZN_A1_OR3_X1_ZN_A1_AND4_X1_ZN_A4_OAI21_X1_ZN_B1_AOI21_X1_ZN_B2_OR3_X1_ZN/A2 (OR3_X1)
     3    3.7783    0.0158    0.0822    0.7006 v acc_out[8]_DFF_X1_Q_D_AND3_X1_ZN_A2_OR3_X1_ZN_A1_AND3_X1_ZN_A1_OR3_X1_ZN_A1_AND3_X1_ZN_A1_OR3_X1_ZN_A1_AND4_X1_ZN_A1_OR3_X1_ZN_A1_AND4_X1_ZN_A4_OAI21_X1_ZN_B1_AOI21_X1_ZN_B2_OR3_X1_ZN/ZN (OR3_X1)
                    0.0158    0.0000    0.7006 v acc_out[8]_DFF_X1_Q_D_AND3_X1_ZN_A2_OR3_X1_ZN_A1_AND3_X1_ZN_A1_OR3_X1_ZN_A1_AND3_X1_ZN_A1_OR3_X1_ZN_A1_AND4_X1_ZN_A1_OR3_X1_ZN_A1_AND4_X1_ZN_A4_OAI21_X1_ZN_B1_AOI21_X1_ZN_A_AND3_X1_A2/A1 (AND3_X1)
     6    9.0194    0.0138    0.0464    0.7470 v acc_out[8]_DFF_X1_Q_D_AND3_X1_ZN_A2_OR3_X1_ZN_A1_AND3_X1_ZN_A1_OR3_X1_ZN_A1_AND3_X1_ZN_A1_OR3_X1_ZN_A1_AND4_X1_ZN_A1_OR3_X1_ZN_A1_AND4_X1_ZN_A4_OAI21_X1_ZN_B1_AOI21_X1_ZN_A_AND3_X1_A2/ZN (AND3_X1)
                    0.0138    0.0000    0.7470 v acc_out[8]_DFF_X1_Q_D_AND3_X1_ZN_A2_OR3_X1_ZN_A1_AND3_X1_ZN_A1_OR3_X1_ZN_A1_AND3_X1_ZN_A1_OR3_X1_ZN_A1_AND4_X1_ZN_A1_OR3_X1_ZN_A1_AND4_X1_ZN_A4_OAI21_X1_ZN_A_OR3_X1_A2/A1 (OR3_X1)
     4    6.0248    0.0183    0.0779    0.8248 v acc_out[8]_DFF_X1_Q_D_AND3_X1_ZN_A2_OR3_X1_ZN_A1_AND3_X1_ZN_A1_OR3_X1_ZN_A1_AND3_X1_ZN_A1_OR3_X1_ZN_A1_AND4_X1_ZN_A1_OR3_X1_ZN_A1_AND4_X1_ZN_A4_OAI21_X1_ZN_A_OR3_X1_A2/ZN (OR3_X1)
                    0.0183    0.0000    0.8248 v acc_out[8]_DFF_X1_Q_D_AND3_X1_ZN_A2_OR3_X1_ZN_A1_AND3_X1_ZN_A1_OR3_X1_ZN_A1_AND3_X1_ZN_A1_OR3_X1_ZN_A1_AND4_X1_ZN_A1_OR3_X1_ZN_A3_AOI22_X1_ZN/B2 (AOI22_X1)
     3    4.1555    0.0361    0.0625    0.8873 ^ acc_out[8]_DFF_X1_Q_D_AND3_X1_ZN_A2_OR3_X1_ZN_A1_AND3_X1_ZN_A1_OR3_X1_ZN_A1_AND3_X1_ZN_A1_OR3_X1_ZN_A1_AND4_X1_ZN_A1_OR3_X1_ZN_A3_AOI22_X1_ZN/ZN (AOI22_X1)
                    0.0361    0.0000    0.8873 ^ acc_out[9]_DFF_X1_Q_D_NOR2_X1_ZN_A2_XNOR2_X1_ZN_B_XOR2_X1_Z_B_XNOR2_X1_ZN_A_XOR2_X1_Z_B_XNOR2_X1_ZN_B_XOR2_X1_Z_B_XNOR2_X1_ZN_B_OAI21_X1_ZN/B2 (OAI21_X1)
     2    3.7781    0.0173    0.0292    0.9166 v acc_out[9]_DFF_X1_Q_D_NOR2_X1_ZN_A2_XNOR2_X1_ZN_B_XOR2_X1_Z_B_XNOR2_X1_ZN_A_XOR2_X1_Z_B_XNOR2_X1_ZN_B_XOR2_X1_Z_B_XNOR2_X1_ZN_B_OAI21_X1_ZN/ZN (OAI21_X1)
                    0.0173    0.0000    0.9166 v acc_out[9]_DFF_X1_Q_D_NOR2_X1_ZN_A2_XNOR2_X1_ZN_B_XOR2_X1_Z_B_XNOR2_X1_ZN_A_XOR2_X1_Z_B_XNOR2_X1_ZN_B_XOR2_X1_Z_B_XNOR2_X1_ZN/B (XNOR2_X1)
     2    3.9753    0.0163    0.0476    0.9642 v acc_out[9]_DFF_X1_Q_D_NOR2_X1_ZN_A2_XNOR2_X1_ZN_B_XOR2_X1_Z_B_XNOR2_X1_ZN_A_XOR2_X1_Z_B_XNOR2_X1_ZN_B_XOR2_X1_Z_B_XNOR2_X1_ZN/ZN (XNOR2_X1)
                    0.0163    0.0000    0.9642 v acc_out[9]_DFF_X1_Q_D_NOR2_X1_ZN_A2_XNOR2_X1_ZN_B_XOR2_X1_Z_B_XNOR2_X1_ZN_A_XOR2_X1_Z_B_XNOR2_X1_ZN_B_XOR2_X1_Z/B (XOR2_X1)
     2    3.7781    0.0144    0.0620    1.0261 v acc_out[9]_DFF_X1_Q_D_NOR2_X1_ZN_A2_XNOR2_X1_ZN_B_XOR2_X1_Z_B_XNOR2_X1_ZN_A_XOR2_X1_Z_B_XNOR2_X1_ZN_B_XOR2_X1_Z/Z (XOR2_X1)
                    0.0144    0.0000    1.0261 v acc_out[10]_DFF_X1_Q_D_AOI21_X1_ZN_B2_XNOR2_X1_ZN_B_XOR2_X1_Z_A_XNOR2_X1_ZN_B_XNOR2_X1_ZN_B_AOI21_X1_ZN/B2 (AOI21_X1)
     2    4.1455    0.0330    0.0456    1.0717 ^ acc_out[10]_DFF_X1_Q_D_AOI21_X1_ZN_B2_XNOR2_X1_ZN_B_XOR2_X1_Z_A_XNOR2_X1_ZN_B_XNOR2_X1_ZN_B_AOI21_X1_ZN/ZN (AOI21_X1)
                    0.0330    0.0000    1.0717 ^ acc_out[10]_DFF_X1_Q_D_AOI21_X1_ZN_B2_XNOR2_X1_ZN_B_XOR2_X1_Z_A_XNOR2_X1_ZN_B_XNOR2_X1_ZN_B_OAI21_X1_B2/B2 (OAI21_X1)
     2    3.6281    0.0163    0.0279    1.0996 v acc_out[10]_DFF_X1_Q_D_AOI21_X1_ZN_B2_XNOR2_X1_ZN_B_XOR2_X1_Z_A_XNOR2_X1_ZN_B_XNOR2_X1_ZN_B_OAI21_X1_B2/ZN (OAI21_X1)
                    0.0163    0.0000    1.0996 v acc_out[11]_DFF_X1_Q_D_NOR2_X1_ZN_A2_XNOR2_X1_ZN_A_XOR2_X1_Z_B_XOR2_X1_Z_B_XOR2_X1_Z_B_XOR2_X1_Z/A (XOR2_X1)
     2    3.3056    0.0136    0.0561    1.1557 v acc_out[11]_DFF_X1_Q_D_NOR2_X1_ZN_A2_XNOR2_X1_ZN_A_XOR2_X1_Z_B_XOR2_X1_Z_B_XOR2_X1_Z_B_XOR2_X1_Z/Z (XOR2_X1)
                    0.0136    0.0000    1.1557 v acc_out[11]_DFF_X1_Q_D_NOR2_X1_ZN_A2_XNOR2_X1_ZN_A_XOR2_X1_Z_B_XOR2_X1_Z_B_XOR2_X1_Z/B (XOR2_X1)
     2    3.8214    0.0143    0.0609    1.2166 v acc_out[11]_DFF_X1_Q_D_NOR2_X1_ZN_A2_XNOR2_X1_ZN_A_XOR2_X1_Z_B_XOR2_X1_Z_B_XOR2_X1_Z/Z (XOR2_X1)
                    0.0143    0.0000    1.2166 v acc_out[12]_DFF_X1_Q_D_AOI21_X1_ZN_B2_XNOR2_X1_ZN_B_XOR2_X1_Z_B_AOI21_X1_ZN/B2 (AOI21_X1)
     2    3.9354    0.0320    0.0445    1.2611 ^ acc_out[12]_DFF_X1_Q_D_AOI21_X1_ZN_B2_XNOR2_X1_ZN_B_XOR2_X1_Z_B_AOI21_X1_ZN/ZN (AOI21_X1)
                    0.0320    0.0000    1.2611 ^ acc_out[12]_DFF_X1_Q_D_AOI21_X1_ZN_B2_XNOR2_X1_ZN_B_XOR2_X1_Z_A_OAI21_X1_B1/B2 (OAI21_X1)
     2    3.8214    0.0164    0.0281    1.2892 v acc_out[12]_DFF_X1_Q_D_AOI21_X1_ZN_B2_XNOR2_X1_ZN_B_XOR2_X1_Z_A_OAI21_X1_B1/ZN (OAI21_X1)
                    0.0164    0.0000    1.2892 v acc_out[13]_DFF_X1_Q_D_AND2_X1_ZN_A1_OR2_X1_ZN_A2_XOR2_X1_Z_B_XOR2_X1_Z/B (XOR2_X1)
     2    3.3056    0.0144    0.0612    1.3504 v acc_out[13]_DFF_X1_Q_D_AND2_X1_ZN_A1_OR2_X1_ZN_A2_XOR2_X1_Z_B_XOR2_X1_Z/Z (XOR2_X1)
                    0.0144    0.0000    1.3504 v acc_out[13]_DFF_X1_Q_D_AND2_X1_ZN_A1_OR2_X1_ZN_A2_XOR2_X1_Z/B (XOR2_X1)
     3    3.7153    0.0142    0.0611    1.4115 v acc_out[13]_DFF_X1_Q_D_AND2_X1_ZN_A1_OR2_X1_ZN_A2_XOR2_X1_Z/Z (XOR2_X1)
                    0.0142    0.0000    1.4115 v acc_out[14]_DFF_X1_Q_D_AOI21_X1_ZN_B2_AOI21_X1_ZN/B2 (AOI21_X1)
     3    5.0010    0.0370    0.0498    1.4613 ^ acc_out[14]_DFF_X1_Q_D_AOI21_X1_ZN_B2_AOI21_X1_ZN/ZN (AOI21_X1)
                    0.0370    0.0000    1.4613 ^ acc_out[14]_DFF_X1_Q_D_AOI21_X1_ZN_B2_OAI21_X1_B1/B1 (OAI21_X1)
     2    3.7781    0.0166    0.0261    1.4874 v acc_out[14]_DFF_X1_Q_D_AOI21_X1_ZN_B2_OAI21_X1_B1/ZN (OAI21_X1)
                    0.0166    0.0000    1.4874 v acc_out[16]_DFF_X1_Q_D_AOI21_X1_ZN_B1_AOI21_X1_ZN/B2 (AOI21_X1)
     3    4.7908    0.0360    0.0497    1.5371 ^ acc_out[16]_DFF_X1_Q_D_AOI21_X1_ZN_B1_AOI21_X1_ZN/ZN (AOI21_X1)
                    0.0360    0.0000    1.5371 ^ acc_out[16]_DFF_X1_Q_D_AOI21_X1_ZN_B2_OAI21_X1_B1/B2 (OAI21_X1)
     3    3.7347    0.0172    0.0291    1.5662 v acc_out[16]_DFF_X1_Q_D_AOI21_X1_ZN_B2_OAI21_X1_B1/ZN (OAI21_X1)
                    0.0172    0.0000    1.5662 v acc_out[18]_DFF_X1_Q_D_AOI21_X1_ZN_B1_AOI21_X1_ZN/B1 (AOI21_X1)
     3    4.7908    0.0360    0.0450    1.6112 ^ acc_out[18]_DFF_X1_Q_D_AOI21_X1_ZN_B1_AOI21_X1_ZN/ZN (AOI21_X1)
                    0.0360    0.0000    1.6112 ^ acc_out[18]_DFF_X1_Q_D_AOI21_X1_ZN_B2_OAI21_X1_B1/B2 (OAI21_X1)
     2    3.5727    0.0170    0.0286    1.6399 v acc_out[18]_DFF_X1_Q_D_AOI21_X1_ZN_B2_OAI21_X1_B1/ZN (OAI21_X1)
                    0.0170    0.0000    1.6399 v acc_out[20]_DFF_X1_Q_D_AOI21_X1_ZN_B1_AOI21_X1_ZN/B1 (AOI21_X1)
     3    4.7908    0.0360    0.0450    1.6848 ^ acc_out[20]_DFF_X1_Q_D_AOI21_X1_ZN_B1_AOI21_X1_ZN/ZN (AOI21_X1)
                    0.0360    0.0000    1.6848 ^ acc_out[20]_DFF_X1_Q_D_AOI21_X1_ZN_B2_OAI21_X1_B1/B2 (OAI21_X1)
     3    3.7347    0.0172    0.0291    1.7139 v acc_out[20]_DFF_X1_Q_D_AOI21_X1_ZN_B2_OAI21_X1_B1/ZN (OAI21_X1)
                    0.0172    0.0000    1.7139 v acc_out[22]_DFF_X1_Q_D_AOI21_X1_ZN_B1_AOI21_X1_ZN/B1 (AOI21_X1)
     3    4.7908    0.0360    0.0450    1.7589 ^ acc_out[22]_DFF_X1_Q_D_AOI21_X1_ZN_B1_AOI21_X1_ZN/ZN (AOI21_X1)
                    0.0360    0.0000    1.7589 ^ acc_out[22]_DFF_X1_Q_D_AOI21_X1_ZN_A_OAI21_X1_ZN/B2 (OAI21_X1)
     1    1.5353    0.0139    0.0225    1.7814 v acc_out[22]_DFF_X1_Q_D_AOI21_X1_ZN_A_OAI21_X1_ZN/ZN (OAI21_X1)
                    0.0139    0.0000    1.7814 v acc_out[22]_DFF_X1_Q_D_AOI21_X1_ZN/A (AOI21_X1)
     1    1.1403    0.0189    0.0385    1.8199 ^ acc_out[22]_DFF_X1_Q_D_AOI21_X1_ZN/ZN (AOI21_X1)
                    0.0189    0.0000    1.8199 ^ acc_out[22]_DFF_X1_Q/D (DFF_X1)
                                        1.8199   data arrival time

                    0.0500    2.0000    2.0000   clock clk (rise edge)
                              0.0000    2.0000   clock network delay (ideal)
                             -0.0500    1.9500   clock uncertainty
                              0.0000    1.9500   clock reconvergence pessimism
                                        1.9500 ^ acc_out[22]_DFF_X1_Q/CK (DFF_X1)
                             -0.0289    1.9211   library setup time
                                        1.9211   data required time
-------------------------------------------------------------------------------------
                                        1.9211   data required time
                                       -1.8199   data arrival time
-------------------------------------------------------------------------------------
                                        0.1012   slack (MET)


Startpoint: b1[0]_AND2_X1_A2_ZN_DFF_X1_D
            (rising edge-triggered flip-flop clocked by clk)
Endpoint: acc_out[21]_DFF_X1_Q (rising edge-triggered flip-flop clocked by clk)
Path Group: clk
Path Type: max

Fanout       Cap      Slew     Delay      Time   Description
-------------------------------------------------------------------------------------
                    0.0500    0.0000    0.0000   clock clk (rise edge)
                              0.0000    0.0000   clock network delay (ideal)
                    0.0500    0.0000    0.0000 ^ b1[0]_AND2_X1_A2_ZN_DFF_X1_D/CK (DFF_X1)
    42   57.0488    0.1329    0.2293    0.2293 ^ b1[0]_AND2_X1_A2_ZN_DFF_X1_D/Q (DFF_X1)
                    0.1329    0.0000    0.2293 ^ acc_out[8]_DFF_X1_Q_D_AND3_X1_ZN_A2_OR3_X1_ZN_A1_AND3_X1_ZN_A1_OR3_X1_ZN_A1_AND3_X1_ZN_A1_OR3_X1_ZN_A1_AND4_X1_ZN_A1_OR3_X1_ZN_A1_AND4_X1_ZN_A4_OAI21_X1_ZN_B1_AOI21_X1_ZN_B2_OR3_X1_ZN_A2_AND3_X1_ZN_A1_OR3_X1_ZN_A1_AND3_X1_ZN_A1_OR3_X1_ZN_A1_AND3_X1_ZN_A1_OR3_X1_ZN_A3_AOI22_X1_ZN/B1 (AOI22_X1)
     3    3.9140    0.0405    0.0468    0.2761 v acc_out[8]_DFF_X1_Q_D_AND3_X1_ZN_A2_OR3_X1_ZN_A1_AND3_X1_ZN_A1_OR3_X1_ZN_A1_AND3_X1_ZN_A1_OR3_X1_ZN_A1_AND4_X1_ZN_A1_OR3_X1_ZN_A1_AND4_X1_ZN_A4_OAI21_X1_ZN_B1_AOI21_X1_ZN_B2_OR3_X1_ZN_A2_AND3_X1_ZN_A1_OR3_X1_ZN_A1_AND3_X1_ZN_A1_OR3_X1_ZN_A1_AND3_X1_ZN_A1_OR3_X1_ZN_A3_AOI22_X1_ZN/ZN (AOI22_X1)
                    0.0405    0.0000    0.2761 v acc_out[8]_DFF_X1_Q_D_AND3_X1_ZN_A2_OR3_X1_ZN_A1_AND3_X1_ZN_A1_OR3_X1_ZN_A1_AND3_X1_ZN_A1_OR3_X1_ZN_A1_AND4_X1_ZN_A1_OR3_X1_ZN_A1_AND4_X1_ZN_A4_OAI21_X1_ZN_B1_AOI21_X1_ZN_B2_OR3_X1_ZN_A2_AND3_X1_ZN_A1_OR3_X1_ZN_A1_AND3_X1_ZN_A1_OR3_X1_ZN_A1_AND3_X1_ZN_A1_OR3_X1_ZN/A3 (OR3_X1)
     3    3.8381    0.0158    0.0971    0.3732 v acc_out[8]_DFF_X1_Q_D_AND3_X1_ZN_A2_OR3_X1_ZN_A1_AND3_X1_ZN_A1_OR3_X1_ZN_A1_AND3_X1_ZN_A1_OR3_X1_ZN_A1_AND4_X1_ZN_A1_OR3_X1_ZN_A1_AND4_X1_ZN_A4_OAI21_X1_ZN_B1_AOI21_X1_ZN_B2_OR3_X1_ZN_A2_AND3_X1_ZN_A1_OR3_X1_ZN_A1_AND3_X1_ZN_A1_OR3_X1_ZN_A1_AND3_X1_ZN_A1_OR3_X1_ZN/ZN (OR3_X1)
                    0.0158    0.0000    0.3732 v acc_out[8]_DFF_X1_Q_D_AND3_X1_ZN_A2_OR3_X1_ZN_A1_AND3_X1_ZN_A1_OR3_X1_ZN_A1_AND3_X1_ZN_A1_OR3_X1_ZN_A1_AND4_X1_ZN_A1_OR3_X1_ZN_A1_AND4_X1_ZN_A4_OAI21_X1_ZN_B1_AOI21_X1_ZN_B2_OR3_X1_ZN_A2_AND3_X1_ZN_A1_OR3_X1_ZN_A1_AND3_X1_ZN_A1_OR3_X1_ZN_A1_AND3_X1_ZN/A1 (AND3_X1)
     2    2.3339    0.0074    0.0355    0.4087 v acc_out[8]_DFF_X1_Q_D_AND3_X1_ZN_A2_OR3_X1_ZN_A1_AND3_X1_ZN_A1_OR3_X1_ZN_A1_AND3_X1_ZN_A1_OR3_X1_ZN_A1_AND4_X1_ZN_A1_OR3_X1_ZN_A1_AND4_X1_ZN_A4_OAI21_X1_ZN_B1_AOI21_X1_ZN_B2_OR3_X1_ZN_A2_AND3_X1_ZN_A1_OR3_X1_ZN_A1_AND3_X1_ZN_A1_OR3_X1_ZN_A1_AND3_X1_ZN/ZN (AND3_X1)
                    0.0074    0.0000    0.4087 v acc_out[8]_DFF_X1_Q_D_AND3_X1_ZN_A2_OR3_X1_ZN_A1_AND3_X1_ZN_A1_OR3_X1_ZN_A1_AND3_X1_ZN_A1_OR3_X1_ZN_A1_AND4_X1_ZN_A1_OR3_X1_ZN_A1_AND4_X1_ZN_A4_OAI21_X1_ZN_B1_AOI21_X1_ZN_B2_OR3_X1_ZN_A2_AND3_X1_ZN_A1_OR3_X1_ZN_A1_AND3_X1_ZN_A1_OR3_X1_ZN/A1 (OR3_X1)
     3    3.8381    0.0158    0.0706    0.4793 v acc_out[8]_DFF_X1_Q_D_AND3_X1_ZN_A2_OR3_X1_ZN_A1_AND3_X1_ZN_A1_OR3_X1_ZN_A1_AND3_X1_ZN_A1_OR3_X1_ZN_A1_AND4_X1_ZN_A1_OR3_X1_ZN_A1_AND4_X1_ZN_A4_OAI21_X1_ZN_B1_AOI21_X1_ZN_B2_OR3_X1_ZN_A2_AND3_X1_ZN_A1_OR3_X1_ZN_A1_AND3_X1_ZN_A1_OR3_X1_ZN/ZN (OR3_X1)
                    0.0158    0.0000    0.4793 v acc_out[8]_DFF_X1_Q_D_AND3_X1_ZN_A2_OR3_X1_ZN_A1_AND3_X1_ZN_A1_OR3_X1_ZN_A1_AND3_X1_ZN_A1_OR3_X1_ZN_A1_AND4_X1_ZN_A1_OR3_X1_ZN_A1_AND4_X1_ZN_A4_OAI21_X1_ZN_B1_AOI21_X1_ZN_B2_OR3_X1_ZN_A2_AND3_X1_ZN_A1_OR3_X1_ZN_A1_AND3_X1_ZN/A1 (AND3_X1)
     2    2.3339    0.0074    0.0355    0.5148 v acc_out[8]_DFF_X1_Q_D_AND3_X1_ZN_A2_OR3_X1_ZN_A1_AND3_X1_ZN_A1_OR3_X1_ZN_A1_AND3_X1_ZN_A1_OR3_X1_ZN_A1_AND4_X1_ZN_A1_OR3_X1_ZN_A1_AND4_X1_ZN_A4_OAI21_X1_ZN_B1_AOI21_X1_ZN_B2_OR3_X1_ZN_A2_AND3_X1_ZN_A1_OR3_X1_ZN_A1_AND3_X1_ZN/ZN (AND3_X1)
                    0.0074    0.0000    0.5148 v acc_out[8]_DFF_X1_Q_D_AND3_X1_ZN_A2_OR3_X1_ZN_A1_AND3_X1_ZN_A1_OR3_X1_ZN_A1_AND3_X1_ZN_A1_OR3_X1_ZN_A1_AND4_X1_ZN_A1_OR3_X1_ZN_A1_AND4_X1_ZN_A4_OAI21_X1_ZN_B1_AOI21_X1_ZN_B2_OR3_X1_ZN_A2_AND3_X1_ZN_A1_OR3_X1_ZN/A1 (OR3_X1)
     2    2.2761    0.0139    0.0661    0.5809 v acc_out[8]_DFF_X1_Q_D_AND3_X1_ZN_A2_OR3_X1_ZN_A1_AND3_X1_ZN_A1_OR3_X1_ZN_A1_AND3_X1_ZN_A1_OR3_X1_ZN_A1_AND4_X1_ZN_A1_OR3_X1_ZN_A1_AND4_X1_ZN_A4_OAI21_X1_ZN_B1_AOI21_X1_ZN_B2_OR3_X1_ZN_A2_AND3_X1_ZN_A1_OR3_X1_ZN/ZN (OR3_X1)
                    0.0139    0.0000    0.5809 v acc_out[8]_DFF_X1_Q_D_AND3_X1_ZN_A2_OR3_X1_ZN_A1_AND3_X1_ZN_A1_OR3_X1_ZN_A1_AND3_X1_ZN_A1_OR3_X1_ZN_A1_AND4_X1_ZN_A1_OR3_X1_ZN_A1_AND4_X1_ZN_A4_OAI21_X1_ZN_B1_AOI21_X1_ZN_B2_OR3_X1_ZN_A2_AND3_X1_ZN/A1 (AND3_X1)
     3    3.8592    0.0089    0.0375    0.6184 v acc_out[8]_DFF_X1_Q_D_AND3_X1_ZN_A2_OR3_X1_ZN_A1_AND3_X1_ZN_A1_OR3_X1_ZN_A1_AND3_X1_ZN_A1_OR3_X1_ZN_A1_AND4_X1_ZN_A1_OR3_X1_ZN_A1_AND4_X1_ZN_A4_OAI21_X1_ZN_B1_AOI21_X1_ZN_B2_OR3_X1_ZN_A2_AND3_X1_ZN/ZN (AND3_X1)
                    0.0089    0.0000    0.6184 v acc_out[8]_DFF_X1_Q_D_AND3_X1_ZN_A2_OR3_X1_ZN_A1_AND3_X1_ZN_A1_OR3_X1_ZN_A1_AND3_X1_ZN_A1_OR3_X1_ZN_A1_AND4_X1_ZN_A1_OR3_X1_ZN_A1_AND4_X1_ZN_A4_OAI21_X1_ZN_B1_AOI21_X1_ZN_B2_OR3_X1_ZN/A2 (OR3_X1)
     3    3.7783    0.0158    0.0822    0.7006 v acc_out[8]_DFF_X1_Q_D_AND3_X1_ZN_A2_OR3_X1_ZN_A1_AND3_X1_ZN_A1_OR3_X1_ZN_A1_AND3_X1_ZN_A1_OR3_X1_ZN_A1_AND4_X1_ZN_A1_OR3_X1_ZN_A1_AND4_X1_ZN_A4_OAI21_X1_ZN_B1_AOI21_X1_ZN_B2_OR3_X1_ZN/ZN (OR3_X1)
                    0.0158    0.0000    0.7006 v acc_out[8]_DFF_X1_Q_D_AND3_X1_ZN_A2_OR3_X1_ZN_A1_AND3_X1_ZN_A1_OR3_X1_ZN_A1_AND3_X1_ZN_A1_OR3_X1_ZN_A1_AND4_X1_ZN_A1_OR3_X1_ZN_A1_AND4_X1_ZN_A4_OAI21_X1_ZN_B1_AOI21_X1_ZN_A_AND3_X1_A2/A1 (AND3_X1)
     6    9.0194    0.0138    0.0464    0.7470 v acc_out[8]_DFF_X1_Q_D_AND3_X1_ZN_A2_OR3_X1_ZN_A1_AND3_X1_ZN_A1_OR3_X1_ZN_A1_AND3_X1_ZN_A1_OR3_X1_ZN_A1_AND4_X1_ZN_A1_OR3_X1_ZN_A1_AND4_X1_ZN_A4_OAI21_X1_ZN_B1_AOI21_X1_ZN_A_AND3_X1_A2/ZN (AND3_X1)
                    0.0138    0.0000    0.7470 v acc_out[8]_DFF_X1_Q_D_AND3_X1_ZN_A2_OR3_X1_ZN_A1_AND3_X1_ZN_A1_OR3_X1_ZN_A1_AND3_X1_ZN_A1_OR3_X1_ZN_A1_AND4_X1_ZN_A1_OR3_X1_ZN_A1_AND4_X1_ZN_A4_OAI21_X1_ZN_A_OR3_X1_A2/A1 (OR3_X1)
     4    6.0248    0.0183    0.0779    0.8248 v acc_out[8]_DFF_X1_Q_D_AND3_X1_ZN_A2_OR3_X1_ZN_A1_AND3_X1_ZN_A1_OR3_X1_ZN_A1_AND3_X1_ZN_A1_OR3_X1_ZN_A1_AND4_X1_ZN_A1_OR3_X1_ZN_A1_AND4_X1_ZN_A4_OAI21_X1_ZN_A_OR3_X1_A2/ZN (OR3_X1)
                    0.0183    0.0000    0.8248 v acc_out[8]_DFF_X1_Q_D_AND3_X1_ZN_A2_OR3_X1_ZN_A1_AND3_X1_ZN_A1_OR3_X1_ZN_A1_AND3_X1_ZN_A1_OR3_X1_ZN_A1_AND4_X1_ZN_A1_OR3_X1_ZN_A3_AOI22_X1_ZN/B2 (AOI22_X1)
     3    4.1555    0.0361    0.0625    0.8873 ^ acc_out[8]_DFF_X1_Q_D_AND3_X1_ZN_A2_OR3_X1_ZN_A1_AND3_X1_ZN_A1_OR3_X1_ZN_A1_AND3_X1_ZN_A1_OR3_X1_ZN_A1_AND4_X1_ZN_A1_OR3_X1_ZN_A3_AOI22_X1_ZN/ZN (AOI22_X1)
                    0.0361    0.0000    0.8873 ^ acc_out[9]_DFF_X1_Q_D_NOR2_X1_ZN_A2_XNOR2_X1_ZN_B_XOR2_X1_Z_B_XNOR2_X1_ZN_A_XOR2_X1_Z_B_XNOR2_X1_ZN_B_XOR2_X1_Z_B_XNOR2_X1_ZN_B_OAI21_X1_ZN/B2 (OAI21_X1)
     2    3.7781    0.0173    0.0292    0.9166 v acc_out[9]_DFF_X1_Q_D_NOR2_X1_ZN_A2_XNOR2_X1_ZN_B_XOR2_X1_Z_B_XNOR2_X1_ZN_A_XOR2_X1_Z_B_XNOR2_X1_ZN_B_XOR2_X1_Z_B_XNOR2_X1_ZN_B_OAI21_X1_ZN/ZN (OAI21_X1)
                    0.0173    0.0000    0.9166 v acc_out[9]_DFF_X1_Q_D_NOR2_X1_ZN_A2_XNOR2_X1_ZN_B_XOR2_X1_Z_B_XNOR2_X1_ZN_A_XOR2_X1_Z_B_XNOR2_X1_ZN_B_XOR2_X1_Z_B_XNOR2_X1_ZN/B (XNOR2_X1)
     2    3.9753    0.0163    0.0476    0.9642 v acc_out[9]_DFF_X1_Q_D_NOR2_X1_ZN_A2_XNOR2_X1_ZN_B_XOR2_X1_Z_B_XNOR2_X1_ZN_A_XOR2_X1_Z_B_XNOR2_X1_ZN_B_XOR2_X1_Z_B_XNOR2_X1_ZN/ZN (XNOR2_X1)
                    0.0163    0.0000    0.9642 v acc_out[9]_DFF_X1_Q_D_NOR2_X1_ZN_A2_XNOR2_X1_ZN_B_XOR2_X1_Z_B_XNOR2_X1_ZN_A_XOR2_X1_Z_B_XNOR2_X1_ZN_B_XOR2_X1_Z/B (XOR2_X1)
     2    3.7781    0.0144    0.0620    1.0261 v acc_out[9]_DFF_X1_Q_D_NOR2_X1_ZN_A2_XNOR2_X1_ZN_B_XOR2_X1_Z_B_XNOR2_X1_ZN_A_XOR2_X1_Z_B_XNOR2_X1_ZN_B_XOR2_X1_Z/Z (XOR2_X1)
                    0.0144    0.0000    1.0261 v acc_out[10]_DFF_X1_Q_D_AOI21_X1_ZN_B2_XNOR2_X1_ZN_B_XOR2_X1_Z_A_XNOR2_X1_ZN_B_XNOR2_X1_ZN_B_AOI21_X1_ZN/B2 (AOI21_X1)
     2    4.1455    0.0330    0.0456    1.0717 ^ acc_out[10]_DFF_X1_Q_D_AOI21_X1_ZN_B2_XNOR2_X1_ZN_B_XOR2_X1_Z_A_XNOR2_X1_ZN_B_XNOR2_X1_ZN_B_AOI21_X1_ZN/ZN (AOI21_X1)
                    0.0330    0.0000    1.0717 ^ acc_out[10]_DFF_X1_Q_D_AOI21_X1_ZN_B2_XNOR2_X1_ZN_B_XOR2_X1_Z_A_XNOR2_X1_ZN_B_XNOR2_X1_ZN_B_OAI21_X1_B2/B2 (OAI21_X1)
     2    3.6281    0.0163    0.0279    1.0996 v acc_out[10]_DFF_X1_Q_D_AOI21_X1_ZN_B2_XNOR2_X1_ZN_B_XOR2_X1_Z_A_XNOR2_X1_ZN_B_XNOR2_X1_ZN_B_OAI21_X1_B2/ZN (OAI21_X1)
                    0.0163    0.0000    1.0996 v acc_out[11]_DFF_X1_Q_D_NOR2_X1_ZN_A2_XNOR2_X1_ZN_A_XOR2_X1_Z_B_XOR2_X1_Z_B_XOR2_X1_Z_B_XOR2_X1_Z/A (XOR2_X1)
     2    3.3056    0.0136    0.0561    1.1557 v acc_out[11]_DFF_X1_Q_D_NOR2_X1_ZN_A2_XNOR2_X1_ZN_A_XOR2_X1_Z_B_XOR2_X1_Z_B_XOR2_X1_Z_B_XOR2_X1_Z/Z (XOR2_X1)
                    0.0136    0.0000    1.1557 v acc_out[11]_DFF_X1_Q_D_NOR2_X1_ZN_A2_XNOR2_X1_ZN_A_XOR2_X1_Z_B_XOR2_X1_Z_B_XOR2_X1_Z/B (XOR2_X1)
     2    3.8214    0.0143    0.0609    1.2166 v acc_out[11]_DFF_X1_Q_D_NOR2_X1_ZN_A2_XNOR2_X1_ZN_A_XOR2_X1_Z_B_XOR2_X1_Z_B_XOR2_X1_Z/Z (XOR2_X1)
                    0.0143    0.0000    1.2166 v acc_out[12]_DFF_X1_Q_D_AOI21_X1_ZN_B2_XNOR2_X1_ZN_B_XOR2_X1_Z_B_AOI21_X1_ZN/B2 (AOI21_X1)
     2    3.9354    0.0320    0.0445    1.2611 ^ acc_out[12]_DFF_X1_Q_D_AOI21_X1_ZN_B2_XNOR2_X1_ZN_B_XOR2_X1_Z_B_AOI21_X1_ZN/ZN (AOI21_X1)
                    0.0320    0.0000    1.2611 ^ acc_out[12]_DFF_X1_Q_D_AOI21_X1_ZN_B2_XNOR2_X1_ZN_B_XOR2_X1_Z_A_OAI21_X1_B1/B2 (OAI21_X1)
     2    3.8214    0.0164    0.0281    1.2892 v acc_out[12]_DFF_X1_Q_D_AOI21_X1_ZN_B2_XNOR2_X1_ZN_B_XOR2_X1_Z_A_OAI21_X1_B1/ZN (OAI21_X1)
                    0.0164    0.0000    1.2892 v acc_out[13]_DFF_X1_Q_D_AND2_X1_ZN_A1_OR2_X1_ZN_A2_XOR2_X1_Z_B_XOR2_X1_Z/B (XOR2_X1)
     2    3.3056    0.0144    0.0612    1.3504 v acc_out[13]_DFF_X1_Q_D_AND2_X1_ZN_A1_OR2_X1_ZN_A2_XOR2_X1_Z_B_XOR2_X1_Z/Z (XOR2_X1)
                    0.0144    0.0000    1.3504 v acc_out[13]_DFF_X1_Q_D_AND2_X1_ZN_A1_OR2_X1_ZN_A2_XOR2_X1_Z/B (XOR2_X1)
     3    3.7153    0.0142    0.0611    1.4115 v acc_out[13]_DFF_X1_Q_D_AND2_X1_ZN_A1_OR2_X1_ZN_A2_XOR2_X1_Z/Z (XOR2_X1)
                    0.0142    0.0000    1.4115 v acc_out[14]_DFF_X1_Q_D_AOI21_X1_ZN_B2_AOI21_X1_ZN/B2 (AOI21_X1)
     3    5.0010    0.0370    0.0498    1.4613 ^ acc_out[14]_DFF_X1_Q_D_AOI21_X1_ZN_B2_AOI21_X1_ZN/ZN (AOI21_X1)
                    0.0370    0.0000    1.4613 ^ acc_out[14]_DFF_X1_Q_D_AOI21_X1_ZN_B2_OAI21_X1_B1/B1 (OAI21_X1)
     2    3.7781    0.0166    0.0261    1.4874 v acc_out[14]_DFF_X1_Q_D_AOI21_X1_ZN_B2_OAI21_X1_B1/ZN (OAI21_X1)
                    0.0166    0.0000    1.4874 v acc_out[16]_DFF_X1_Q_D_AOI21_X1_ZN_B1_AOI21_X1_ZN/B2 (AOI21_X1)
     3    4.7908    0.0360    0.0497    1.5371 ^ acc_out[16]_DFF_X1_Q_D_AOI21_X1_ZN_B1_AOI21_X1_ZN/ZN (AOI21_X1)
                    0.0360    0.0000    1.5371 ^ acc_out[16]_DFF_X1_Q_D_AOI21_X1_ZN_B2_OAI21_X1_B1/B2 (OAI21_X1)
     3    3.7347    0.0172    0.0291    1.5662 v acc_out[16]_DFF_X1_Q_D_AOI21_X1_ZN_B2_OAI21_X1_B1/ZN (OAI21_X1)
                    0.0172    0.0000    1.5662 v acc_out[18]_DFF_X1_Q_D_AOI21_X1_ZN_B1_AOI21_X1_ZN/B1 (AOI21_X1)
     3    4.7908    0.0360    0.0450    1.6112 ^ acc_out[18]_DFF_X1_Q_D_AOI21_X1_ZN_B1_AOI21_X1_ZN/ZN (AOI21_X1)
                    0.0360    0.0000    1.6112 ^ acc_out[18]_DFF_X1_Q_D_AOI21_X1_ZN_B2_OAI21_X1_B1/B2 (OAI21_X1)
     2    3.5727    0.0170    0.0286    1.6399 v acc_out[18]_DFF_X1_Q_D_AOI21_X1_ZN_B2_OAI21_X1_B1/ZN (OAI21_X1)
                    0.0170    0.0000    1.6399 v acc_out[20]_DFF_X1_Q_D_AOI21_X1_ZN_B1_AOI21_X1_ZN/B1 (AOI21_X1)
     3    4.7908    0.0360    0.0450    1.6848 ^ acc_out[20]_DFF_X1_Q_D_AOI21_X1_ZN_B1_AOI21_X1_ZN/ZN (AOI21_X1)
                    0.0360    0.0000    1.6848 ^ acc_out[20]_DFF_X1_Q_D_AOI21_X1_ZN_B2_OAI21_X1_B1/B2 (OAI21_X1)
     3    3.7347    0.0172    0.0291    1.7139 v acc_out[20]_DFF_X1_Q_D_AOI21_X1_ZN_B2_OAI21_X1_B1/ZN (OAI21_X1)
                    0.0172    0.0000    1.7139 v acc_out[21]_DFF_X1_Q_D_NOR3_X1_ZN_A2_AND2_X1_ZN/A1 (AND2_X1)
     1    1.4768    0.0059    0.0322    1.7461 v acc_out[21]_DFF_X1_Q_D_NOR3_X1_ZN_A2_AND2_X1_ZN/ZN (AND2_X1)
                    0.0059    0.0000    1.7461 v acc_out[21]_DFF_X1_Q_D_NOR3_X1_ZN/A2 (NOR3_X1)
     1    1.1403    0.0249    0.0391    1.7852 ^ acc_out[21]_DFF_X1_Q_D_NOR3_X1_ZN/ZN (NOR3_X1)
                    0.0249    0.0000    1.7852 ^ acc_out[21]_DFF_X1_Q/D (DFF_X1)
                                        1.7852   data arrival time

                    0.0500    2.0000    2.0000   clock clk (rise edge)
                              0.0000    2.0000   clock network delay (ideal)
                             -0.0500    1.9500   clock uncertainty
                              0.0000    1.9500   clock reconvergence pessimism
                                        1.9500 ^ acc_out[21]_DFF_X1_Q/CK (DFF_X1)
                             -0.0303    1.9197   library setup time
                                        1.9197   data required time
-------------------------------------------------------------------------------------
                                        1.9197   data required time
                                       -1.7852   data arrival time
-------------------------------------------------------------------------------------
                                        0.1345   slack (MET)


Startpoint: b1[0]_AND2_X1_A2_ZN_DFF_X1_D
            (rising edge-triggered flip-flop clocked by clk)
Endpoint: acc_out[20]_DFF_X1_Q (rising edge-triggered flip-flop clocked by clk)
Path Group: clk
Path Type: max

Fanout       Cap      Slew     Delay      Time   Description
-------------------------------------------------------------------------------------
                    0.0500    0.0000    0.0000   clock clk (rise edge)
                              0.0000    0.0000   clock network delay (ideal)
                    0.0500    0.0000    0.0000 ^ b1[0]_AND2_X1_A2_ZN_DFF_X1_D/CK (DFF_X1)
    42   57.0488    0.1329    0.2293    0.2293 ^ b1[0]_AND2_X1_A2_ZN_DFF_X1_D/Q (DFF_X1)
                    0.1329    0.0000    0.2293 ^ acc_out[8]_DFF_X1_Q_D_AND3_X1_ZN_A2_OR3_X1_ZN_A1_AND3_X1_ZN_A1_OR3_X1_ZN_A1_AND3_X1_ZN_A1_OR3_X1_ZN_A1_AND4_X1_ZN_A1_OR3_X1_ZN_A1_AND4_X1_ZN_A4_OAI21_X1_ZN_B1_AOI21_X1_ZN_B2_OR3_X1_ZN_A2_AND3_X1_ZN_A1_OR3_X1_ZN_A1_AND3_X1_ZN_A1_OR3_X1_ZN_A1_AND3_X1_ZN_A1_OR3_X1_ZN_A3_AOI22_X1_ZN/B1 (AOI22_X1)
     3    3.9140    0.0405    0.0468    0.2761 v acc_out[8]_DFF_X1_Q_D_AND3_X1_ZN_A2_OR3_X1_ZN_A1_AND3_X1_ZN_A1_OR3_X1_ZN_A1_AND3_X1_ZN_A1_OR3_X1_ZN_A1_AND4_X1_ZN_A1_OR3_X1_ZN_A1_AND4_X1_ZN_A4_OAI21_X1_ZN_B1_AOI21_X1_ZN_B2_OR3_X1_ZN_A2_AND3_X1_ZN_A1_OR3_X1_ZN_A1_AND3_X1_ZN_A1_OR3_X1_ZN_A1_AND3_X1_ZN_A1_OR3_X1_ZN_A3_AOI22_X1_ZN/ZN (AOI22_X1)
                    0.0405    0.0000    0.2761 v acc_out[8]_DFF_X1_Q_D_AND3_X1_ZN_A2_OR3_X1_ZN_A1_AND3_X1_ZN_A1_OR3_X1_ZN_A1_AND3_X1_ZN_A1_OR3_X1_ZN_A1_AND4_X1_ZN_A1_OR3_X1_ZN_A1_AND4_X1_ZN_A4_OAI21_X1_ZN_B1_AOI21_X1_ZN_B2_OR3_X1_ZN_A2_AND3_X1_ZN_A1_OR3_X1_ZN_A1_AND3_X1_ZN_A1_OR3_X1_ZN_A1_AND3_X1_ZN_A1_OR3_X1_ZN/A3 (OR3_X1)
     3    3.8381    0.0158    0.0971    0.3732 v acc_out[8]_DFF_X1_Q_D_AND3_X1_ZN_A2_OR3_X1_ZN_A1_AND3_X1_ZN_A1_OR3_X1_ZN_A1_AND3_X1_ZN_A1_OR3_X1_ZN_A1_AND4_X1_ZN_A1_OR3_X1_ZN_A1_AND4_X1_ZN_A4_OAI21_X1_ZN_B1_AOI21_X1_ZN_B2_OR3_X1_ZN_A2_AND3_X1_ZN_A1_OR3_X1_ZN_A1_AND3_X1_ZN_A1_OR3_X1_ZN_A1_AND3_X1_ZN_A1_OR3_X1_ZN/ZN (OR3_X1)
                    0.0158    0.0000    0.3732 v acc_out[8]_DFF_X1_Q_D_AND3_X1_ZN_A2_OR3_X1_ZN_A1_AND3_X1_ZN_A1_OR3_X1_ZN_A1_AND3_X1_ZN_A1_OR3_X1_ZN_A1_AND4_X1_ZN_A1_OR3_X1_ZN_A1_AND4_X1_ZN_A4_OAI21_X1_ZN_B1_AOI21_X1_ZN_B2_OR3_X1_ZN_A2_AND3_X1_ZN_A1_OR3_X1_ZN_A1_AND3_X1_ZN_A1_OR3_X1_ZN_A1_AND3_X1_ZN/A1 (AND3_X1)
     2    2.3339    0.0074    0.0355    0.4087 v acc_out[8]_DFF_X1_Q_D_AND3_X1_ZN_A2_OR3_X1_ZN_A1_AND3_X1_ZN_A1_OR3_X1_ZN_A1_AND3_X1_ZN_A1_OR3_X1_ZN_A1_AND4_X1_ZN_A1_OR3_X1_ZN_A1_AND4_X1_ZN_A4_OAI21_X1_ZN_B1_AOI21_X1_ZN_B2_OR3_X1_ZN_A2_AND3_X1_ZN_A1_OR3_X1_ZN_A1_AND3_X1_ZN_A1_OR3_X1_ZN_A1_AND3_X1_ZN/ZN (AND3_X1)
                    0.0074    0.0000    0.4087 v acc_out[8]_DFF_X1_Q_D_AND3_X1_ZN_A2_OR3_X1_ZN_A1_AND3_X1_ZN_A1_OR3_X1_ZN_A1_AND3_X1_ZN_A1_OR3_X1_ZN_A1_AND4_X1_ZN_A1_OR3_X1_ZN_A1_AND4_X1_ZN_A4_OAI21_X1_ZN_B1_AOI21_X1_ZN_B2_OR3_X1_ZN_A2_AND3_X1_ZN_A1_OR3_X1_ZN_A1_AND3_X1_ZN_A1_OR3_X1_ZN/A1 (OR3_X1)
     3    3.8381    0.0158    0.0706    0.4793 v acc_out[8]_DFF_X1_Q_D_AND3_X1_ZN_A2_OR3_X1_ZN_A1_AND3_X1_ZN_A1_OR3_X1_ZN_A1_AND3_X1_ZN_A1_OR3_X1_ZN_A1_AND4_X1_ZN_A1_OR3_X1_ZN_A1_AND4_X1_ZN_A4_OAI21_X1_ZN_B1_AOI21_X1_ZN_B2_OR3_X1_ZN_A2_AND3_X1_ZN_A1_OR3_X1_ZN_A1_AND3_X1_ZN_A1_OR3_X1_ZN/ZN (OR3_X1)
                    0.0158    0.0000    0.4793 v acc_out[8]_DFF_X1_Q_D_AND3_X1_ZN_A2_OR3_X1_ZN_A1_AND3_X1_ZN_A1_OR3_X1_ZN_A1_AND3_X1_ZN_A1_OR3_X1_ZN_A1_AND4_X1_ZN_A1_OR3_X1_ZN_A1_AND4_X1_ZN_A4_OAI21_X1_ZN_B1_AOI21_X1_ZN_B2_OR3_X1_ZN_A2_AND3_X1_ZN_A1_OR3_X1_ZN_A1_AND3_X1_ZN/A1 (AND3_X1)
     2    2.3339    0.0074    0.0355    0.5148 v acc_out[8]_DFF_X1_Q_D_AND3_X1_ZN_A2_OR3_X1_ZN_A1_AND3_X1_ZN_A1_OR3_X1_ZN_A1_AND3_X1_ZN_A1_OR3_X1_ZN_A1_AND4_X1_ZN_A1_OR3_X1_ZN_A1_AND4_X1_ZN_A4_OAI21_X1_ZN_B1_AOI21_X1_ZN_B2_OR3_X1_ZN_A2_AND3_X1_ZN_A1_OR3_X1_ZN_A1_AND3_X1_ZN/ZN (AND3_X1)
                    0.0074    0.0000    0.5148 v acc_out[8]_DFF_X1_Q_D_AND3_X1_ZN_A2_OR3_X1_ZN_A1_AND3_X1_ZN_A1_OR3_X1_ZN_A1_AND3_X1_ZN_A1_OR3_X1_ZN_A1_AND4_X1_ZN_A1_OR3_X1_ZN_A1_AND4_X1_ZN_A4_OAI21_X1_ZN_B1_AOI21_X1_ZN_B2_OR3_X1_ZN_A2_AND3_X1_ZN_A1_OR3_X1_ZN/A1 (OR3_X1)
     2    2.2761    0.0139    0.0661    0.5809 v acc_out[8]_DFF_X1_Q_D_AND3_X1_ZN_A2_OR3_X1_ZN_A1_AND3_X1_ZN_A1_OR3_X1_ZN_A1_AND3_X1_ZN_A1_OR3_X1_ZN_A1_AND4_X1_ZN_A1_OR3_X1_ZN_A1_AND4_X1_ZN_A4_OAI21_X1_ZN_B1_AOI21_X1_ZN_B2_OR3_X1_ZN_A2_AND3_X1_ZN_A1_OR3_X1_ZN/ZN (OR3_X1)
                    0.0139    0.0000    0.5809 v acc_out[8]_DFF_X1_Q_D_AND3_X1_ZN_A2_OR3_X1_ZN_A1_AND3_X1_ZN_A1_OR3_X1_ZN_A1_AND3_X1_ZN_A1_OR3_X1_ZN_A1_AND4_X1_ZN_A1_OR3_X1_ZN_A1_AND4_X1_ZN_A4_OAI21_X1_ZN_B1_AOI21_X1_ZN_B2_OR3_X1_ZN_A2_AND3_X1_ZN/A1 (AND3_X1)
     3    3.8592    0.0089    0.0375    0.6184 v acc_out[8]_DFF_X1_Q_D_AND3_X1_ZN_A2_OR3_X1_ZN_A1_AND3_X1_ZN_A1_OR3_X1_ZN_A1_AND3_X1_ZN_A1_OR3_X1_ZN_A1_AND4_X1_ZN_A1_OR3_X1_ZN_A1_AND4_X1_ZN_A4_OAI21_X1_ZN_B1_AOI21_X1_ZN_B2_OR3_X1_ZN_A2_AND3_X1_ZN/ZN (AND3_X1)
                    0.0089    0.0000    0.6184 v acc_out[8]_DFF_X1_Q_D_AND3_X1_ZN_A2_OR3_X1_ZN_A1_AND3_X1_ZN_A1_OR3_X1_ZN_A1_AND3_X1_ZN_A1_OR3_X1_ZN_A1_AND4_X1_ZN_A1_OR3_X1_ZN_A1_AND4_X1_ZN_A4_OAI21_X1_ZN_B1_AOI21_X1_ZN_B2_OR3_X1_ZN/A2 (OR3_X1)
     3    3.7783    0.0158    0.0822    0.7006 v acc_out[8]_DFF_X1_Q_D_AND3_X1_ZN_A2_OR3_X1_ZN_A1_AND3_X1_ZN_A1_OR3_X1_ZN_A1_AND3_X1_ZN_A1_OR3_X1_ZN_A1_AND4_X1_ZN_A1_OR3_X1_ZN_A1_AND4_X1_ZN_A4_OAI21_X1_ZN_B1_AOI21_X1_ZN_B2_OR3_X1_ZN/ZN (OR3_X1)
                    0.0158    0.0000    0.7006 v acc_out[8]_DFF_X1_Q_D_AND3_X1_ZN_A2_OR3_X1_ZN_A1_AND3_X1_ZN_A1_OR3_X1_ZN_A1_AND3_X1_ZN_A1_OR3_X1_ZN_A1_AND4_X1_ZN_A1_OR3_X1_ZN_A1_AND4_X1_ZN_A4_OAI21_X1_ZN_B1_AOI21_X1_ZN_A_AND3_X1_A2/A1 (AND3_X1)
     6    9.0194    0.0138    0.0464    0.7470 v acc_out[8]_DFF_X1_Q_D_AND3_X1_ZN_A2_OR3_X1_ZN_A1_AND3_X1_ZN_A1_OR3_X1_ZN_A1_AND3_X1_ZN_A1_OR3_X1_ZN_A1_AND4_X1_ZN_A1_OR3_X1_ZN_A1_AND4_X1_ZN_A4_OAI21_X1_ZN_B1_AOI21_X1_ZN_A_AND3_X1_A2/ZN (AND3_X1)
                    0.0138    0.0000    0.7470 v acc_out[8]_DFF_X1_Q_D_AND3_X1_ZN_A2_OR3_X1_ZN_A1_AND3_X1_ZN_A1_OR3_X1_ZN_A1_AND3_X1_ZN_A1_OR3_X1_ZN_A1_AND4_X1_ZN_A1_OR3_X1_ZN_A1_AND4_X1_ZN_A4_OAI21_X1_ZN_A_OR3_X1_A2/A1 (OR3_X1)
     4    6.0248    0.0183    0.0779    0.8248 v acc_out[8]_DFF_X1_Q_D_AND3_X1_ZN_A2_OR3_X1_ZN_A1_AND3_X1_ZN_A1_OR3_X1_ZN_A1_AND3_X1_ZN_A1_OR3_X1_ZN_A1_AND4_X1_ZN_A1_OR3_X1_ZN_A1_AND4_X1_ZN_A4_OAI21_X1_ZN_A_OR3_X1_A2/ZN (OR3_X1)
                    0.0183    0.0000    0.8248 v acc_out[8]_DFF_X1_Q_D_AND3_X1_ZN_A2_OR3_X1_ZN_A1_AND3_X1_ZN_A1_OR3_X1_ZN_A1_AND3_X1_ZN_A1_OR3_X1_ZN_A1_AND4_X1_ZN_A1_OR3_X1_ZN_A3_AOI22_X1_ZN/B2 (AOI22_X1)
     3    4.1555    0.0361    0.0625    0.8873 ^ acc_out[8]_DFF_X1_Q_D_AND3_X1_ZN_A2_OR3_X1_ZN_A1_AND3_X1_ZN_A1_OR3_X1_ZN_A1_AND3_X1_ZN_A1_OR3_X1_ZN_A1_AND4_X1_ZN_A1_OR3_X1_ZN_A3_AOI22_X1_ZN/ZN (AOI22_X1)
                    0.0361    0.0000    0.8873 ^ acc_out[9]_DFF_X1_Q_D_NOR2_X1_ZN_A2_XNOR2_X1_ZN_B_XOR2_X1_Z_B_XNOR2_X1_ZN_A_XOR2_X1_Z_B_XNOR2_X1_ZN_B_XOR2_X1_Z_B_XNOR2_X1_ZN_B_OAI21_X1_ZN/B2 (OAI21_X1)
     2    3.7781    0.0173    0.0292    0.9166 v acc_out[9]_DFF_X1_Q_D_NOR2_X1_ZN_A2_XNOR2_X1_ZN_B_XOR2_X1_Z_B_XNOR2_X1_ZN_A_XOR2_X1_Z_B_XNOR2_X1_ZN_B_XOR2_X1_Z_B_XNOR2_X1_ZN_B_OAI21_X1_ZN/ZN (OAI21_X1)
                    0.0173    0.0000    0.9166 v acc_out[9]_DFF_X1_Q_D_NOR2_X1_ZN_A2_XNOR2_X1_ZN_B_XOR2_X1_Z_B_XNOR2_X1_ZN_A_XOR2_X1_Z_B_XNOR2_X1_ZN_B_XOR2_X1_Z_B_XNOR2_X1_ZN/B (XNOR2_X1)
     2    3.9753    0.0163    0.0476    0.9642 v acc_out[9]_DFF_X1_Q_D_NOR2_X1_ZN_A2_XNOR2_X1_ZN_B_XOR2_X1_Z_B_XNOR2_X1_ZN_A_XOR2_X1_Z_B_XNOR2_X1_ZN_B_XOR2_X1_Z_B_XNOR2_X1_ZN/ZN (XNOR2_X1)
                    0.0163    0.0000    0.9642 v acc_out[9]_DFF_X1_Q_D_NOR2_X1_ZN_A2_XNOR2_X1_ZN_B_XOR2_X1_Z_B_XNOR2_X1_ZN_A_XOR2_X1_Z_B_XNOR2_X1_ZN_B_XOR2_X1_Z/B (XOR2_X1)
     2    3.7781    0.0144    0.0620    1.0261 v acc_out[9]_DFF_X1_Q_D_NOR2_X1_ZN_A2_XNOR2_X1_ZN_B_XOR2_X1_Z_B_XNOR2_X1_ZN_A_XOR2_X1_Z_B_XNOR2_X1_ZN_B_XOR2_X1_Z/Z (XOR2_X1)
                    0.0144    0.0000    1.0261 v acc_out[10]_DFF_X1_Q_D_AOI21_X1_ZN_B2_XNOR2_X1_ZN_B_XOR2_X1_Z_A_XNOR2_X1_ZN_B_XNOR2_X1_ZN_B_AOI21_X1_ZN/B2 (AOI21_X1)
     2    4.1455    0.0330    0.0456    1.0717 ^ acc_out[10]_DFF_X1_Q_D_AOI21_X1_ZN_B2_XNOR2_X1_ZN_B_XOR2_X1_Z_A_XNOR2_X1_ZN_B_XNOR2_X1_ZN_B_AOI21_X1_ZN/ZN (AOI21_X1)
                    0.0330    0.0000    1.0717 ^ acc_out[10]_DFF_X1_Q_D_AOI21_X1_ZN_B2_XNOR2_X1_ZN_B_XOR2_X1_Z_A_XNOR2_X1_ZN_B_XNOR2_X1_ZN_B_OAI21_X1_B2/B2 (OAI21_X1)
     2    3.6281    0.0163    0.0279    1.0996 v acc_out[10]_DFF_X1_Q_D_AOI21_X1_ZN_B2_XNOR2_X1_ZN_B_XOR2_X1_Z_A_XNOR2_X1_ZN_B_XNOR2_X1_ZN_B_OAI21_X1_B2/ZN (OAI21_X1)
                    0.0163    0.0000    1.0996 v acc_out[11]_DFF_X1_Q_D_NOR2_X1_ZN_A2_XNOR2_X1_ZN_A_XOR2_X1_Z_B_XOR2_X1_Z_B_XOR2_X1_Z_B_XOR2_X1_Z/A (XOR2_X1)
     2    3.3056    0.0136    0.0561    1.1557 v acc_out[11]_DFF_X1_Q_D_NOR2_X1_ZN_A2_XNOR2_X1_ZN_A_XOR2_X1_Z_B_XOR2_X1_Z_B_XOR2_X1_Z_B_XOR2_X1_Z/Z (XOR2_X1)
                    0.0136    0.0000    1.1557 v acc_out[11]_DFF_X1_Q_D_NOR2_X1_ZN_A2_XNOR2_X1_ZN_A_XOR2_X1_Z_B_XOR2_X1_Z_B_XOR2_X1_Z/B (XOR2_X1)
     2    3.8214    0.0143    0.0609    1.2166 v acc_out[11]_DFF_X1_Q_D_NOR2_X1_ZN_A2_XNOR2_X1_ZN_A_XOR2_X1_Z_B_XOR2_X1_Z_B_XOR2_X1_Z/Z (XOR2_X1)
                    0.0143    0.0000    1.2166 v acc_out[12]_DFF_X1_Q_D_AOI21_X1_ZN_B2_XNOR2_X1_ZN_B_XOR2_X1_Z_B_AOI21_X1_ZN/B2 (AOI21_X1)
     2    3.9354    0.0320    0.0445    1.2611 ^ acc_out[12]_DFF_X1_Q_D_AOI21_X1_ZN_B2_XNOR2_X1_ZN_B_XOR2_X1_Z_B_AOI21_X1_ZN/ZN (AOI21_X1)
                    0.0320    0.0000    1.2611 ^ acc_out[12]_DFF_X1_Q_D_AOI21_X1_ZN_B2_XNOR2_X1_ZN_B_XOR2_X1_Z_A_OAI21_X1_B1/B2 (OAI21_X1)
     2    3.8214    0.0164    0.0281    1.2892 v acc_out[12]_DFF_X1_Q_D_AOI21_X1_ZN_B2_XNOR2_X1_ZN_B_XOR2_X1_Z_A_OAI21_X1_B1/ZN (OAI21_X1)
                    0.0164    0.0000    1.2892 v acc_out[13]_DFF_X1_Q_D_AND2_X1_ZN_A1_OR2_X1_ZN_A2_XOR2_X1_Z_B_XOR2_X1_Z/B (XOR2_X1)
     2    3.3056    0.0144    0.0612    1.3504 v acc_out[13]_DFF_X1_Q_D_AND2_X1_ZN_A1_OR2_X1_ZN_A2_XOR2_X1_Z_B_XOR2_X1_Z/Z (XOR2_X1)
                    0.0144    0.0000    1.3504 v acc_out[13]_DFF_X1_Q_D_AND2_X1_ZN_A1_OR2_X1_ZN_A2_XOR2_X1_Z/B (XOR2_X1)
     3    3.7153    0.0142    0.0611    1.4115 v acc_out[13]_DFF_X1_Q_D_AND2_X1_ZN_A1_OR2_X1_ZN_A2_XOR2_X1_Z/Z (XOR2_X1)
                    0.0142    0.0000    1.4115 v acc_out[14]_DFF_X1_Q_D_AOI21_X1_ZN_B2_AOI21_X1_ZN/B2 (AOI21_X1)
     3    5.0010    0.0370    0.0498    1.4613 ^ acc_out[14]_DFF_X1_Q_D_AOI21_X1_ZN_B2_AOI21_X1_ZN/ZN (AOI21_X1)
                    0.0370    0.0000    1.4613 ^ acc_out[14]_DFF_X1_Q_D_AOI21_X1_ZN_B2_OAI21_X1_B1/B1 (OAI21_X1)
     2    3.7781    0.0166    0.0261    1.4874 v acc_out[14]_DFF_X1_Q_D_AOI21_X1_ZN_B2_OAI21_X1_B1/ZN (OAI21_X1)
                    0.0166    0.0000    1.4874 v acc_out[16]_DFF_X1_Q_D_AOI21_X1_ZN_B1_AOI21_X1_ZN/B2 (AOI21_X1)
     3    4.7908    0.0360    0.0497    1.5371 ^ acc_out[16]_DFF_X1_Q_D_AOI21_X1_ZN_B1_AOI21_X1_ZN/ZN (AOI21_X1)
                    0.0360    0.0000    1.5371 ^ acc_out[16]_DFF_X1_Q_D_AOI21_X1_ZN_B2_OAI21_X1_B1/B2 (OAI21_X1)
     3    3.7347    0.0172    0.0291    1.5662 v acc_out[16]_DFF_X1_Q_D_AOI21_X1_ZN_B2_OAI21_X1_B1/ZN (OAI21_X1)
                    0.0172    0.0000    1.5662 v acc_out[18]_DFF_X1_Q_D_AOI21_X1_ZN_B1_AOI21_X1_ZN/B1 (AOI21_X1)
     3    4.7908    0.0360    0.0450    1.6112 ^ acc_out[18]_DFF_X1_Q_D_AOI21_X1_ZN_B1_AOI21_X1_ZN/ZN (AOI21_X1)
                    0.0360    0.0000    1.6112 ^ acc_out[18]_DFF_X1_Q_D_AOI21_X1_ZN_B2_OAI21_X1_B1/B2 (OAI21_X1)
     2    3.5727    0.0170    0.0286    1.6399 v acc_out[18]_DFF_X1_Q_D_AOI21_X1_ZN_B2_OAI21_X1_B1/ZN (OAI21_X1)
                    0.0170    0.0000    1.6399 v acc_out[20]_DFF_X1_Q_D_AOI21_X1_ZN_B1_AOI21_X1_ZN/B1 (AOI21_X1)
     3    4.7908    0.0360    0.0450    1.6848 ^ acc_out[20]_DFF_X1_Q_D_AOI21_X1_ZN_B1_AOI21_X1_ZN/ZN (AOI21_X1)
                    0.0360    0.0000    1.6848 ^ acc_out[20]_DFF_X1_Q_D_AOI21_X1_ZN_A_OAI21_X1_ZN/B2 (OAI21_X1)
     1    1.5353    0.0139    0.0225    1.7073 v acc_out[20]_DFF_X1_Q_D_AOI21_X1_ZN_A_OAI21_X1_ZN/ZN (OAI21_X1)
                    0.0139    0.0000    1.7073 v acc_out[20]_DFF_X1_Q_D_AOI21_X1_ZN/A (AOI21_X1)
     1    1.1403    0.0189    0.0385    1.7458 ^ acc_out[20]_DFF_X1_Q_D_AOI21_X1_ZN/ZN (AOI21_X1)
                    0.0189    0.0000    1.7458 ^ acc_out[20]_DFF_X1_Q/D (DFF_X1)
                                        1.7458   data arrival time

                    0.0500    2.0000    2.0000   clock clk (rise edge)
                              0.0000    2.0000   clock network delay (ideal)
                             -0.0500    1.9500   clock uncertainty
                              0.0000    1.9500   clock reconvergence pessimism
                                        1.9500 ^ acc_out[20]_DFF_X1_Q/CK (DFF_X1)
                             -0.0289    1.9211   library setup time
                                        1.9211   data required time
-------------------------------------------------------------------------------------
                                        1.9211   data required time
                                       -1.7458   data arrival time
-------------------------------------------------------------------------------------
                                        0.1753   slack (MET)


Startpoint: b1[0]_AND2_X1_A2_ZN_DFF_X1_D
            (rising edge-triggered flip-flop clocked by clk)
Endpoint: acc_out[19]_DFF_X1_Q (rising edge-triggered flip-flop clocked by clk)
Path Group: clk
Path Type: max

Fanout       Cap      Slew     Delay      Time   Description
-------------------------------------------------------------------------------------
                    0.0500    0.0000    0.0000   clock clk (rise edge)
                              0.0000    0.0000   clock network delay (ideal)
                    0.0500    0.0000    0.0000 ^ b1[0]_AND2_X1_A2_ZN_DFF_X1_D/CK (DFF_X1)
    42   57.0488    0.1329    0.2293    0.2293 ^ b1[0]_AND2_X1_A2_ZN_DFF_X1_D/Q (DFF_X1)
                    0.1329    0.0000    0.2293 ^ acc_out[8]_DFF_X1_Q_D_AND3_X1_ZN_A2_OR3_X1_ZN_A1_AND3_X1_ZN_A1_OR3_X1_ZN_A1_AND3_X1_ZN_A1_OR3_X1_ZN_A1_AND4_X1_ZN_A1_OR3_X1_ZN_A1_AND4_X1_ZN_A4_OAI21_X1_ZN_B1_AOI21_X1_ZN_B2_OR3_X1_ZN_A2_AND3_X1_ZN_A1_OR3_X1_ZN_A1_AND3_X1_ZN_A1_OR3_X1_ZN_A1_AND3_X1_ZN_A1_OR3_X1_ZN_A3_AOI22_X1_ZN/B1 (AOI22_X1)
     3    3.9140    0.0405    0.0468    0.2761 v acc_out[8]_DFF_X1_Q_D_AND3_X1_ZN_A2_OR3_X1_ZN_A1_AND3_X1_ZN_A1_OR3_X1_ZN_A1_AND3_X1_ZN_A1_OR3_X1_ZN_A1_AND4_X1_ZN_A1_OR3_X1_ZN_A1_AND4_X1_ZN_A4_OAI21_X1_ZN_B1_AOI21_X1_ZN_B2_OR3_X1_ZN_A2_AND3_X1_ZN_A1_OR3_X1_ZN_A1_AND3_X1_ZN_A1_OR3_X1_ZN_A1_AND3_X1_ZN_A1_OR3_X1_ZN_A3_AOI22_X1_ZN/ZN (AOI22_X1)
                    0.0405    0.0000    0.2761 v acc_out[8]_DFF_X1_Q_D_AND3_X1_ZN_A2_OR3_X1_ZN_A1_AND3_X1_ZN_A1_OR3_X1_ZN_A1_AND3_X1_ZN_A1_OR3_X1_ZN_A1_AND4_X1_ZN_A1_OR3_X1_ZN_A1_AND4_X1_ZN_A4_OAI21_X1_ZN_B1_AOI21_X1_ZN_B2_OR3_X1_ZN_A2_AND3_X1_ZN_A1_OR3_X1_ZN_A1_AND3_X1_ZN_A1_OR3_X1_ZN_A1_AND3_X1_ZN_A1_OR3_X1_ZN/A3 (OR3_X1)
     3    3.8381    0.0158    0.0971    0.3732 v acc_out[8]_DFF_X1_Q_D_AND3_X1_ZN_A2_OR3_X1_ZN_A1_AND3_X1_ZN_A1_OR3_X1_ZN_A1_AND3_X1_ZN_A1_OR3_X1_ZN_A1_AND4_X1_ZN_A1_OR3_X1_ZN_A1_AND4_X1_ZN_A4_OAI21_X1_ZN_B1_AOI21_X1_ZN_B2_OR3_X1_ZN_A2_AND3_X1_ZN_A1_OR3_X1_ZN_A1_AND3_X1_ZN_A1_OR3_X1_ZN_A1_AND3_X1_ZN_A1_OR3_X1_ZN/ZN (OR3_X1)
                    0.0158    0.0000    0.3732 v acc_out[8]_DFF_X1_Q_D_AND3_X1_ZN_A2_OR3_X1_ZN_A1_AND3_X1_ZN_A1_OR3_X1_ZN_A1_AND3_X1_ZN_A1_OR3_X1_ZN_A1_AND4_X1_ZN_A1_OR3_X1_ZN_A1_AND4_X1_ZN_A4_OAI21_X1_ZN_B1_AOI21_X1_ZN_B2_OR3_X1_ZN_A2_AND3_X1_ZN_A1_OR3_X1_ZN_A1_AND3_X1_ZN_A1_OR3_X1_ZN_A1_AND3_X1_ZN/A1 (AND3_X1)
     2    2.3339    0.0074    0.0355    0.4087 v acc_out[8]_DFF_X1_Q_D_AND3_X1_ZN_A2_OR3_X1_ZN_A1_AND3_X1_ZN_A1_OR3_X1_ZN_A1_AND3_X1_ZN_A1_OR3_X1_ZN_A1_AND4_X1_ZN_A1_OR3_X1_ZN_A1_AND4_X1_ZN_A4_OAI21_X1_ZN_B1_AOI21_X1_ZN_B2_OR3_X1_ZN_A2_AND3_X1_ZN_A1_OR3_X1_ZN_A1_AND3_X1_ZN_A1_OR3_X1_ZN_A1_AND3_X1_ZN/ZN (AND3_X1)
                    0.0074    0.0000    0.4087 v acc_out[8]_DFF_X1_Q_D_AND3_X1_ZN_A2_OR3_X1_ZN_A1_AND3_X1_ZN_A1_OR3_X1_ZN_A1_AND3_X1_ZN_A1_OR3_X1_ZN_A1_AND4_X1_ZN_A1_OR3_X1_ZN_A1_AND4_X1_ZN_A4_OAI21_X1_ZN_B1_AOI21_X1_ZN_B2_OR3_X1_ZN_A2_AND3_X1_ZN_A1_OR3_X1_ZN_A1_AND3_X1_ZN_A1_OR3_X1_ZN/A1 (OR3_X1)
     3    3.8381    0.0158    0.0706    0.4793 v acc_out[8]_DFF_X1_Q_D_AND3_X1_ZN_A2_OR3_X1_ZN_A1_AND3_X1_ZN_A1_OR3_X1_ZN_A1_AND3_X1_ZN_A1_OR3_X1_ZN_A1_AND4_X1_ZN_A1_OR3_X1_ZN_A1_AND4_X1_ZN_A4_OAI21_X1_ZN_B1_AOI21_X1_ZN_B2_OR3_X1_ZN_A2_AND3_X1_ZN_A1_OR3_X1_ZN_A1_AND3_X1_ZN_A1_OR3_X1_ZN/ZN (OR3_X1)
                    0.0158    0.0000    0.4793 v acc_out[8]_DFF_X1_Q_D_AND3_X1_ZN_A2_OR3_X1_ZN_A1_AND3_X1_ZN_A1_OR3_X1_ZN_A1_AND3_X1_ZN_A1_OR3_X1_ZN_A1_AND4_X1_ZN_A1_OR3_X1_ZN_A1_AND4_X1_ZN_A4_OAI21_X1_ZN_B1_AOI21_X1_ZN_B2_OR3_X1_ZN_A2_AND3_X1_ZN_A1_OR3_X1_ZN_A1_AND3_X1_ZN/A1 (AND3_X1)
     2    2.3339    0.0074    0.0355    0.5148 v acc_out[8]_DFF_X1_Q_D_AND3_X1_ZN_A2_OR3_X1_ZN_A1_AND3_X1_ZN_A1_OR3_X1_ZN_A1_AND3_X1_ZN_A1_OR3_X1_ZN_A1_AND4_X1_ZN_A1_OR3_X1_ZN_A1_AND4_X1_ZN_A4_OAI21_X1_ZN_B1_AOI21_X1_ZN_B2_OR3_X1_ZN_A2_AND3_X1_ZN_A1_OR3_X1_ZN_A1_AND3_X1_ZN/ZN (AND3_X1)
                    0.0074    0.0000    0.5148 v acc_out[8]_DFF_X1_Q_D_AND3_X1_ZN_A2_OR3_X1_ZN_A1_AND3_X1_ZN_A1_OR3_X1_ZN_A1_AND3_X1_ZN_A1_OR3_X1_ZN_A1_AND4_X1_ZN_A1_OR3_X1_ZN_A1_AND4_X1_ZN_A4_OAI21_X1_ZN_B1_AOI21_X1_ZN_B2_OR3_X1_ZN_A2_AND3_X1_ZN_A1_OR3_X1_ZN/A1 (OR3_X1)
     2    2.2761    0.0139    0.0661    0.5809 v acc_out[8]_DFF_X1_Q_D_AND3_X1_ZN_A2_OR3_X1_ZN_A1_AND3_X1_ZN_A1_OR3_X1_ZN_A1_AND3_X1_ZN_A1_OR3_X1_ZN_A1_AND4_X1_ZN_A1_OR3_X1_ZN_A1_AND4_X1_ZN_A4_OAI21_X1_ZN_B1_AOI21_X1_ZN_B2_OR3_X1_ZN_A2_AND3_X1_ZN_A1_OR3_X1_ZN/ZN (OR3_X1)
                    0.0139    0.0000    0.5809 v acc_out[8]_DFF_X1_Q_D_AND3_X1_ZN_A2_OR3_X1_ZN_A1_AND3_X1_ZN_A1_OR3_X1_ZN_A1_AND3_X1_ZN_A1_OR3_X1_ZN_A1_AND4_X1_ZN_A1_OR3_X1_ZN_A1_AND4_X1_ZN_A4_OAI21_X1_ZN_B1_AOI21_X1_ZN_B2_OR3_X1_ZN_A2_AND3_X1_ZN/A1 (AND3_X1)
     3    3.8592    0.0089    0.0375    0.6184 v acc_out[8]_DFF_X1_Q_D_AND3_X1_ZN_A2_OR3_X1_ZN_A1_AND3_X1_ZN_A1_OR3_X1_ZN_A1_AND3_X1_ZN_A1_OR3_X1_ZN_A1_AND4_X1_ZN_A1_OR3_X1_ZN_A1_AND4_X1_ZN_A4_OAI21_X1_ZN_B1_AOI21_X1_ZN_B2_OR3_X1_ZN_A2_AND3_X1_ZN/ZN (AND3_X1)
                    0.0089    0.0000    0.6184 v acc_out[8]_DFF_X1_Q_D_AND3_X1_ZN_A2_OR3_X1_ZN_A1_AND3_X1_ZN_A1_OR3_X1_ZN_A1_AND3_X1_ZN_A1_OR3_X1_ZN_A1_AND4_X1_ZN_A1_OR3_X1_ZN_A1_AND4_X1_ZN_A4_OAI21_X1_ZN_B1_AOI21_X1_ZN_B2_OR3_X1_ZN/A2 (OR3_X1)
     3    3.7783    0.0158    0.0822    0.7006 v acc_out[8]_DFF_X1_Q_D_AND3_X1_ZN_A2_OR3_X1_ZN_A1_AND3_X1_ZN_A1_OR3_X1_ZN_A1_AND3_X1_ZN_A1_OR3_X1_ZN_A1_AND4_X1_ZN_A1_OR3_X1_ZN_A1_AND4_X1_ZN_A4_OAI21_X1_ZN_B1_AOI21_X1_ZN_B2_OR3_X1_ZN/ZN (OR3_X1)
                    0.0158    0.0000    0.7006 v acc_out[8]_DFF_X1_Q_D_AND3_X1_ZN_A2_OR3_X1_ZN_A1_AND3_X1_ZN_A1_OR3_X1_ZN_A1_AND3_X1_ZN_A1_OR3_X1_ZN_A1_AND4_X1_ZN_A1_OR3_X1_ZN_A1_AND4_X1_ZN_A4_OAI21_X1_ZN_B1_AOI21_X1_ZN_A_AND3_X1_A2/A1 (AND3_X1)
     6    9.0194    0.0138    0.0464    0.7470 v acc_out[8]_DFF_X1_Q_D_AND3_X1_ZN_A2_OR3_X1_ZN_A1_AND3_X1_ZN_A1_OR3_X1_ZN_A1_AND3_X1_ZN_A1_OR3_X1_ZN_A1_AND4_X1_ZN_A1_OR3_X1_ZN_A1_AND4_X1_ZN_A4_OAI21_X1_ZN_B1_AOI21_X1_ZN_A_AND3_X1_A2/ZN (AND3_X1)
                    0.0138    0.0000    0.7470 v acc_out[8]_DFF_X1_Q_D_AND3_X1_ZN_A2_OR3_X1_ZN_A1_AND3_X1_ZN_A1_OR3_X1_ZN_A1_AND3_X1_ZN_A1_OR3_X1_ZN_A1_AND4_X1_ZN_A1_OR3_X1_ZN_A1_AND4_X1_ZN_A4_OAI21_X1_ZN_A_OR3_X1_A2/A1 (OR3_X1)
     4    6.0248    0.0183    0.0779    0.8248 v acc_out[8]_DFF_X1_Q_D_AND3_X1_ZN_A2_OR3_X1_ZN_A1_AND3_X1_ZN_A1_OR3_X1_ZN_A1_AND3_X1_ZN_A1_OR3_X1_ZN_A1_AND4_X1_ZN_A1_OR3_X1_ZN_A1_AND4_X1_ZN_A4_OAI21_X1_ZN_A_OR3_X1_A2/ZN (OR3_X1)
                    0.0183    0.0000    0.8248 v acc_out[8]_DFF_X1_Q_D_AND3_X1_ZN_A2_OR3_X1_ZN_A1_AND3_X1_ZN_A1_OR3_X1_ZN_A1_AND3_X1_ZN_A1_OR3_X1_ZN_A1_AND4_X1_ZN_A1_OR3_X1_ZN_A3_AOI22_X1_ZN/B2 (AOI22_X1)
     3    4.1555    0.0361    0.0625    0.8873 ^ acc_out[8]_DFF_X1_Q_D_AND3_X1_ZN_A2_OR3_X1_ZN_A1_AND3_X1_ZN_A1_OR3_X1_ZN_A1_AND3_X1_ZN_A1_OR3_X1_ZN_A1_AND4_X1_ZN_A1_OR3_X1_ZN_A3_AOI22_X1_ZN/ZN (AOI22_X1)
                    0.0361    0.0000    0.8873 ^ acc_out[9]_DFF_X1_Q_D_NOR2_X1_ZN_A2_XNOR2_X1_ZN_B_XOR2_X1_Z_B_XNOR2_X1_ZN_A_XOR2_X1_Z_B_XNOR2_X1_ZN_B_XOR2_X1_Z_B_XNOR2_X1_ZN_B_OAI21_X1_ZN/B2 (OAI21_X1)
     2    3.7781    0.0173    0.0292    0.9166 v acc_out[9]_DFF_X1_Q_D_NOR2_X1_ZN_A2_XNOR2_X1_ZN_B_XOR2_X1_Z_B_XNOR2_X1_ZN_A_XOR2_X1_Z_B_XNOR2_X1_ZN_B_XOR2_X1_Z_B_XNOR2_X1_ZN_B_OAI21_X1_ZN/ZN (OAI21_X1)
                    0.0173    0.0000    0.9166 v acc_out[9]_DFF_X1_Q_D_NOR2_X1_ZN_A2_XNOR2_X1_ZN_B_XOR2_X1_Z_B_XNOR2_X1_ZN_A_XOR2_X1_Z_B_XNOR2_X1_ZN_B_XOR2_X1_Z_B_XNOR2_X1_ZN/B (XNOR2_X1)
     2    3.9753    0.0163    0.0476    0.9642 v acc_out[9]_DFF_X1_Q_D_NOR2_X1_ZN_A2_XNOR2_X1_ZN_B_XOR2_X1_Z_B_XNOR2_X1_ZN_A_XOR2_X1_Z_B_XNOR2_X1_ZN_B_XOR2_X1_Z_B_XNOR2_X1_ZN/ZN (XNOR2_X1)
                    0.0163    0.0000    0.9642 v acc_out[9]_DFF_X1_Q_D_NOR2_X1_ZN_A2_XNOR2_X1_ZN_B_XOR2_X1_Z_B_XNOR2_X1_ZN_A_XOR2_X1_Z_B_XNOR2_X1_ZN_B_XOR2_X1_Z/B (XOR2_X1)
     2    3.7781    0.0144    0.0620    1.0261 v acc_out[9]_DFF_X1_Q_D_NOR2_X1_ZN_A2_XNOR2_X1_ZN_B_XOR2_X1_Z_B_XNOR2_X1_ZN_A_XOR2_X1_Z_B_XNOR2_X1_ZN_B_XOR2_X1_Z/Z (XOR2_X1)
                    0.0144    0.0000    1.0261 v acc_out[10]_DFF_X1_Q_D_AOI21_X1_ZN_B2_XNOR2_X1_ZN_B_XOR2_X1_Z_A_XNOR2_X1_ZN_B_XNOR2_X1_ZN_B_AOI21_X1_ZN/B2 (AOI21_X1)
     2    4.1455    0.0330    0.0456    1.0717 ^ acc_out[10]_DFF_X1_Q_D_AOI21_X1_ZN_B2_XNOR2_X1_ZN_B_XOR2_X1_Z_A_XNOR2_X1_ZN_B_XNOR2_X1_ZN_B_AOI21_X1_ZN/ZN (AOI21_X1)
                    0.0330    0.0000    1.0717 ^ acc_out[10]_DFF_X1_Q_D_AOI21_X1_ZN_B2_XNOR2_X1_ZN_B_XOR2_X1_Z_A_XNOR2_X1_ZN_B_XNOR2_X1_ZN_B_OAI21_X1_B2/B2 (OAI21_X1)
     2    3.6281    0.0163    0.0279    1.0996 v acc_out[10]_DFF_X1_Q_D_AOI21_X1_ZN_B2_XNOR2_X1_ZN_B_XOR2_X1_Z_A_XNOR2_X1_ZN_B_XNOR2_X1_ZN_B_OAI21_X1_B2/ZN (OAI21_X1)
                    0.0163    0.0000    1.0996 v acc_out[11]_DFF_X1_Q_D_NOR2_X1_ZN_A2_XNOR2_X1_ZN_A_XOR2_X1_Z_B_XOR2_X1_Z_B_XOR2_X1_Z_B_XOR2_X1_Z/A (XOR2_X1)
     2    3.3056    0.0136    0.0561    1.1557 v acc_out[11]_DFF_X1_Q_D_NOR2_X1_ZN_A2_XNOR2_X1_ZN_A_XOR2_X1_Z_B_XOR2_X1_Z_B_XOR2_X1_Z_B_XOR2_X1_Z/Z (XOR2_X1)
                    0.0136    0.0000    1.1557 v acc_out[11]_DFF_X1_Q_D_NOR2_X1_ZN_A2_XNOR2_X1_ZN_A_XOR2_X1_Z_B_XOR2_X1_Z_B_XOR2_X1_Z/B (XOR2_X1)
     2    3.8214    0.0143    0.0609    1.2166 v acc_out[11]_DFF_X1_Q_D_NOR2_X1_ZN_A2_XNOR2_X1_ZN_A_XOR2_X1_Z_B_XOR2_X1_Z_B_XOR2_X1_Z/Z (XOR2_X1)
                    0.0143    0.0000    1.2166 v acc_out[12]_DFF_X1_Q_D_AOI21_X1_ZN_B2_XNOR2_X1_ZN_B_XOR2_X1_Z_B_AOI21_X1_ZN/B2 (AOI21_X1)
     2    3.9354    0.0320    0.0445    1.2611 ^ acc_out[12]_DFF_X1_Q_D_AOI21_X1_ZN_B2_XNOR2_X1_ZN_B_XOR2_X1_Z_B_AOI21_X1_ZN/ZN (AOI21_X1)
                    0.0320    0.0000    1.2611 ^ acc_out[12]_DFF_X1_Q_D_AOI21_X1_ZN_B2_XNOR2_X1_ZN_B_XOR2_X1_Z_A_OAI21_X1_B1/B2 (OAI21_X1)
     2    3.8214    0.0164    0.0281    1.2892 v acc_out[12]_DFF_X1_Q_D_AOI21_X1_ZN_B2_XNOR2_X1_ZN_B_XOR2_X1_Z_A_OAI21_X1_B1/ZN (OAI21_X1)
                    0.0164    0.0000    1.2892 v acc_out[13]_DFF_X1_Q_D_AND2_X1_ZN_A1_OR2_X1_ZN_A2_XOR2_X1_Z_B_XOR2_X1_Z/B (XOR2_X1)
     2    3.3056    0.0144    0.0612    1.3504 v acc_out[13]_DFF_X1_Q_D_AND2_X1_ZN_A1_OR2_X1_ZN_A2_XOR2_X1_Z_B_XOR2_X1_Z/Z (XOR2_X1)
                    0.0144    0.0000    1.3504 v acc_out[13]_DFF_X1_Q_D_AND2_X1_ZN_A1_OR2_X1_ZN_A2_XOR2_X1_Z/B (XOR2_X1)
     3    3.7153    0.0142    0.0611    1.4115 v acc_out[13]_DFF_X1_Q_D_AND2_X1_ZN_A1_OR2_X1_ZN_A2_XOR2_X1_Z/Z (XOR2_X1)
                    0.0142    0.0000    1.4115 v acc_out[14]_DFF_X1_Q_D_AOI21_X1_ZN_B2_AOI21_X1_ZN/B2 (AOI21_X1)
     3    5.0010    0.0370    0.0498    1.4613 ^ acc_out[14]_DFF_X1_Q_D_AOI21_X1_ZN_B2_AOI21_X1_ZN/ZN (AOI21_X1)
                    0.0370    0.0000    1.4613 ^ acc_out[14]_DFF_X1_Q_D_AOI21_X1_ZN_B2_OAI21_X1_B1/B1 (OAI21_X1)
     2    3.7781    0.0166    0.0261    1.4874 v acc_out[14]_DFF_X1_Q_D_AOI21_X1_ZN_B2_OAI21_X1_B1/ZN (OAI21_X1)
                    0.0166    0.0000    1.4874 v acc_out[16]_DFF_X1_Q_D_AOI21_X1_ZN_B1_AOI21_X1_ZN/B2 (AOI21_X1)
     3    4.7908    0.0360    0.0497    1.5371 ^ acc_out[16]_DFF_X1_Q_D_AOI21_X1_ZN_B1_AOI21_X1_ZN/ZN (AOI21_X1)
                    0.0360    0.0000    1.5371 ^ acc_out[16]_DFF_X1_Q_D_AOI21_X1_ZN_B2_OAI21_X1_B1/B2 (OAI21_X1)
     3    3.7347    0.0172    0.0291    1.5662 v acc_out[16]_DFF_X1_Q_D_AOI21_X1_ZN_B2_OAI21_X1_B1/ZN (OAI21_X1)
                    0.0172    0.0000    1.5662 v acc_out[18]_DFF_X1_Q_D_AOI21_X1_ZN_B1_AOI21_X1_ZN/B1 (AOI21_X1)
     3    4.7908    0.0360    0.0450    1.6112 ^ acc_out[18]_DFF_X1_Q_D_AOI21_X1_ZN_B1_AOI21_X1_ZN/ZN (AOI21_X1)
                    0.0360    0.0000    1.6112 ^ acc_out[18]_DFF_X1_Q_D_AOI21_X1_ZN_B2_OAI21_X1_B1/B2 (OAI21_X1)
     2    3.5727    0.0170    0.0286    1.6399 v acc_out[18]_DFF_X1_Q_D_AOI21_X1_ZN_B2_OAI21_X1_B1/ZN (OAI21_X1)
                    0.0170    0.0000    1.6399 v acc_out[19]_DFF_X1_Q_D_NOR2_X1_ZN_A2_XNOR2_X1_ZN/A (XNOR2_X1)
     1    1.5638    0.0135    0.0410    1.6809 v acc_out[19]_DFF_X1_Q_D_NOR2_X1_ZN_A2_XNOR2_X1_ZN/ZN (XNOR2_X1)
                    0.0135    0.0000    1.6809 v acc_out[19]_DFF_X1_Q_D_NOR2_X1_ZN/A2 (NOR2_X1)
     1    1.1403    0.0177    0.0271    1.7080 ^ acc_out[19]_DFF_X1_Q_D_NOR2_X1_ZN/ZN (NOR2_X1)
                    0.0177    0.0000    1.7080 ^ acc_out[19]_DFF_X1_Q/D (DFF_X1)
                                        1.7080   data arrival time

                    0.0500    2.0000    2.0000   clock clk (rise edge)
                              0.0000    2.0000   clock network delay (ideal)
                             -0.0500    1.9500   clock uncertainty
                              0.0000    1.9500   clock reconvergence pessimism
                                        1.9500 ^ acc_out[19]_DFF_X1_Q/CK (DFF_X1)
                             -0.0287    1.9213   library setup time
                                        1.9213   data required time
-------------------------------------------------------------------------------------
                                        1.9213   data required time
                                       -1.7080   data arrival time
-------------------------------------------------------------------------------------
                                        0.2133   slack (MET)


Startpoint: b1[0]_AND2_X1_A2_ZN_DFF_X1_D
            (rising edge-triggered flip-flop clocked by clk)
Endpoint: acc_out[18]_DFF_X1_Q (rising edge-triggered flip-flop clocked by clk)
Path Group: clk
Path Type: max

Fanout       Cap      Slew     Delay      Time   Description
-------------------------------------------------------------------------------------
                    0.0500    0.0000    0.0000   clock clk (rise edge)
                              0.0000    0.0000   clock network delay (ideal)
                    0.0500    0.0000    0.0000 ^ b1[0]_AND2_X1_A2_ZN_DFF_X1_D/CK (DFF_X1)
    42   57.0488    0.1329    0.2293    0.2293 ^ b1[0]_AND2_X1_A2_ZN_DFF_X1_D/Q (DFF_X1)
                    0.1329    0.0000    0.2293 ^ acc_out[8]_DFF_X1_Q_D_AND3_X1_ZN_A2_OR3_X1_ZN_A1_AND3_X1_ZN_A1_OR3_X1_ZN_A1_AND3_X1_ZN_A1_OR3_X1_ZN_A1_AND4_X1_ZN_A1_OR3_X1_ZN_A1_AND4_X1_ZN_A4_OAI21_X1_ZN_B1_AOI21_X1_ZN_B2_OR3_X1_ZN_A2_AND3_X1_ZN_A1_OR3_X1_ZN_A1_AND3_X1_ZN_A1_OR3_X1_ZN_A1_AND3_X1_ZN_A1_OR3_X1_ZN_A3_AOI22_X1_ZN/B1 (AOI22_X1)
     3    3.9140    0.0405    0.0468    0.2761 v acc_out[8]_DFF_X1_Q_D_AND3_X1_ZN_A2_OR3_X1_ZN_A1_AND3_X1_ZN_A1_OR3_X1_ZN_A1_AND3_X1_ZN_A1_OR3_X1_ZN_A1_AND4_X1_ZN_A1_OR3_X1_ZN_A1_AND4_X1_ZN_A4_OAI21_X1_ZN_B1_AOI21_X1_ZN_B2_OR3_X1_ZN_A2_AND3_X1_ZN_A1_OR3_X1_ZN_A1_AND3_X1_ZN_A1_OR3_X1_ZN_A1_AND3_X1_ZN_A1_OR3_X1_ZN_A3_AOI22_X1_ZN/ZN (AOI22_X1)
                    0.0405    0.0000    0.2761 v acc_out[8]_DFF_X1_Q_D_AND3_X1_ZN_A2_OR3_X1_ZN_A1_AND3_X1_ZN_A1_OR3_X1_ZN_A1_AND3_X1_ZN_A1_OR3_X1_ZN_A1_AND4_X1_ZN_A1_OR3_X1_ZN_A1_AND4_X1_ZN_A4_OAI21_X1_ZN_B1_AOI21_X1_ZN_B2_OR3_X1_ZN_A2_AND3_X1_ZN_A1_OR3_X1_ZN_A1_AND3_X1_ZN_A1_OR3_X1_ZN_A1_AND3_X1_ZN_A1_OR3_X1_ZN/A3 (OR3_X1)
     3    3.8381    0.0158    0.0971    0.3732 v acc_out[8]_DFF_X1_Q_D_AND3_X1_ZN_A2_OR3_X1_ZN_A1_AND3_X1_ZN_A1_OR3_X1_ZN_A1_AND3_X1_ZN_A1_OR3_X1_ZN_A1_AND4_X1_ZN_A1_OR3_X1_ZN_A1_AND4_X1_ZN_A4_OAI21_X1_ZN_B1_AOI21_X1_ZN_B2_OR3_X1_ZN_A2_AND3_X1_ZN_A1_OR3_X1_ZN_A1_AND3_X1_ZN_A1_OR3_X1_ZN_A1_AND3_X1_ZN_A1_OR3_X1_ZN/ZN (OR3_X1)
                    0.0158    0.0000    0.3732 v acc_out[8]_DFF_X1_Q_D_AND3_X1_ZN_A2_OR3_X1_ZN_A1_AND3_X1_ZN_A1_OR3_X1_ZN_A1_AND3_X1_ZN_A1_OR3_X1_ZN_A1_AND4_X1_ZN_A1_OR3_X1_ZN_A1_AND4_X1_ZN_A4_OAI21_X1_ZN_B1_AOI21_X1_ZN_B2_OR3_X1_ZN_A2_AND3_X1_ZN_A1_OR3_X1_ZN_A1_AND3_X1_ZN_A1_OR3_X1_ZN_A1_AND3_X1_ZN/A1 (AND3_X1)
     2    2.3339    0.0074    0.0355    0.4087 v acc_out[8]_DFF_X1_Q_D_AND3_X1_ZN_A2_OR3_X1_ZN_A1_AND3_X1_ZN_A1_OR3_X1_ZN_A1_AND3_X1_ZN_A1_OR3_X1_ZN_A1_AND4_X1_ZN_A1_OR3_X1_ZN_A1_AND4_X1_ZN_A4_OAI21_X1_ZN_B1_AOI21_X1_ZN_B2_OR3_X1_ZN_A2_AND3_X1_ZN_A1_OR3_X1_ZN_A1_AND3_X1_ZN_A1_OR3_X1_ZN_A1_AND3_X1_ZN/ZN (AND3_X1)
                    0.0074    0.0000    0.4087 v acc_out[8]_DFF_X1_Q_D_AND3_X1_ZN_A2_OR3_X1_ZN_A1_AND3_X1_ZN_A1_OR3_X1_ZN_A1_AND3_X1_ZN_A1_OR3_X1_ZN_A1_AND4_X1_ZN_A1_OR3_X1_ZN_A1_AND4_X1_ZN_A4_OAI21_X1_ZN_B1_AOI21_X1_ZN_B2_OR3_X1_ZN_A2_AND3_X1_ZN_A1_OR3_X1_ZN_A1_AND3_X1_ZN_A1_OR3_X1_ZN/A1 (OR3_X1)
     3    3.8381    0.0158    0.0706    0.4793 v acc_out[8]_DFF_X1_Q_D_AND3_X1_ZN_A2_OR3_X1_ZN_A1_AND3_X1_ZN_A1_OR3_X1_ZN_A1_AND3_X1_ZN_A1_OR3_X1_ZN_A1_AND4_X1_ZN_A1_OR3_X1_ZN_A1_AND4_X1_ZN_A4_OAI21_X1_ZN_B1_AOI21_X1_ZN_B2_OR3_X1_ZN_A2_AND3_X1_ZN_A1_OR3_X1_ZN_A1_AND3_X1_ZN_A1_OR3_X1_ZN/ZN (OR3_X1)
                    0.0158    0.0000    0.4793 v acc_out[8]_DFF_X1_Q_D_AND3_X1_ZN_A2_OR3_X1_ZN_A1_AND3_X1_ZN_A1_OR3_X1_ZN_A1_AND3_X1_ZN_A1_OR3_X1_ZN_A1_AND4_X1_ZN_A1_OR3_X1_ZN_A1_AND4_X1_ZN_A4_OAI21_X1_ZN_B1_AOI21_X1_ZN_B2_OR3_X1_ZN_A2_AND3_X1_ZN_A1_OR3_X1_ZN_A1_AND3_X1_ZN/A1 (AND3_X1)
     2    2.3339    0.0074    0.0355    0.5148 v acc_out[8]_DFF_X1_Q_D_AND3_X1_ZN_A2_OR3_X1_ZN_A1_AND3_X1_ZN_A1_OR3_X1_ZN_A1_AND3_X1_ZN_A1_OR3_X1_ZN_A1_AND4_X1_ZN_A1_OR3_X1_ZN_A1_AND4_X1_ZN_A4_OAI21_X1_ZN_B1_AOI21_X1_ZN_B2_OR3_X1_ZN_A2_AND3_X1_ZN_A1_OR3_X1_ZN_A1_AND3_X1_ZN/ZN (AND3_X1)
                    0.0074    0.0000    0.5148 v acc_out[8]_DFF_X1_Q_D_AND3_X1_ZN_A2_OR3_X1_ZN_A1_AND3_X1_ZN_A1_OR3_X1_ZN_A1_AND3_X1_ZN_A1_OR3_X1_ZN_A1_AND4_X1_ZN_A1_OR3_X1_ZN_A1_AND4_X1_ZN_A4_OAI21_X1_ZN_B1_AOI21_X1_ZN_B2_OR3_X1_ZN_A2_AND3_X1_ZN_A1_OR3_X1_ZN/A1 (OR3_X1)
     2    2.2761    0.0139    0.0661    0.5809 v acc_out[8]_DFF_X1_Q_D_AND3_X1_ZN_A2_OR3_X1_ZN_A1_AND3_X1_ZN_A1_OR3_X1_ZN_A1_AND3_X1_ZN_A1_OR3_X1_ZN_A1_AND4_X1_ZN_A1_OR3_X1_ZN_A1_AND4_X1_ZN_A4_OAI21_X1_ZN_B1_AOI21_X1_ZN_B2_OR3_X1_ZN_A2_AND3_X1_ZN_A1_OR3_X1_ZN/ZN (OR3_X1)
                    0.0139    0.0000    0.5809 v acc_out[8]_DFF_X1_Q_D_AND3_X1_ZN_A2_OR3_X1_ZN_A1_AND3_X1_ZN_A1_OR3_X1_ZN_A1_AND3_X1_ZN_A1_OR3_X1_ZN_A1_AND4_X1_ZN_A1_OR3_X1_ZN_A1_AND4_X1_ZN_A4_OAI21_X1_ZN_B1_AOI21_X1_ZN_B2_OR3_X1_ZN_A2_AND3_X1_ZN/A1 (AND3_X1)
     3    3.8592    0.0089    0.0375    0.6184 v acc_out[8]_DFF_X1_Q_D_AND3_X1_ZN_A2_OR3_X1_ZN_A1_AND3_X1_ZN_A1_OR3_X1_ZN_A1_AND3_X1_ZN_A1_OR3_X1_ZN_A1_AND4_X1_ZN_A1_OR3_X1_ZN_A1_AND4_X1_ZN_A4_OAI21_X1_ZN_B1_AOI21_X1_ZN_B2_OR3_X1_ZN_A2_AND3_X1_ZN/ZN (AND3_X1)
                    0.0089    0.0000    0.6184 v acc_out[8]_DFF_X1_Q_D_AND3_X1_ZN_A2_OR3_X1_ZN_A1_AND3_X1_ZN_A1_OR3_X1_ZN_A1_AND3_X1_ZN_A1_OR3_X1_ZN_A1_AND4_X1_ZN_A1_OR3_X1_ZN_A1_AND4_X1_ZN_A4_OAI21_X1_ZN_B1_AOI21_X1_ZN_B2_OR3_X1_ZN/A2 (OR3_X1)
     3    3.7783    0.0158    0.0822    0.7006 v acc_out[8]_DFF_X1_Q_D_AND3_X1_ZN_A2_OR3_X1_ZN_A1_AND3_X1_ZN_A1_OR3_X1_ZN_A1_AND3_X1_ZN_A1_OR3_X1_ZN_A1_AND4_X1_ZN_A1_OR3_X1_ZN_A1_AND4_X1_ZN_A4_OAI21_X1_ZN_B1_AOI21_X1_ZN_B2_OR3_X1_ZN/ZN (OR3_X1)
                    0.0158    0.0000    0.7006 v acc_out[8]_DFF_X1_Q_D_AND3_X1_ZN_A2_OR3_X1_ZN_A1_AND3_X1_ZN_A1_OR3_X1_ZN_A1_AND3_X1_ZN_A1_OR3_X1_ZN_A1_AND4_X1_ZN_A1_OR3_X1_ZN_A1_AND4_X1_ZN_A4_OAI21_X1_ZN_B1_AOI21_X1_ZN_A_AND3_X1_A2/A1 (AND3_X1)
     6    9.0194    0.0138    0.0464    0.7470 v acc_out[8]_DFF_X1_Q_D_AND3_X1_ZN_A2_OR3_X1_ZN_A1_AND3_X1_ZN_A1_OR3_X1_ZN_A1_AND3_X1_ZN_A1_OR3_X1_ZN_A1_AND4_X1_ZN_A1_OR3_X1_ZN_A1_AND4_X1_ZN_A4_OAI21_X1_ZN_B1_AOI21_X1_ZN_A_AND3_X1_A2/ZN (AND3_X1)
                    0.0138    0.0000    0.7470 v acc_out[8]_DFF_X1_Q_D_AND3_X1_ZN_A2_OR3_X1_ZN_A1_AND3_X1_ZN_A1_OR3_X1_ZN_A1_AND3_X1_ZN_A1_OR3_X1_ZN_A1_AND4_X1_ZN_A1_OR3_X1_ZN_A1_AND4_X1_ZN_A4_OAI21_X1_ZN_A_OR3_X1_A2/A1 (OR3_X1)
     4    6.0248    0.0183    0.0779    0.8248 v acc_out[8]_DFF_X1_Q_D_AND3_X1_ZN_A2_OR3_X1_ZN_A1_AND3_X1_ZN_A1_OR3_X1_ZN_A1_AND3_X1_ZN_A1_OR3_X1_ZN_A1_AND4_X1_ZN_A1_OR3_X1_ZN_A1_AND4_X1_ZN_A4_OAI21_X1_ZN_A_OR3_X1_A2/ZN (OR3_X1)
                    0.0183    0.0000    0.8248 v acc_out[8]_DFF_X1_Q_D_AND3_X1_ZN_A2_OR3_X1_ZN_A1_AND3_X1_ZN_A1_OR3_X1_ZN_A1_AND3_X1_ZN_A1_OR3_X1_ZN_A1_AND4_X1_ZN_A1_OR3_X1_ZN_A3_AOI22_X1_ZN/B2 (AOI22_X1)
     3    4.1555    0.0361    0.0625    0.8873 ^ acc_out[8]_DFF_X1_Q_D_AND3_X1_ZN_A2_OR3_X1_ZN_A1_AND3_X1_ZN_A1_OR3_X1_ZN_A1_AND3_X1_ZN_A1_OR3_X1_ZN_A1_AND4_X1_ZN_A1_OR3_X1_ZN_A3_AOI22_X1_ZN/ZN (AOI22_X1)
                    0.0361    0.0000    0.8873 ^ acc_out[9]_DFF_X1_Q_D_NOR2_X1_ZN_A2_XNOR2_X1_ZN_B_XOR2_X1_Z_B_XNOR2_X1_ZN_A_XOR2_X1_Z_B_XNOR2_X1_ZN_B_XOR2_X1_Z_B_XNOR2_X1_ZN_B_OAI21_X1_ZN/B2 (OAI21_X1)
     2    3.7781    0.0173    0.0292    0.9166 v acc_out[9]_DFF_X1_Q_D_NOR2_X1_ZN_A2_XNOR2_X1_ZN_B_XOR2_X1_Z_B_XNOR2_X1_ZN_A_XOR2_X1_Z_B_XNOR2_X1_ZN_B_XOR2_X1_Z_B_XNOR2_X1_ZN_B_OAI21_X1_ZN/ZN (OAI21_X1)
                    0.0173    0.0000    0.9166 v acc_out[9]_DFF_X1_Q_D_NOR2_X1_ZN_A2_XNOR2_X1_ZN_B_XOR2_X1_Z_B_XNOR2_X1_ZN_A_XOR2_X1_Z_B_XNOR2_X1_ZN_B_XOR2_X1_Z_B_XNOR2_X1_ZN/B (XNOR2_X1)
     2    3.9753    0.0163    0.0476    0.9642 v acc_out[9]_DFF_X1_Q_D_NOR2_X1_ZN_A2_XNOR2_X1_ZN_B_XOR2_X1_Z_B_XNOR2_X1_ZN_A_XOR2_X1_Z_B_XNOR2_X1_ZN_B_XOR2_X1_Z_B_XNOR2_X1_ZN/ZN (XNOR2_X1)
                    0.0163    0.0000    0.9642 v acc_out[9]_DFF_X1_Q_D_NOR2_X1_ZN_A2_XNOR2_X1_ZN_B_XOR2_X1_Z_B_XNOR2_X1_ZN_A_XOR2_X1_Z_B_XNOR2_X1_ZN_B_XOR2_X1_Z/B (XOR2_X1)
     2    3.7781    0.0144    0.0620    1.0261 v acc_out[9]_DFF_X1_Q_D_NOR2_X1_ZN_A2_XNOR2_X1_ZN_B_XOR2_X1_Z_B_XNOR2_X1_ZN_A_XOR2_X1_Z_B_XNOR2_X1_ZN_B_XOR2_X1_Z/Z (XOR2_X1)
                    0.0144    0.0000    1.0261 v acc_out[10]_DFF_X1_Q_D_AOI21_X1_ZN_B2_XNOR2_X1_ZN_B_XOR2_X1_Z_A_XNOR2_X1_ZN_B_XNOR2_X1_ZN_B_AOI21_X1_ZN/B2 (AOI21_X1)
     2    4.1455    0.0330    0.0456    1.0717 ^ acc_out[10]_DFF_X1_Q_D_AOI21_X1_ZN_B2_XNOR2_X1_ZN_B_XOR2_X1_Z_A_XNOR2_X1_ZN_B_XNOR2_X1_ZN_B_AOI21_X1_ZN/ZN (AOI21_X1)
                    0.0330    0.0000    1.0717 ^ acc_out[10]_DFF_X1_Q_D_AOI21_X1_ZN_B2_XNOR2_X1_ZN_B_XOR2_X1_Z_A_XNOR2_X1_ZN_B_XNOR2_X1_ZN_B_OAI21_X1_B2/B2 (OAI21_X1)
     2    3.6281    0.0163    0.0279    1.0996 v acc_out[10]_DFF_X1_Q_D_AOI21_X1_ZN_B2_XNOR2_X1_ZN_B_XOR2_X1_Z_A_XNOR2_X1_ZN_B_XNOR2_X1_ZN_B_OAI21_X1_B2/ZN (OAI21_X1)
                    0.0163    0.0000    1.0996 v acc_out[11]_DFF_X1_Q_D_NOR2_X1_ZN_A2_XNOR2_X1_ZN_A_XOR2_X1_Z_B_XOR2_X1_Z_B_XOR2_X1_Z_B_XOR2_X1_Z/A (XOR2_X1)
     2    3.3056    0.0136    0.0561    1.1557 v acc_out[11]_DFF_X1_Q_D_NOR2_X1_ZN_A2_XNOR2_X1_ZN_A_XOR2_X1_Z_B_XOR2_X1_Z_B_XOR2_X1_Z_B_XOR2_X1_Z/Z (XOR2_X1)
                    0.0136    0.0000    1.1557 v acc_out[11]_DFF_X1_Q_D_NOR2_X1_ZN_A2_XNOR2_X1_ZN_A_XOR2_X1_Z_B_XOR2_X1_Z_B_XOR2_X1_Z/B (XOR2_X1)
     2    3.8214    0.0143    0.0609    1.2166 v acc_out[11]_DFF_X1_Q_D_NOR2_X1_ZN_A2_XNOR2_X1_ZN_A_XOR2_X1_Z_B_XOR2_X1_Z_B_XOR2_X1_Z/Z (XOR2_X1)
                    0.0143    0.0000    1.2166 v acc_out[12]_DFF_X1_Q_D_AOI21_X1_ZN_B2_XNOR2_X1_ZN_B_XOR2_X1_Z_B_AOI21_X1_ZN/B2 (AOI21_X1)
     2    3.9354    0.0320    0.0445    1.2611 ^ acc_out[12]_DFF_X1_Q_D_AOI21_X1_ZN_B2_XNOR2_X1_ZN_B_XOR2_X1_Z_B_AOI21_X1_ZN/ZN (AOI21_X1)
                    0.0320    0.0000    1.2611 ^ acc_out[12]_DFF_X1_Q_D_AOI21_X1_ZN_B2_XNOR2_X1_ZN_B_XOR2_X1_Z_A_OAI21_X1_B1/B2 (OAI21_X1)
     2    3.8214    0.0164    0.0281    1.2892 v acc_out[12]_DFF_X1_Q_D_AOI21_X1_ZN_B2_XNOR2_X1_ZN_B_XOR2_X1_Z_A_OAI21_X1_B1/ZN (OAI21_X1)
                    0.0164    0.0000    1.2892 v acc_out[13]_DFF_X1_Q_D_AND2_X1_ZN_A1_OR2_X1_ZN_A2_XOR2_X1_Z_B_XOR2_X1_Z/B (XOR2_X1)
     2    3.3056    0.0144    0.0612    1.3504 v acc_out[13]_DFF_X1_Q_D_AND2_X1_ZN_A1_OR2_X1_ZN_A2_XOR2_X1_Z_B_XOR2_X1_Z/Z (XOR2_X1)
                    0.0144    0.0000    1.3504 v acc_out[13]_DFF_X1_Q_D_AND2_X1_ZN_A1_OR2_X1_ZN_A2_XOR2_X1_Z/B (XOR2_X1)
     3    3.7153    0.0142    0.0611    1.4115 v acc_out[13]_DFF_X1_Q_D_AND2_X1_ZN_A1_OR2_X1_ZN_A2_XOR2_X1_Z/Z (XOR2_X1)
                    0.0142    0.0000    1.4115 v acc_out[14]_DFF_X1_Q_D_AOI21_X1_ZN_B2_AOI21_X1_ZN/B2 (AOI21_X1)
     3    5.0010    0.0370    0.0498    1.4613 ^ acc_out[14]_DFF_X1_Q_D_AOI21_X1_ZN_B2_AOI21_X1_ZN/ZN (AOI21_X1)
                    0.0370    0.0000    1.4613 ^ acc_out[14]_DFF_X1_Q_D_AOI21_X1_ZN_B2_OAI21_X1_B1/B1 (OAI21_X1)
     2    3.7781    0.0166    0.0261    1.4874 v acc_out[14]_DFF_X1_Q_D_AOI21_X1_ZN_B2_OAI21_X1_B1/ZN (OAI21_X1)
                    0.0166    0.0000    1.4874 v acc_out[16]_DFF_X1_Q_D_AOI21_X1_ZN_B1_AOI21_X1_ZN/B2 (AOI21_X1)
     3    4.7908    0.0360    0.0497    1.5371 ^ acc_out[16]_DFF_X1_Q_D_AOI21_X1_ZN_B1_AOI21_X1_ZN/ZN (AOI21_X1)
                    0.0360    0.0000    1.5371 ^ acc_out[16]_DFF_X1_Q_D_AOI21_X1_ZN_B2_OAI21_X1_B1/B2 (OAI21_X1)
     3    3.7347    0.0172    0.0291    1.5662 v acc_out[16]_DFF_X1_Q_D_AOI21_X1_ZN_B2_OAI21_X1_B1/ZN (OAI21_X1)
                    0.0172    0.0000    1.5662 v acc_out[18]_DFF_X1_Q_D_AOI21_X1_ZN_B1_AOI21_X1_ZN/B1 (AOI21_X1)
     3    4.7908    0.0360    0.0450    1.6112 ^ acc_out[18]_DFF_X1_Q_D_AOI21_X1_ZN_B1_AOI21_X1_ZN/ZN (AOI21_X1)
                    0.0360    0.0000    1.6112 ^ acc_out[18]_DFF_X1_Q_D_AOI21_X1_ZN_A_OAI21_X1_ZN/B2 (OAI21_X1)
     1    1.5353    0.0139    0.0225    1.6337 v acc_out[18]_DFF_X1_Q_D_AOI21_X1_ZN_A_OAI21_X1_ZN/ZN (OAI21_X1)
                    0.0139    0.0000    1.6337 v acc_out[18]_DFF_X1_Q_D_AOI21_X1_ZN/A (AOI21_X1)
     1    1.1403    0.0189    0.0385    1.6722 ^ acc_out[18]_DFF_X1_Q_D_AOI21_X1_ZN/ZN (AOI21_X1)
                    0.0189    0.0000    1.6722 ^ acc_out[18]_DFF_X1_Q/D (DFF_X1)
                                        1.6722   data arrival time

                    0.0500    2.0000    2.0000   clock clk (rise edge)
                              0.0000    2.0000   clock network delay (ideal)
                             -0.0500    1.9500   clock uncertainty
                              0.0000    1.9500   clock reconvergence pessimism
                                        1.9500 ^ acc_out[18]_DFF_X1_Q/CK (DFF_X1)
                             -0.0289    1.9211   library setup time
                                        1.9211   data required time
-------------------------------------------------------------------------------------
                                        1.9211   data required time
                                       -1.6722   data arrival time
-------------------------------------------------------------------------------------
                                        0.2489   slack (MET)


Startpoint: b1[0]_AND2_X1_A2_ZN_DFF_X1_D
            (rising edge-triggered flip-flop clocked by clk)
Endpoint: acc_out[17]_DFF_X1_Q (rising edge-triggered flip-flop clocked by clk)
Path Group: clk
Path Type: max

Fanout       Cap      Slew     Delay      Time   Description
-------------------------------------------------------------------------------------
                    0.0500    0.0000    0.0000   clock clk (rise edge)
                              0.0000    0.0000   clock network delay (ideal)
                    0.0500    0.0000    0.0000 ^ b1[0]_AND2_X1_A2_ZN_DFF_X1_D/CK (DFF_X1)
    42   57.0488    0.1329    0.2293    0.2293 ^ b1[0]_AND2_X1_A2_ZN_DFF_X1_D/Q (DFF_X1)
                    0.1329    0.0000    0.2293 ^ acc_out[8]_DFF_X1_Q_D_AND3_X1_ZN_A2_OR3_X1_ZN_A1_AND3_X1_ZN_A1_OR3_X1_ZN_A1_AND3_X1_ZN_A1_OR3_X1_ZN_A1_AND4_X1_ZN_A1_OR3_X1_ZN_A1_AND4_X1_ZN_A4_OAI21_X1_ZN_B1_AOI21_X1_ZN_B2_OR3_X1_ZN_A2_AND3_X1_ZN_A1_OR3_X1_ZN_A1_AND3_X1_ZN_A1_OR3_X1_ZN_A1_AND3_X1_ZN_A1_OR3_X1_ZN_A3_AOI22_X1_ZN/B1 (AOI22_X1)
     3    3.9140    0.0405    0.0468    0.2761 v acc_out[8]_DFF_X1_Q_D_AND3_X1_ZN_A2_OR3_X1_ZN_A1_AND3_X1_ZN_A1_OR3_X1_ZN_A1_AND3_X1_ZN_A1_OR3_X1_ZN_A1_AND4_X1_ZN_A1_OR3_X1_ZN_A1_AND4_X1_ZN_A4_OAI21_X1_ZN_B1_AOI21_X1_ZN_B2_OR3_X1_ZN_A2_AND3_X1_ZN_A1_OR3_X1_ZN_A1_AND3_X1_ZN_A1_OR3_X1_ZN_A1_AND3_X1_ZN_A1_OR3_X1_ZN_A3_AOI22_X1_ZN/ZN (AOI22_X1)
                    0.0405    0.0000    0.2761 v acc_out[8]_DFF_X1_Q_D_AND3_X1_ZN_A2_OR3_X1_ZN_A1_AND3_X1_ZN_A1_OR3_X1_ZN_A1_AND3_X1_ZN_A1_OR3_X1_ZN_A1_AND4_X1_ZN_A1_OR3_X1_ZN_A1_AND4_X1_ZN_A4_OAI21_X1_ZN_B1_AOI21_X1_ZN_B2_OR3_X1_ZN_A2_AND3_X1_ZN_A1_OR3_X1_ZN_A1_AND3_X1_ZN_A1_OR3_X1_ZN_A1_AND3_X1_ZN_A1_OR3_X1_ZN/A3 (OR3_X1)
     3    3.8381    0.0158    0.0971    0.3732 v acc_out[8]_DFF_X1_Q_D_AND3_X1_ZN_A2_OR3_X1_ZN_A1_AND3_X1_ZN_A1_OR3_X1_ZN_A1_AND3_X1_ZN_A1_OR3_X1_ZN_A1_AND4_X1_ZN_A1_OR3_X1_ZN_A1_AND4_X1_ZN_A4_OAI21_X1_ZN_B1_AOI21_X1_ZN_B2_OR3_X1_ZN_A2_AND3_X1_ZN_A1_OR3_X1_ZN_A1_AND3_X1_ZN_A1_OR3_X1_ZN_A1_AND3_X1_ZN_A1_OR3_X1_ZN/ZN (OR3_X1)
                    0.0158    0.0000    0.3732 v acc_out[8]_DFF_X1_Q_D_AND3_X1_ZN_A2_OR3_X1_ZN_A1_AND3_X1_ZN_A1_OR3_X1_ZN_A1_AND3_X1_ZN_A1_OR3_X1_ZN_A1_AND4_X1_ZN_A1_OR3_X1_ZN_A1_AND4_X1_ZN_A4_OAI21_X1_ZN_B1_AOI21_X1_ZN_B2_OR3_X1_ZN_A2_AND3_X1_ZN_A1_OR3_X1_ZN_A1_AND3_X1_ZN_A1_OR3_X1_ZN_A1_AND3_X1_ZN/A1 (AND3_X1)
     2    2.3339    0.0074    0.0355    0.4087 v acc_out[8]_DFF_X1_Q_D_AND3_X1_ZN_A2_OR3_X1_ZN_A1_AND3_X1_ZN_A1_OR3_X1_ZN_A1_AND3_X1_ZN_A1_OR3_X1_ZN_A1_AND4_X1_ZN_A1_OR3_X1_ZN_A1_AND4_X1_ZN_A4_OAI21_X1_ZN_B1_AOI21_X1_ZN_B2_OR3_X1_ZN_A2_AND3_X1_ZN_A1_OR3_X1_ZN_A1_AND3_X1_ZN_A1_OR3_X1_ZN_A1_AND3_X1_ZN/ZN (AND3_X1)
                    0.0074    0.0000    0.4087 v acc_out[8]_DFF_X1_Q_D_AND3_X1_ZN_A2_OR3_X1_ZN_A1_AND3_X1_ZN_A1_OR3_X1_ZN_A1_AND3_X1_ZN_A1_OR3_X1_ZN_A1_AND4_X1_ZN_A1_OR3_X1_ZN_A1_AND4_X1_ZN_A4_OAI21_X1_ZN_B1_AOI21_X1_ZN_B2_OR3_X1_ZN_A2_AND3_X1_ZN_A1_OR3_X1_ZN_A1_AND3_X1_ZN_A1_OR3_X1_ZN/A1 (OR3_X1)
     3    3.8381    0.0158    0.0706    0.4793 v acc_out[8]_DFF_X1_Q_D_AND3_X1_ZN_A2_OR3_X1_ZN_A1_AND3_X1_ZN_A1_OR3_X1_ZN_A1_AND3_X1_ZN_A1_OR3_X1_ZN_A1_AND4_X1_ZN_A1_OR3_X1_ZN_A1_AND4_X1_ZN_A4_OAI21_X1_ZN_B1_AOI21_X1_ZN_B2_OR3_X1_ZN_A2_AND3_X1_ZN_A1_OR3_X1_ZN_A1_AND3_X1_ZN_A1_OR3_X1_ZN/ZN (OR3_X1)
                    0.0158    0.0000    0.4793 v acc_out[8]_DFF_X1_Q_D_AND3_X1_ZN_A2_OR3_X1_ZN_A1_AND3_X1_ZN_A1_OR3_X1_ZN_A1_AND3_X1_ZN_A1_OR3_X1_ZN_A1_AND4_X1_ZN_A1_OR3_X1_ZN_A1_AND4_X1_ZN_A4_OAI21_X1_ZN_B1_AOI21_X1_ZN_B2_OR3_X1_ZN_A2_AND3_X1_ZN_A1_OR3_X1_ZN_A1_AND3_X1_ZN/A1 (AND3_X1)
     2    2.3339    0.0074    0.0355    0.5148 v acc_out[8]_DFF_X1_Q_D_AND3_X1_ZN_A2_OR3_X1_ZN_A1_AND3_X1_ZN_A1_OR3_X1_ZN_A1_AND3_X1_ZN_A1_OR3_X1_ZN_A1_AND4_X1_ZN_A1_OR3_X1_ZN_A1_AND4_X1_ZN_A4_OAI21_X1_ZN_B1_AOI21_X1_ZN_B2_OR3_X1_ZN_A2_AND3_X1_ZN_A1_OR3_X1_ZN_A1_AND3_X1_ZN/ZN (AND3_X1)
                    0.0074    0.0000    0.5148 v acc_out[8]_DFF_X1_Q_D_AND3_X1_ZN_A2_OR3_X1_ZN_A1_AND3_X1_ZN_A1_OR3_X1_ZN_A1_AND3_X1_ZN_A1_OR3_X1_ZN_A1_AND4_X1_ZN_A1_OR3_X1_ZN_A1_AND4_X1_ZN_A4_OAI21_X1_ZN_B1_AOI21_X1_ZN_B2_OR3_X1_ZN_A2_AND3_X1_ZN_A1_OR3_X1_ZN/A1 (OR3_X1)
     2    2.2761    0.0139    0.0661    0.5809 v acc_out[8]_DFF_X1_Q_D_AND3_X1_ZN_A2_OR3_X1_ZN_A1_AND3_X1_ZN_A1_OR3_X1_ZN_A1_AND3_X1_ZN_A1_OR3_X1_ZN_A1_AND4_X1_ZN_A1_OR3_X1_ZN_A1_AND4_X1_ZN_A4_OAI21_X1_ZN_B1_AOI21_X1_ZN_B2_OR3_X1_ZN_A2_AND3_X1_ZN_A1_OR3_X1_ZN/ZN (OR3_X1)
                    0.0139    0.0000    0.5809 v acc_out[8]_DFF_X1_Q_D_AND3_X1_ZN_A2_OR3_X1_ZN_A1_AND3_X1_ZN_A1_OR3_X1_ZN_A1_AND3_X1_ZN_A1_OR3_X1_ZN_A1_AND4_X1_ZN_A1_OR3_X1_ZN_A1_AND4_X1_ZN_A4_OAI21_X1_ZN_B1_AOI21_X1_ZN_B2_OR3_X1_ZN_A2_AND3_X1_ZN/A1 (AND3_X1)
     3    3.8592    0.0089    0.0375    0.6184 v acc_out[8]_DFF_X1_Q_D_AND3_X1_ZN_A2_OR3_X1_ZN_A1_AND3_X1_ZN_A1_OR3_X1_ZN_A1_AND3_X1_ZN_A1_OR3_X1_ZN_A1_AND4_X1_ZN_A1_OR3_X1_ZN_A1_AND4_X1_ZN_A4_OAI21_X1_ZN_B1_AOI21_X1_ZN_B2_OR3_X1_ZN_A2_AND3_X1_ZN/ZN (AND3_X1)
                    0.0089    0.0000    0.6184 v acc_out[8]_DFF_X1_Q_D_AND3_X1_ZN_A2_OR3_X1_ZN_A1_AND3_X1_ZN_A1_OR3_X1_ZN_A1_AND3_X1_ZN_A1_OR3_X1_ZN_A1_AND4_X1_ZN_A1_OR3_X1_ZN_A1_AND4_X1_ZN_A4_OAI21_X1_ZN_B1_AOI21_X1_ZN_B2_OR3_X1_ZN/A2 (OR3_X1)
     3    3.7783    0.0158    0.0822    0.7006 v acc_out[8]_DFF_X1_Q_D_AND3_X1_ZN_A2_OR3_X1_ZN_A1_AND3_X1_ZN_A1_OR3_X1_ZN_A1_AND3_X1_ZN_A1_OR3_X1_ZN_A1_AND4_X1_ZN_A1_OR3_X1_ZN_A1_AND4_X1_ZN_A4_OAI21_X1_ZN_B1_AOI21_X1_ZN_B2_OR3_X1_ZN/ZN (OR3_X1)
                    0.0158    0.0000    0.7006 v acc_out[8]_DFF_X1_Q_D_AND3_X1_ZN_A2_OR3_X1_ZN_A1_AND3_X1_ZN_A1_OR3_X1_ZN_A1_AND3_X1_ZN_A1_OR3_X1_ZN_A1_AND4_X1_ZN_A1_OR3_X1_ZN_A1_AND4_X1_ZN_A4_OAI21_X1_ZN_B1_AOI21_X1_ZN_A_AND3_X1_A2/A1 (AND3_X1)
     6    9.0194    0.0138    0.0464    0.7470 v acc_out[8]_DFF_X1_Q_D_AND3_X1_ZN_A2_OR3_X1_ZN_A1_AND3_X1_ZN_A1_OR3_X1_ZN_A1_AND3_X1_ZN_A1_OR3_X1_ZN_A1_AND4_X1_ZN_A1_OR3_X1_ZN_A1_AND4_X1_ZN_A4_OAI21_X1_ZN_B1_AOI21_X1_ZN_A_AND3_X1_A2/ZN (AND3_X1)
                    0.0138    0.0000    0.7470 v acc_out[8]_DFF_X1_Q_D_AND3_X1_ZN_A2_OR3_X1_ZN_A1_AND3_X1_ZN_A1_OR3_X1_ZN_A1_AND3_X1_ZN_A1_OR3_X1_ZN_A1_AND4_X1_ZN_A1_OR3_X1_ZN_A1_AND4_X1_ZN_A4_OAI21_X1_ZN_A_OR3_X1_A2/A1 (OR3_X1)
     4    6.0248    0.0183    0.0779    0.8248 v acc_out[8]_DFF_X1_Q_D_AND3_X1_ZN_A2_OR3_X1_ZN_A1_AND3_X1_ZN_A1_OR3_X1_ZN_A1_AND3_X1_ZN_A1_OR3_X1_ZN_A1_AND4_X1_ZN_A1_OR3_X1_ZN_A1_AND4_X1_ZN_A4_OAI21_X1_ZN_A_OR3_X1_A2/ZN (OR3_X1)
                    0.0183    0.0000    0.8248 v acc_out[8]_DFF_X1_Q_D_AND3_X1_ZN_A2_OR3_X1_ZN_A1_AND3_X1_ZN_A1_OR3_X1_ZN_A1_AND3_X1_ZN_A1_OR3_X1_ZN_A1_AND4_X1_ZN_A1_OR3_X1_ZN_A3_AOI22_X1_ZN/B2 (AOI22_X1)
     3    4.1555    0.0361    0.0625    0.8873 ^ acc_out[8]_DFF_X1_Q_D_AND3_X1_ZN_A2_OR3_X1_ZN_A1_AND3_X1_ZN_A1_OR3_X1_ZN_A1_AND3_X1_ZN_A1_OR3_X1_ZN_A1_AND4_X1_ZN_A1_OR3_X1_ZN_A3_AOI22_X1_ZN/ZN (AOI22_X1)
                    0.0361    0.0000    0.8873 ^ acc_out[9]_DFF_X1_Q_D_NOR2_X1_ZN_A2_XNOR2_X1_ZN_B_XOR2_X1_Z_B_XNOR2_X1_ZN_A_XOR2_X1_Z_B_XNOR2_X1_ZN_B_XOR2_X1_Z_B_XNOR2_X1_ZN_B_OAI21_X1_ZN/B2 (OAI21_X1)
     2    3.7781    0.0173    0.0292    0.9166 v acc_out[9]_DFF_X1_Q_D_NOR2_X1_ZN_A2_XNOR2_X1_ZN_B_XOR2_X1_Z_B_XNOR2_X1_ZN_A_XOR2_X1_Z_B_XNOR2_X1_ZN_B_XOR2_X1_Z_B_XNOR2_X1_ZN_B_OAI21_X1_ZN/ZN (OAI21_X1)
                    0.0173    0.0000    0.9166 v acc_out[9]_DFF_X1_Q_D_NOR2_X1_ZN_A2_XNOR2_X1_ZN_B_XOR2_X1_Z_B_XNOR2_X1_ZN_A_XOR2_X1_Z_B_XNOR2_X1_ZN_B_XOR2_X1_Z_B_XNOR2_X1_ZN/B (XNOR2_X1)
     2    3.9753    0.0163    0.0476    0.9642 v acc_out[9]_DFF_X1_Q_D_NOR2_X1_ZN_A2_XNOR2_X1_ZN_B_XOR2_X1_Z_B_XNOR2_X1_ZN_A_XOR2_X1_Z_B_XNOR2_X1_ZN_B_XOR2_X1_Z_B_XNOR2_X1_ZN/ZN (XNOR2_X1)
                    0.0163    0.0000    0.9642 v acc_out[9]_DFF_X1_Q_D_NOR2_X1_ZN_A2_XNOR2_X1_ZN_B_XOR2_X1_Z_B_XNOR2_X1_ZN_A_XOR2_X1_Z_B_XNOR2_X1_ZN_B_XOR2_X1_Z/B (XOR2_X1)
     2    3.7781    0.0144    0.0620    1.0261 v acc_out[9]_DFF_X1_Q_D_NOR2_X1_ZN_A2_XNOR2_X1_ZN_B_XOR2_X1_Z_B_XNOR2_X1_ZN_A_XOR2_X1_Z_B_XNOR2_X1_ZN_B_XOR2_X1_Z/Z (XOR2_X1)
                    0.0144    0.0000    1.0261 v acc_out[10]_DFF_X1_Q_D_AOI21_X1_ZN_B2_XNOR2_X1_ZN_B_XOR2_X1_Z_A_XNOR2_X1_ZN_B_XNOR2_X1_ZN_B_AOI21_X1_ZN/B2 (AOI21_X1)
     2    4.1455    0.0330    0.0456    1.0717 ^ acc_out[10]_DFF_X1_Q_D_AOI21_X1_ZN_B2_XNOR2_X1_ZN_B_XOR2_X1_Z_A_XNOR2_X1_ZN_B_XNOR2_X1_ZN_B_AOI21_X1_ZN/ZN (AOI21_X1)
                    0.0330    0.0000    1.0717 ^ acc_out[10]_DFF_X1_Q_D_AOI21_X1_ZN_B2_XNOR2_X1_ZN_B_XOR2_X1_Z_A_XNOR2_X1_ZN_B_XNOR2_X1_ZN_B_OAI21_X1_B2/B2 (OAI21_X1)
     2    3.6281    0.0163    0.0279    1.0996 v acc_out[10]_DFF_X1_Q_D_AOI21_X1_ZN_B2_XNOR2_X1_ZN_B_XOR2_X1_Z_A_XNOR2_X1_ZN_B_XNOR2_X1_ZN_B_OAI21_X1_B2/ZN (OAI21_X1)
                    0.0163    0.0000    1.0996 v acc_out[11]_DFF_X1_Q_D_NOR2_X1_ZN_A2_XNOR2_X1_ZN_A_XOR2_X1_Z_B_XOR2_X1_Z_B_XOR2_X1_Z_B_XOR2_X1_Z/A (XOR2_X1)
     2    3.3056    0.0136    0.0561    1.1557 v acc_out[11]_DFF_X1_Q_D_NOR2_X1_ZN_A2_XNOR2_X1_ZN_A_XOR2_X1_Z_B_XOR2_X1_Z_B_XOR2_X1_Z_B_XOR2_X1_Z/Z (XOR2_X1)
                    0.0136    0.0000    1.1557 v acc_out[11]_DFF_X1_Q_D_NOR2_X1_ZN_A2_XNOR2_X1_ZN_A_XOR2_X1_Z_B_XOR2_X1_Z_B_XOR2_X1_Z/B (XOR2_X1)
     2    3.8214    0.0143    0.0609    1.2166 v acc_out[11]_DFF_X1_Q_D_NOR2_X1_ZN_A2_XNOR2_X1_ZN_A_XOR2_X1_Z_B_XOR2_X1_Z_B_XOR2_X1_Z/Z (XOR2_X1)
                    0.0143    0.0000    1.2166 v acc_out[12]_DFF_X1_Q_D_AOI21_X1_ZN_B2_XNOR2_X1_ZN_B_XOR2_X1_Z_B_AOI21_X1_ZN/B2 (AOI21_X1)
     2    3.9354    0.0320    0.0445    1.2611 ^ acc_out[12]_DFF_X1_Q_D_AOI21_X1_ZN_B2_XNOR2_X1_ZN_B_XOR2_X1_Z_B_AOI21_X1_ZN/ZN (AOI21_X1)
                    0.0320    0.0000    1.2611 ^ acc_out[12]_DFF_X1_Q_D_AOI21_X1_ZN_B2_XNOR2_X1_ZN_B_XOR2_X1_Z_A_OAI21_X1_B1/B2 (OAI21_X1)
     2    3.8214    0.0164    0.0281    1.2892 v acc_out[12]_DFF_X1_Q_D_AOI21_X1_ZN_B2_XNOR2_X1_ZN_B_XOR2_X1_Z_A_OAI21_X1_B1/ZN (OAI21_X1)
                    0.0164    0.0000    1.2892 v acc_out[13]_DFF_X1_Q_D_AND2_X1_ZN_A1_OR2_X1_ZN_A2_XOR2_X1_Z_B_XOR2_X1_Z/B (XOR2_X1)
     2    3.3056    0.0144    0.0612    1.3504 v acc_out[13]_DFF_X1_Q_D_AND2_X1_ZN_A1_OR2_X1_ZN_A2_XOR2_X1_Z_B_XOR2_X1_Z/Z (XOR2_X1)
                    0.0144    0.0000    1.3504 v acc_out[13]_DFF_X1_Q_D_AND2_X1_ZN_A1_OR2_X1_ZN_A2_XOR2_X1_Z/B (XOR2_X1)
     3    3.7153    0.0142    0.0611    1.4115 v acc_out[13]_DFF_X1_Q_D_AND2_X1_ZN_A1_OR2_X1_ZN_A2_XOR2_X1_Z/Z (XOR2_X1)
                    0.0142    0.0000    1.4115 v acc_out[14]_DFF_X1_Q_D_AOI21_X1_ZN_B2_AOI21_X1_ZN/B2 (AOI21_X1)
     3    5.0010    0.0370    0.0498    1.4613 ^ acc_out[14]_DFF_X1_Q_D_AOI21_X1_ZN_B2_AOI21_X1_ZN/ZN (AOI21_X1)
                    0.0370    0.0000    1.4613 ^ acc_out[14]_DFF_X1_Q_D_AOI21_X1_ZN_B2_OAI21_X1_B1/B1 (OAI21_X1)
     2    3.7781    0.0166    0.0261    1.4874 v acc_out[14]_DFF_X1_Q_D_AOI21_X1_ZN_B2_OAI21_X1_B1/ZN (OAI21_X1)
                    0.0166    0.0000    1.4874 v acc_out[16]_DFF_X1_Q_D_AOI21_X1_ZN_B1_AOI21_X1_ZN/B2 (AOI21_X1)
     3    4.7908    0.0360    0.0497    1.5371 ^ acc_out[16]_DFF_X1_Q_D_AOI21_X1_ZN_B1_AOI21_X1_ZN/ZN (AOI21_X1)
                    0.0360    0.0000    1.5371 ^ acc_out[16]_DFF_X1_Q_D_AOI21_X1_ZN_B2_OAI21_X1_B1/B2 (OAI21_X1)
     3    3.7347    0.0172    0.0291    1.5662 v acc_out[16]_DFF_X1_Q_D_AOI21_X1_ZN_B2_OAI21_X1_B1/ZN (OAI21_X1)
                    0.0172    0.0000    1.5662 v acc_out[17]_DFF_X1_Q_D_NOR3_X1_ZN_A2_AND2_X1_ZN/A1 (AND2_X1)
     1    1.4768    0.0059    0.0322    1.5984 v acc_out[17]_DFF_X1_Q_D_NOR3_X1_ZN_A2_AND2_X1_ZN/ZN (AND2_X1)
                    0.0059    0.0000    1.5984 v acc_out[17]_DFF_X1_Q_D_NOR3_X1_ZN/A2 (NOR3_X1)
     1    1.1403    0.0249    0.0391    1.6375 ^ acc_out[17]_DFF_X1_Q_D_NOR3_X1_ZN/ZN (NOR3_X1)
                    0.0249    0.0000    1.6375 ^ acc_out[17]_DFF_X1_Q/D (DFF_X1)
                                        1.6375   data arrival time

                    0.0500    2.0000    2.0000   clock clk (rise edge)
                              0.0000    2.0000   clock network delay (ideal)
                             -0.0500    1.9500   clock uncertainty
                              0.0000    1.9500   clock reconvergence pessimism
                                        1.9500 ^ acc_out[17]_DFF_X1_Q/CK (DFF_X1)
                             -0.0303    1.9197   library setup time
                                        1.9197   data required time
-------------------------------------------------------------------------------------
                                        1.9197   data required time
                                       -1.6375   data arrival time
-------------------------------------------------------------------------------------
                                        0.2822   slack (MET)


Startpoint: b1[0]_AND2_X1_A2_ZN_DFF_X1_D
            (rising edge-triggered flip-flop clocked by clk)
Endpoint: acc_out[16]_DFF_X1_Q (rising edge-triggered flip-flop clocked by clk)
Path Group: clk
Path Type: max

Fanout       Cap      Slew     Delay      Time   Description
-------------------------------------------------------------------------------------
                    0.0500    0.0000    0.0000   clock clk (rise edge)
                              0.0000    0.0000   clock network delay (ideal)
                    0.0500    0.0000    0.0000 ^ b1[0]_AND2_X1_A2_ZN_DFF_X1_D/CK (DFF_X1)
    42   57.0488    0.1329    0.2293    0.2293 ^ b1[0]_AND2_X1_A2_ZN_DFF_X1_D/Q (DFF_X1)
                    0.1329    0.0000    0.2293 ^ acc_out[8]_DFF_X1_Q_D_AND3_X1_ZN_A2_OR3_X1_ZN_A1_AND3_X1_ZN_A1_OR3_X1_ZN_A1_AND3_X1_ZN_A1_OR3_X1_ZN_A1_AND4_X1_ZN_A1_OR3_X1_ZN_A1_AND4_X1_ZN_A4_OAI21_X1_ZN_B1_AOI21_X1_ZN_B2_OR3_X1_ZN_A2_AND3_X1_ZN_A1_OR3_X1_ZN_A1_AND3_X1_ZN_A1_OR3_X1_ZN_A1_AND3_X1_ZN_A1_OR3_X1_ZN_A3_AOI22_X1_ZN/B1 (AOI22_X1)
     3    3.9140    0.0405    0.0468    0.2761 v acc_out[8]_DFF_X1_Q_D_AND3_X1_ZN_A2_OR3_X1_ZN_A1_AND3_X1_ZN_A1_OR3_X1_ZN_A1_AND3_X1_ZN_A1_OR3_X1_ZN_A1_AND4_X1_ZN_A1_OR3_X1_ZN_A1_AND4_X1_ZN_A4_OAI21_X1_ZN_B1_AOI21_X1_ZN_B2_OR3_X1_ZN_A2_AND3_X1_ZN_A1_OR3_X1_ZN_A1_AND3_X1_ZN_A1_OR3_X1_ZN_A1_AND3_X1_ZN_A1_OR3_X1_ZN_A3_AOI22_X1_ZN/ZN (AOI22_X1)
                    0.0405    0.0000    0.2761 v acc_out[8]_DFF_X1_Q_D_AND3_X1_ZN_A2_OR3_X1_ZN_A1_AND3_X1_ZN_A1_OR3_X1_ZN_A1_AND3_X1_ZN_A1_OR3_X1_ZN_A1_AND4_X1_ZN_A1_OR3_X1_ZN_A1_AND4_X1_ZN_A4_OAI21_X1_ZN_B1_AOI21_X1_ZN_B2_OR3_X1_ZN_A2_AND3_X1_ZN_A1_OR3_X1_ZN_A1_AND3_X1_ZN_A1_OR3_X1_ZN_A1_AND3_X1_ZN_A1_OR3_X1_ZN/A3 (OR3_X1)
     3    3.8381    0.0158    0.0971    0.3732 v acc_out[8]_DFF_X1_Q_D_AND3_X1_ZN_A2_OR3_X1_ZN_A1_AND3_X1_ZN_A1_OR3_X1_ZN_A1_AND3_X1_ZN_A1_OR3_X1_ZN_A1_AND4_X1_ZN_A1_OR3_X1_ZN_A1_AND4_X1_ZN_A4_OAI21_X1_ZN_B1_AOI21_X1_ZN_B2_OR3_X1_ZN_A2_AND3_X1_ZN_A1_OR3_X1_ZN_A1_AND3_X1_ZN_A1_OR3_X1_ZN_A1_AND3_X1_ZN_A1_OR3_X1_ZN/ZN (OR3_X1)
                    0.0158    0.0000    0.3732 v acc_out[8]_DFF_X1_Q_D_AND3_X1_ZN_A2_OR3_X1_ZN_A1_AND3_X1_ZN_A1_OR3_X1_ZN_A1_AND3_X1_ZN_A1_OR3_X1_ZN_A1_AND4_X1_ZN_A1_OR3_X1_ZN_A1_AND4_X1_ZN_A4_OAI21_X1_ZN_B1_AOI21_X1_ZN_B2_OR3_X1_ZN_A2_AND3_X1_ZN_A1_OR3_X1_ZN_A1_AND3_X1_ZN_A1_OR3_X1_ZN_A1_AND3_X1_ZN/A1 (AND3_X1)
     2    2.3339    0.0074    0.0355    0.4087 v acc_out[8]_DFF_X1_Q_D_AND3_X1_ZN_A2_OR3_X1_ZN_A1_AND3_X1_ZN_A1_OR3_X1_ZN_A1_AND3_X1_ZN_A1_OR3_X1_ZN_A1_AND4_X1_ZN_A1_OR3_X1_ZN_A1_AND4_X1_ZN_A4_OAI21_X1_ZN_B1_AOI21_X1_ZN_B2_OR3_X1_ZN_A2_AND3_X1_ZN_A1_OR3_X1_ZN_A1_AND3_X1_ZN_A1_OR3_X1_ZN_A1_AND3_X1_ZN/ZN (AND3_X1)
                    0.0074    0.0000    0.4087 v acc_out[8]_DFF_X1_Q_D_AND3_X1_ZN_A2_OR3_X1_ZN_A1_AND3_X1_ZN_A1_OR3_X1_ZN_A1_AND3_X1_ZN_A1_OR3_X1_ZN_A1_AND4_X1_ZN_A1_OR3_X1_ZN_A1_AND4_X1_ZN_A4_OAI21_X1_ZN_B1_AOI21_X1_ZN_B2_OR3_X1_ZN_A2_AND3_X1_ZN_A1_OR3_X1_ZN_A1_AND3_X1_ZN_A1_OR3_X1_ZN/A1 (OR3_X1)
     3    3.8381    0.0158    0.0706    0.4793 v acc_out[8]_DFF_X1_Q_D_AND3_X1_ZN_A2_OR3_X1_ZN_A1_AND3_X1_ZN_A1_OR3_X1_ZN_A1_AND3_X1_ZN_A1_OR3_X1_ZN_A1_AND4_X1_ZN_A1_OR3_X1_ZN_A1_AND4_X1_ZN_A4_OAI21_X1_ZN_B1_AOI21_X1_ZN_B2_OR3_X1_ZN_A2_AND3_X1_ZN_A1_OR3_X1_ZN_A1_AND3_X1_ZN_A1_OR3_X1_ZN/ZN (OR3_X1)
                    0.0158    0.0000    0.4793 v acc_out[8]_DFF_X1_Q_D_AND3_X1_ZN_A2_OR3_X1_ZN_A1_AND3_X1_ZN_A1_OR3_X1_ZN_A1_AND3_X1_ZN_A1_OR3_X1_ZN_A1_AND4_X1_ZN_A1_OR3_X1_ZN_A1_AND4_X1_ZN_A4_OAI21_X1_ZN_B1_AOI21_X1_ZN_B2_OR3_X1_ZN_A2_AND3_X1_ZN_A1_OR3_X1_ZN_A1_AND3_X1_ZN/A1 (AND3_X1)
     2    2.3339    0.0074    0.0355    0.5148 v acc_out[8]_DFF_X1_Q_D_AND3_X1_ZN_A2_OR3_X1_ZN_A1_AND3_X1_ZN_A1_OR3_X1_ZN_A1_AND3_X1_ZN_A1_OR3_X1_ZN_A1_AND4_X1_ZN_A1_OR3_X1_ZN_A1_AND4_X1_ZN_A4_OAI21_X1_ZN_B1_AOI21_X1_ZN_B2_OR3_X1_ZN_A2_AND3_X1_ZN_A1_OR3_X1_ZN_A1_AND3_X1_ZN/ZN (AND3_X1)
                    0.0074    0.0000    0.5148 v acc_out[8]_DFF_X1_Q_D_AND3_X1_ZN_A2_OR3_X1_ZN_A1_AND3_X1_ZN_A1_OR3_X1_ZN_A1_AND3_X1_ZN_A1_OR3_X1_ZN_A1_AND4_X1_ZN_A1_OR3_X1_ZN_A1_AND4_X1_ZN_A4_OAI21_X1_ZN_B1_AOI21_X1_ZN_B2_OR3_X1_ZN_A2_AND3_X1_ZN_A1_OR3_X1_ZN/A1 (OR3_X1)
     2    2.2761    0.0139    0.0661    0.5809 v acc_out[8]_DFF_X1_Q_D_AND3_X1_ZN_A2_OR3_X1_ZN_A1_AND3_X1_ZN_A1_OR3_X1_ZN_A1_AND3_X1_ZN_A1_OR3_X1_ZN_A1_AND4_X1_ZN_A1_OR3_X1_ZN_A1_AND4_X1_ZN_A4_OAI21_X1_ZN_B1_AOI21_X1_ZN_B2_OR3_X1_ZN_A2_AND3_X1_ZN_A1_OR3_X1_ZN/ZN (OR3_X1)
                    0.0139    0.0000    0.5809 v acc_out[8]_DFF_X1_Q_D_AND3_X1_ZN_A2_OR3_X1_ZN_A1_AND3_X1_ZN_A1_OR3_X1_ZN_A1_AND3_X1_ZN_A1_OR3_X1_ZN_A1_AND4_X1_ZN_A1_OR3_X1_ZN_A1_AND4_X1_ZN_A4_OAI21_X1_ZN_B1_AOI21_X1_ZN_B2_OR3_X1_ZN_A2_AND3_X1_ZN/A1 (AND3_X1)
     3    3.8592    0.0089    0.0375    0.6184 v acc_out[8]_DFF_X1_Q_D_AND3_X1_ZN_A2_OR3_X1_ZN_A1_AND3_X1_ZN_A1_OR3_X1_ZN_A1_AND3_X1_ZN_A1_OR3_X1_ZN_A1_AND4_X1_ZN_A1_OR3_X1_ZN_A1_AND4_X1_ZN_A4_OAI21_X1_ZN_B1_AOI21_X1_ZN_B2_OR3_X1_ZN_A2_AND3_X1_ZN/ZN (AND3_X1)
                    0.0089    0.0000    0.6184 v acc_out[8]_DFF_X1_Q_D_AND3_X1_ZN_A2_OR3_X1_ZN_A1_AND3_X1_ZN_A1_OR3_X1_ZN_A1_AND3_X1_ZN_A1_OR3_X1_ZN_A1_AND4_X1_ZN_A1_OR3_X1_ZN_A1_AND4_X1_ZN_A4_OAI21_X1_ZN_B1_AOI21_X1_ZN_B2_OR3_X1_ZN/A2 (OR3_X1)
     3    3.7783    0.0158    0.0822    0.7006 v acc_out[8]_DFF_X1_Q_D_AND3_X1_ZN_A2_OR3_X1_ZN_A1_AND3_X1_ZN_A1_OR3_X1_ZN_A1_AND3_X1_ZN_A1_OR3_X1_ZN_A1_AND4_X1_ZN_A1_OR3_X1_ZN_A1_AND4_X1_ZN_A4_OAI21_X1_ZN_B1_AOI21_X1_ZN_B2_OR3_X1_ZN/ZN (OR3_X1)
                    0.0158    0.0000    0.7006 v acc_out[8]_DFF_X1_Q_D_AND3_X1_ZN_A2_OR3_X1_ZN_A1_AND3_X1_ZN_A1_OR3_X1_ZN_A1_AND3_X1_ZN_A1_OR3_X1_ZN_A1_AND4_X1_ZN_A1_OR3_X1_ZN_A1_AND4_X1_ZN_A4_OAI21_X1_ZN_B1_AOI21_X1_ZN_A_AND3_X1_A2/A1 (AND3_X1)
     6    9.0194    0.0138    0.0464    0.7470 v acc_out[8]_DFF_X1_Q_D_AND3_X1_ZN_A2_OR3_X1_ZN_A1_AND3_X1_ZN_A1_OR3_X1_ZN_A1_AND3_X1_ZN_A1_OR3_X1_ZN_A1_AND4_X1_ZN_A1_OR3_X1_ZN_A1_AND4_X1_ZN_A4_OAI21_X1_ZN_B1_AOI21_X1_ZN_A_AND3_X1_A2/ZN (AND3_X1)
                    0.0138    0.0000    0.7470 v acc_out[8]_DFF_X1_Q_D_AND3_X1_ZN_A2_OR3_X1_ZN_A1_AND3_X1_ZN_A1_OR3_X1_ZN_A1_AND3_X1_ZN_A1_OR3_X1_ZN_A1_AND4_X1_ZN_A1_OR3_X1_ZN_A1_AND4_X1_ZN_A4_OAI21_X1_ZN_A_OR3_X1_A2/A1 (OR3_X1)
     4    6.0248    0.0183    0.0779    0.8248 v acc_out[8]_DFF_X1_Q_D_AND3_X1_ZN_A2_OR3_X1_ZN_A1_AND3_X1_ZN_A1_OR3_X1_ZN_A1_AND3_X1_ZN_A1_OR3_X1_ZN_A1_AND4_X1_ZN_A1_OR3_X1_ZN_A1_AND4_X1_ZN_A4_OAI21_X1_ZN_A_OR3_X1_A2/ZN (OR3_X1)
                    0.0183    0.0000    0.8248 v acc_out[8]_DFF_X1_Q_D_AND3_X1_ZN_A2_OR3_X1_ZN_A1_AND3_X1_ZN_A1_OR3_X1_ZN_A1_AND3_X1_ZN_A1_OR3_X1_ZN_A1_AND4_X1_ZN_A1_OR3_X1_ZN_A3_AOI22_X1_ZN/B2 (AOI22_X1)
     3    4.1555    0.0361    0.0625    0.8873 ^ acc_out[8]_DFF_X1_Q_D_AND3_X1_ZN_A2_OR3_X1_ZN_A1_AND3_X1_ZN_A1_OR3_X1_ZN_A1_AND3_X1_ZN_A1_OR3_X1_ZN_A1_AND4_X1_ZN_A1_OR3_X1_ZN_A3_AOI22_X1_ZN/ZN (AOI22_X1)
                    0.0361    0.0000    0.8873 ^ acc_out[9]_DFF_X1_Q_D_NOR2_X1_ZN_A2_XNOR2_X1_ZN_B_XOR2_X1_Z_B_XNOR2_X1_ZN_A_XOR2_X1_Z_B_XNOR2_X1_ZN_B_XOR2_X1_Z_B_XNOR2_X1_ZN_B_OAI21_X1_ZN/B2 (OAI21_X1)
     2    3.7781    0.0173    0.0292    0.9166 v acc_out[9]_DFF_X1_Q_D_NOR2_X1_ZN_A2_XNOR2_X1_ZN_B_XOR2_X1_Z_B_XNOR2_X1_ZN_A_XOR2_X1_Z_B_XNOR2_X1_ZN_B_XOR2_X1_Z_B_XNOR2_X1_ZN_B_OAI21_X1_ZN/ZN (OAI21_X1)
                    0.0173    0.0000    0.9166 v acc_out[9]_DFF_X1_Q_D_NOR2_X1_ZN_A2_XNOR2_X1_ZN_B_XOR2_X1_Z_B_XNOR2_X1_ZN_A_XOR2_X1_Z_B_XNOR2_X1_ZN_B_XOR2_X1_Z_B_XNOR2_X1_ZN/B (XNOR2_X1)
     2    3.9753    0.0163    0.0476    0.9642 v acc_out[9]_DFF_X1_Q_D_NOR2_X1_ZN_A2_XNOR2_X1_ZN_B_XOR2_X1_Z_B_XNOR2_X1_ZN_A_XOR2_X1_Z_B_XNOR2_X1_ZN_B_XOR2_X1_Z_B_XNOR2_X1_ZN/ZN (XNOR2_X1)
                    0.0163    0.0000    0.9642 v acc_out[9]_DFF_X1_Q_D_NOR2_X1_ZN_A2_XNOR2_X1_ZN_B_XOR2_X1_Z_B_XNOR2_X1_ZN_A_XOR2_X1_Z_B_XNOR2_X1_ZN_B_XOR2_X1_Z/B (XOR2_X1)
     2    3.7781    0.0144    0.0620    1.0261 v acc_out[9]_DFF_X1_Q_D_NOR2_X1_ZN_A2_XNOR2_X1_ZN_B_XOR2_X1_Z_B_XNOR2_X1_ZN_A_XOR2_X1_Z_B_XNOR2_X1_ZN_B_XOR2_X1_Z/Z (XOR2_X1)
                    0.0144    0.0000    1.0261 v acc_out[10]_DFF_X1_Q_D_AOI21_X1_ZN_B2_XNOR2_X1_ZN_B_XOR2_X1_Z_A_XNOR2_X1_ZN_B_XNOR2_X1_ZN_B_AOI21_X1_ZN/B2 (AOI21_X1)
     2    4.1455    0.0330    0.0456    1.0717 ^ acc_out[10]_DFF_X1_Q_D_AOI21_X1_ZN_B2_XNOR2_X1_ZN_B_XOR2_X1_Z_A_XNOR2_X1_ZN_B_XNOR2_X1_ZN_B_AOI21_X1_ZN/ZN (AOI21_X1)
                    0.0330    0.0000    1.0717 ^ acc_out[10]_DFF_X1_Q_D_AOI21_X1_ZN_B2_XNOR2_X1_ZN_B_XOR2_X1_Z_A_XNOR2_X1_ZN_B_XNOR2_X1_ZN_B_OAI21_X1_B2/B2 (OAI21_X1)
     2    3.6281    0.0163    0.0279    1.0996 v acc_out[10]_DFF_X1_Q_D_AOI21_X1_ZN_B2_XNOR2_X1_ZN_B_XOR2_X1_Z_A_XNOR2_X1_ZN_B_XNOR2_X1_ZN_B_OAI21_X1_B2/ZN (OAI21_X1)
                    0.0163    0.0000    1.0996 v acc_out[11]_DFF_X1_Q_D_NOR2_X1_ZN_A2_XNOR2_X1_ZN_A_XOR2_X1_Z_B_XOR2_X1_Z_B_XOR2_X1_Z_B_XOR2_X1_Z/A (XOR2_X1)
     2    3.3056    0.0136    0.0561    1.1557 v acc_out[11]_DFF_X1_Q_D_NOR2_X1_ZN_A2_XNOR2_X1_ZN_A_XOR2_X1_Z_B_XOR2_X1_Z_B_XOR2_X1_Z_B_XOR2_X1_Z/Z (XOR2_X1)
                    0.0136    0.0000    1.1557 v acc_out[11]_DFF_X1_Q_D_NOR2_X1_ZN_A2_XNOR2_X1_ZN_A_XOR2_X1_Z_B_XOR2_X1_Z_B_XOR2_X1_Z/B (XOR2_X1)
     2    3.8214    0.0143    0.0609    1.2166 v acc_out[11]_DFF_X1_Q_D_NOR2_X1_ZN_A2_XNOR2_X1_ZN_A_XOR2_X1_Z_B_XOR2_X1_Z_B_XOR2_X1_Z/Z (XOR2_X1)
                    0.0143    0.0000    1.2166 v acc_out[12]_DFF_X1_Q_D_AOI21_X1_ZN_B2_XNOR2_X1_ZN_B_XOR2_X1_Z_B_AOI21_X1_ZN/B2 (AOI21_X1)
     2    3.9354    0.0320    0.0445    1.2611 ^ acc_out[12]_DFF_X1_Q_D_AOI21_X1_ZN_B2_XNOR2_X1_ZN_B_XOR2_X1_Z_B_AOI21_X1_ZN/ZN (AOI21_X1)
                    0.0320    0.0000    1.2611 ^ acc_out[12]_DFF_X1_Q_D_AOI21_X1_ZN_B2_XNOR2_X1_ZN_B_XOR2_X1_Z_A_OAI21_X1_B1/B2 (OAI21_X1)
     2    3.8214    0.0164    0.0281    1.2892 v acc_out[12]_DFF_X1_Q_D_AOI21_X1_ZN_B2_XNOR2_X1_ZN_B_XOR2_X1_Z_A_OAI21_X1_B1/ZN (OAI21_X1)
                    0.0164    0.0000    1.2892 v acc_out[13]_DFF_X1_Q_D_AND2_X1_ZN_A1_OR2_X1_ZN_A2_XOR2_X1_Z_B_XOR2_X1_Z/B (XOR2_X1)
     2    3.3056    0.0144    0.0612    1.3504 v acc_out[13]_DFF_X1_Q_D_AND2_X1_ZN_A1_OR2_X1_ZN_A2_XOR2_X1_Z_B_XOR2_X1_Z/Z (XOR2_X1)
                    0.0144    0.0000    1.3504 v acc_out[13]_DFF_X1_Q_D_AND2_X1_ZN_A1_OR2_X1_ZN_A2_XOR2_X1_Z/B (XOR2_X1)
     3    3.7153    0.0142    0.0611    1.4115 v acc_out[13]_DFF_X1_Q_D_AND2_X1_ZN_A1_OR2_X1_ZN_A2_XOR2_X1_Z/Z (XOR2_X1)
                    0.0142    0.0000    1.4115 v acc_out[14]_DFF_X1_Q_D_AOI21_X1_ZN_B2_AOI21_X1_ZN/B2 (AOI21_X1)
     3    5.0010    0.0370    0.0498    1.4613 ^ acc_out[14]_DFF_X1_Q_D_AOI21_X1_ZN_B2_AOI21_X1_ZN/ZN (AOI21_X1)
                    0.0370    0.0000    1.4613 ^ acc_out[14]_DFF_X1_Q_D_AOI21_X1_ZN_B2_OAI21_X1_B1/B1 (OAI21_X1)
     2    3.7781    0.0166    0.0261    1.4874 v acc_out[14]_DFF_X1_Q_D_AOI21_X1_ZN_B2_OAI21_X1_B1/ZN (OAI21_X1)
                    0.0166    0.0000    1.4874 v acc_out[16]_DFF_X1_Q_D_AOI21_X1_ZN_B1_AOI21_X1_ZN/B2 (AOI21_X1)
     3    4.7908    0.0360    0.0497    1.5371 ^ acc_out[16]_DFF_X1_Q_D_AOI21_X1_ZN_B1_AOI21_X1_ZN/ZN (AOI21_X1)
                    0.0360    0.0000    1.5371 ^ acc_out[16]_DFF_X1_Q_D_AOI21_X1_ZN_A_OAI21_X1_ZN/B2 (OAI21_X1)
     1    1.5353    0.0139    0.0225    1.5596 v acc_out[16]_DFF_X1_Q_D_AOI21_X1_ZN_A_OAI21_X1_ZN/ZN (OAI21_X1)
                    0.0139    0.0000    1.5596 v acc_out[16]_DFF_X1_Q_D_AOI21_X1_ZN/A (AOI21_X1)
     1    1.1403    0.0189    0.0385    1.5981 ^ acc_out[16]_DFF_X1_Q_D_AOI21_X1_ZN/ZN (AOI21_X1)
                    0.0189    0.0000    1.5981 ^ acc_out[16]_DFF_X1_Q/D (DFF_X1)
                                        1.5981   data arrival time

                    0.0500    2.0000    2.0000   clock clk (rise edge)
                              0.0000    2.0000   clock network delay (ideal)
                             -0.0500    1.9500   clock uncertainty
                              0.0000    1.9500   clock reconvergence pessimism
                                        1.9500 ^ acc_out[16]_DFF_X1_Q/CK (DFF_X1)
                             -0.0289    1.9211   library setup time
                                        1.9211   data required time
-------------------------------------------------------------------------------------
                                        1.9211   data required time
                                       -1.5981   data arrival time
-------------------------------------------------------------------------------------
                                        0.3230   slack (MET)


Startpoint: b1[0]_AND2_X1_A2_ZN_DFF_X1_D
            (rising edge-triggered flip-flop clocked by clk)
Endpoint: acc_out[15]_DFF_X1_Q (rising edge-triggered flip-flop clocked by clk)
Path Group: clk
Path Type: max

Fanout       Cap      Slew     Delay      Time   Description
-------------------------------------------------------------------------------------
                    0.0500    0.0000    0.0000   clock clk (rise edge)
                              0.0000    0.0000   clock network delay (ideal)
                    0.0500    0.0000    0.0000 ^ b1[0]_AND2_X1_A2_ZN_DFF_X1_D/CK (DFF_X1)
    42   57.0488    0.1329    0.2293    0.2293 ^ b1[0]_AND2_X1_A2_ZN_DFF_X1_D/Q (DFF_X1)
                    0.1329    0.0000    0.2293 ^ acc_out[8]_DFF_X1_Q_D_AND3_X1_ZN_A2_OR3_X1_ZN_A1_AND3_X1_ZN_A1_OR3_X1_ZN_A1_AND3_X1_ZN_A1_OR3_X1_ZN_A1_AND4_X1_ZN_A1_OR3_X1_ZN_A1_AND4_X1_ZN_A4_OAI21_X1_ZN_B1_AOI21_X1_ZN_B2_OR3_X1_ZN_A2_AND3_X1_ZN_A1_OR3_X1_ZN_A1_AND3_X1_ZN_A1_OR3_X1_ZN_A1_AND3_X1_ZN_A1_OR3_X1_ZN_A3_AOI22_X1_ZN/B1 (AOI22_X1)
     3    3.9140    0.0405    0.0468    0.2761 v acc_out[8]_DFF_X1_Q_D_AND3_X1_ZN_A2_OR3_X1_ZN_A1_AND3_X1_ZN_A1_OR3_X1_ZN_A1_AND3_X1_ZN_A1_OR3_X1_ZN_A1_AND4_X1_ZN_A1_OR3_X1_ZN_A1_AND4_X1_ZN_A4_OAI21_X1_ZN_B1_AOI21_X1_ZN_B2_OR3_X1_ZN_A2_AND3_X1_ZN_A1_OR3_X1_ZN_A1_AND3_X1_ZN_A1_OR3_X1_ZN_A1_AND3_X1_ZN_A1_OR3_X1_ZN_A3_AOI22_X1_ZN/ZN (AOI22_X1)
                    0.0405    0.0000    0.2761 v acc_out[8]_DFF_X1_Q_D_AND3_X1_ZN_A2_OR3_X1_ZN_A1_AND3_X1_ZN_A1_OR3_X1_ZN_A1_AND3_X1_ZN_A1_OR3_X1_ZN_A1_AND4_X1_ZN_A1_OR3_X1_ZN_A1_AND4_X1_ZN_A4_OAI21_X1_ZN_B1_AOI21_X1_ZN_B2_OR3_X1_ZN_A2_AND3_X1_ZN_A1_OR3_X1_ZN_A1_AND3_X1_ZN_A1_OR3_X1_ZN_A1_AND3_X1_ZN_A1_OR3_X1_ZN/A3 (OR3_X1)
     3    3.8381    0.0158    0.0971    0.3732 v acc_out[8]_DFF_X1_Q_D_AND3_X1_ZN_A2_OR3_X1_ZN_A1_AND3_X1_ZN_A1_OR3_X1_ZN_A1_AND3_X1_ZN_A1_OR3_X1_ZN_A1_AND4_X1_ZN_A1_OR3_X1_ZN_A1_AND4_X1_ZN_A4_OAI21_X1_ZN_B1_AOI21_X1_ZN_B2_OR3_X1_ZN_A2_AND3_X1_ZN_A1_OR3_X1_ZN_A1_AND3_X1_ZN_A1_OR3_X1_ZN_A1_AND3_X1_ZN_A1_OR3_X1_ZN/ZN (OR3_X1)
                    0.0158    0.0000    0.3732 v acc_out[8]_DFF_X1_Q_D_AND3_X1_ZN_A2_OR3_X1_ZN_A1_AND3_X1_ZN_A1_OR3_X1_ZN_A1_AND3_X1_ZN_A1_OR3_X1_ZN_A1_AND4_X1_ZN_A1_OR3_X1_ZN_A1_AND4_X1_ZN_A4_OAI21_X1_ZN_B1_AOI21_X1_ZN_B2_OR3_X1_ZN_A2_AND3_X1_ZN_A1_OR3_X1_ZN_A1_AND3_X1_ZN_A1_OR3_X1_ZN_A1_AND3_X1_ZN/A1 (AND3_X1)
     2    2.3339    0.0074    0.0355    0.4087 v acc_out[8]_DFF_X1_Q_D_AND3_X1_ZN_A2_OR3_X1_ZN_A1_AND3_X1_ZN_A1_OR3_X1_ZN_A1_AND3_X1_ZN_A1_OR3_X1_ZN_A1_AND4_X1_ZN_A1_OR3_X1_ZN_A1_AND4_X1_ZN_A4_OAI21_X1_ZN_B1_AOI21_X1_ZN_B2_OR3_X1_ZN_A2_AND3_X1_ZN_A1_OR3_X1_ZN_A1_AND3_X1_ZN_A1_OR3_X1_ZN_A1_AND3_X1_ZN/ZN (AND3_X1)
                    0.0074    0.0000    0.4087 v acc_out[8]_DFF_X1_Q_D_AND3_X1_ZN_A2_OR3_X1_ZN_A1_AND3_X1_ZN_A1_OR3_X1_ZN_A1_AND3_X1_ZN_A1_OR3_X1_ZN_A1_AND4_X1_ZN_A1_OR3_X1_ZN_A1_AND4_X1_ZN_A4_OAI21_X1_ZN_B1_AOI21_X1_ZN_B2_OR3_X1_ZN_A2_AND3_X1_ZN_A1_OR3_X1_ZN_A1_AND3_X1_ZN_A1_OR3_X1_ZN/A1 (OR3_X1)
     3    3.8381    0.0158    0.0706    0.4793 v acc_out[8]_DFF_X1_Q_D_AND3_X1_ZN_A2_OR3_X1_ZN_A1_AND3_X1_ZN_A1_OR3_X1_ZN_A1_AND3_X1_ZN_A1_OR3_X1_ZN_A1_AND4_X1_ZN_A1_OR3_X1_ZN_A1_AND4_X1_ZN_A4_OAI21_X1_ZN_B1_AOI21_X1_ZN_B2_OR3_X1_ZN_A2_AND3_X1_ZN_A1_OR3_X1_ZN_A1_AND3_X1_ZN_A1_OR3_X1_ZN/ZN (OR3_X1)
                    0.0158    0.0000    0.4793 v acc_out[8]_DFF_X1_Q_D_AND3_X1_ZN_A2_OR3_X1_ZN_A1_AND3_X1_ZN_A1_OR3_X1_ZN_A1_AND3_X1_ZN_A1_OR3_X1_ZN_A1_AND4_X1_ZN_A1_OR3_X1_ZN_A1_AND4_X1_ZN_A4_OAI21_X1_ZN_B1_AOI21_X1_ZN_B2_OR3_X1_ZN_A2_AND3_X1_ZN_A1_OR3_X1_ZN_A1_AND3_X1_ZN/A1 (AND3_X1)
     2    2.3339    0.0074    0.0355    0.5148 v acc_out[8]_DFF_X1_Q_D_AND3_X1_ZN_A2_OR3_X1_ZN_A1_AND3_X1_ZN_A1_OR3_X1_ZN_A1_AND3_X1_ZN_A1_OR3_X1_ZN_A1_AND4_X1_ZN_A1_OR3_X1_ZN_A1_AND4_X1_ZN_A4_OAI21_X1_ZN_B1_AOI21_X1_ZN_B2_OR3_X1_ZN_A2_AND3_X1_ZN_A1_OR3_X1_ZN_A1_AND3_X1_ZN/ZN (AND3_X1)
                    0.0074    0.0000    0.5148 v acc_out[8]_DFF_X1_Q_D_AND3_X1_ZN_A2_OR3_X1_ZN_A1_AND3_X1_ZN_A1_OR3_X1_ZN_A1_AND3_X1_ZN_A1_OR3_X1_ZN_A1_AND4_X1_ZN_A1_OR3_X1_ZN_A1_AND4_X1_ZN_A4_OAI21_X1_ZN_B1_AOI21_X1_ZN_B2_OR3_X1_ZN_A2_AND3_X1_ZN_A1_OR3_X1_ZN/A1 (OR3_X1)
     2    2.2761    0.0139    0.0661    0.5809 v acc_out[8]_DFF_X1_Q_D_AND3_X1_ZN_A2_OR3_X1_ZN_A1_AND3_X1_ZN_A1_OR3_X1_ZN_A1_AND3_X1_ZN_A1_OR3_X1_ZN_A1_AND4_X1_ZN_A1_OR3_X1_ZN_A1_AND4_X1_ZN_A4_OAI21_X1_ZN_B1_AOI21_X1_ZN_B2_OR3_X1_ZN_A2_AND3_X1_ZN_A1_OR3_X1_ZN/ZN (OR3_X1)
                    0.0139    0.0000    0.5809 v acc_out[8]_DFF_X1_Q_D_AND3_X1_ZN_A2_OR3_X1_ZN_A1_AND3_X1_ZN_A1_OR3_X1_ZN_A1_AND3_X1_ZN_A1_OR3_X1_ZN_A1_AND4_X1_ZN_A1_OR3_X1_ZN_A1_AND4_X1_ZN_A4_OAI21_X1_ZN_B1_AOI21_X1_ZN_B2_OR3_X1_ZN_A2_AND3_X1_ZN/A1 (AND3_X1)
     3    3.8592    0.0089    0.0375    0.6184 v acc_out[8]_DFF_X1_Q_D_AND3_X1_ZN_A2_OR3_X1_ZN_A1_AND3_X1_ZN_A1_OR3_X1_ZN_A1_AND3_X1_ZN_A1_OR3_X1_ZN_A1_AND4_X1_ZN_A1_OR3_X1_ZN_A1_AND4_X1_ZN_A4_OAI21_X1_ZN_B1_AOI21_X1_ZN_B2_OR3_X1_ZN_A2_AND3_X1_ZN/ZN (AND3_X1)
                    0.0089    0.0000    0.6184 v acc_out[8]_DFF_X1_Q_D_AND3_X1_ZN_A2_OR3_X1_ZN_A1_AND3_X1_ZN_A1_OR3_X1_ZN_A1_AND3_X1_ZN_A1_OR3_X1_ZN_A1_AND4_X1_ZN_A1_OR3_X1_ZN_A1_AND4_X1_ZN_A4_OAI21_X1_ZN_B1_AOI21_X1_ZN_B2_OR3_X1_ZN/A2 (OR3_X1)
     3    3.7783    0.0158    0.0822    0.7006 v acc_out[8]_DFF_X1_Q_D_AND3_X1_ZN_A2_OR3_X1_ZN_A1_AND3_X1_ZN_A1_OR3_X1_ZN_A1_AND3_X1_ZN_A1_OR3_X1_ZN_A1_AND4_X1_ZN_A1_OR3_X1_ZN_A1_AND4_X1_ZN_A4_OAI21_X1_ZN_B1_AOI21_X1_ZN_B2_OR3_X1_ZN/ZN (OR3_X1)
                    0.0158    0.0000    0.7006 v acc_out[8]_DFF_X1_Q_D_AND3_X1_ZN_A2_OR3_X1_ZN_A1_AND3_X1_ZN_A1_OR3_X1_ZN_A1_AND3_X1_ZN_A1_OR3_X1_ZN_A1_AND4_X1_ZN_A1_OR3_X1_ZN_A1_AND4_X1_ZN_A4_OAI21_X1_ZN_B1_AOI21_X1_ZN_A_AND3_X1_A2/A1 (AND3_X1)
     6    9.0194    0.0138    0.0464    0.7470 v acc_out[8]_DFF_X1_Q_D_AND3_X1_ZN_A2_OR3_X1_ZN_A1_AND3_X1_ZN_A1_OR3_X1_ZN_A1_AND3_X1_ZN_A1_OR3_X1_ZN_A1_AND4_X1_ZN_A1_OR3_X1_ZN_A1_AND4_X1_ZN_A4_OAI21_X1_ZN_B1_AOI21_X1_ZN_A_AND3_X1_A2/ZN (AND3_X1)
                    0.0138    0.0000    0.7470 v acc_out[8]_DFF_X1_Q_D_AND3_X1_ZN_A2_OR3_X1_ZN_A1_AND3_X1_ZN_A1_OR3_X1_ZN_A1_AND3_X1_ZN_A1_OR3_X1_ZN_A1_AND4_X1_ZN_A1_OR3_X1_ZN_A1_AND4_X1_ZN_A4_OAI21_X1_ZN_A_OR3_X1_A2/A1 (OR3_X1)
     4    6.0248    0.0183    0.0779    0.8248 v acc_out[8]_DFF_X1_Q_D_AND3_X1_ZN_A2_OR3_X1_ZN_A1_AND3_X1_ZN_A1_OR3_X1_ZN_A1_AND3_X1_ZN_A1_OR3_X1_ZN_A1_AND4_X1_ZN_A1_OR3_X1_ZN_A1_AND4_X1_ZN_A4_OAI21_X1_ZN_A_OR3_X1_A2/ZN (OR3_X1)
                    0.0183    0.0000    0.8248 v acc_out[8]_DFF_X1_Q_D_AND3_X1_ZN_A2_OR3_X1_ZN_A1_AND3_X1_ZN_A1_OR3_X1_ZN_A1_AND3_X1_ZN_A1_OR3_X1_ZN_A1_AND4_X1_ZN_A1_OR3_X1_ZN_A3_AOI22_X1_ZN/B2 (AOI22_X1)
     3    4.1555    0.0361    0.0625    0.8873 ^ acc_out[8]_DFF_X1_Q_D_AND3_X1_ZN_A2_OR3_X1_ZN_A1_AND3_X1_ZN_A1_OR3_X1_ZN_A1_AND3_X1_ZN_A1_OR3_X1_ZN_A1_AND4_X1_ZN_A1_OR3_X1_ZN_A3_AOI22_X1_ZN/ZN (AOI22_X1)
                    0.0361    0.0000    0.8873 ^ acc_out[9]_DFF_X1_Q_D_NOR2_X1_ZN_A2_XNOR2_X1_ZN_B_XOR2_X1_Z_B_XNOR2_X1_ZN_A_XOR2_X1_Z_B_XNOR2_X1_ZN_B_XOR2_X1_Z_B_XNOR2_X1_ZN_B_OAI21_X1_ZN/B2 (OAI21_X1)
     2    3.7781    0.0173    0.0292    0.9166 v acc_out[9]_DFF_X1_Q_D_NOR2_X1_ZN_A2_XNOR2_X1_ZN_B_XOR2_X1_Z_B_XNOR2_X1_ZN_A_XOR2_X1_Z_B_XNOR2_X1_ZN_B_XOR2_X1_Z_B_XNOR2_X1_ZN_B_OAI21_X1_ZN/ZN (OAI21_X1)
                    0.0173    0.0000    0.9166 v acc_out[9]_DFF_X1_Q_D_NOR2_X1_ZN_A2_XNOR2_X1_ZN_B_XOR2_X1_Z_B_XNOR2_X1_ZN_A_XOR2_X1_Z_B_XNOR2_X1_ZN_B_XOR2_X1_Z_B_XNOR2_X1_ZN/B (XNOR2_X1)
     2    3.9753    0.0163    0.0476    0.9642 v acc_out[9]_DFF_X1_Q_D_NOR2_X1_ZN_A2_XNOR2_X1_ZN_B_XOR2_X1_Z_B_XNOR2_X1_ZN_A_XOR2_X1_Z_B_XNOR2_X1_ZN_B_XOR2_X1_Z_B_XNOR2_X1_ZN/ZN (XNOR2_X1)
                    0.0163    0.0000    0.9642 v acc_out[9]_DFF_X1_Q_D_NOR2_X1_ZN_A2_XNOR2_X1_ZN_B_XOR2_X1_Z_B_XNOR2_X1_ZN_A_XOR2_X1_Z_B_XNOR2_X1_ZN_B_XOR2_X1_Z/B (XOR2_X1)
     2    3.7781    0.0144    0.0620    1.0261 v acc_out[9]_DFF_X1_Q_D_NOR2_X1_ZN_A2_XNOR2_X1_ZN_B_XOR2_X1_Z_B_XNOR2_X1_ZN_A_XOR2_X1_Z_B_XNOR2_X1_ZN_B_XOR2_X1_Z/Z (XOR2_X1)
                    0.0144    0.0000    1.0261 v acc_out[10]_DFF_X1_Q_D_AOI21_X1_ZN_B2_XNOR2_X1_ZN_B_XOR2_X1_Z_A_XNOR2_X1_ZN_B_XNOR2_X1_ZN_B_AOI21_X1_ZN/B2 (AOI21_X1)
     2    4.1455    0.0330    0.0456    1.0717 ^ acc_out[10]_DFF_X1_Q_D_AOI21_X1_ZN_B2_XNOR2_X1_ZN_B_XOR2_X1_Z_A_XNOR2_X1_ZN_B_XNOR2_X1_ZN_B_AOI21_X1_ZN/ZN (AOI21_X1)
                    0.0330    0.0000    1.0717 ^ acc_out[10]_DFF_X1_Q_D_AOI21_X1_ZN_B2_XNOR2_X1_ZN_B_XOR2_X1_Z_A_XNOR2_X1_ZN_B_XNOR2_X1_ZN_B_OAI21_X1_B2/B2 (OAI21_X1)
     2    3.6281    0.0163    0.0279    1.0996 v acc_out[10]_DFF_X1_Q_D_AOI21_X1_ZN_B2_XNOR2_X1_ZN_B_XOR2_X1_Z_A_XNOR2_X1_ZN_B_XNOR2_X1_ZN_B_OAI21_X1_B2/ZN (OAI21_X1)
                    0.0163    0.0000    1.0996 v acc_out[11]_DFF_X1_Q_D_NOR2_X1_ZN_A2_XNOR2_X1_ZN_A_XOR2_X1_Z_B_XOR2_X1_Z_B_XOR2_X1_Z_B_XOR2_X1_Z/A (XOR2_X1)
     2    3.3056    0.0136    0.0561    1.1557 v acc_out[11]_DFF_X1_Q_D_NOR2_X1_ZN_A2_XNOR2_X1_ZN_A_XOR2_X1_Z_B_XOR2_X1_Z_B_XOR2_X1_Z_B_XOR2_X1_Z/Z (XOR2_X1)
                    0.0136    0.0000    1.1557 v acc_out[11]_DFF_X1_Q_D_NOR2_X1_ZN_A2_XNOR2_X1_ZN_A_XOR2_X1_Z_B_XOR2_X1_Z_B_XOR2_X1_Z/B (XOR2_X1)
     2    3.8214    0.0143    0.0609    1.2166 v acc_out[11]_DFF_X1_Q_D_NOR2_X1_ZN_A2_XNOR2_X1_ZN_A_XOR2_X1_Z_B_XOR2_X1_Z_B_XOR2_X1_Z/Z (XOR2_X1)
                    0.0143    0.0000    1.2166 v acc_out[12]_DFF_X1_Q_D_AOI21_X1_ZN_B2_XNOR2_X1_ZN_B_XOR2_X1_Z_B_AOI21_X1_ZN/B2 (AOI21_X1)
     2    3.9354    0.0320    0.0445    1.2611 ^ acc_out[12]_DFF_X1_Q_D_AOI21_X1_ZN_B2_XNOR2_X1_ZN_B_XOR2_X1_Z_B_AOI21_X1_ZN/ZN (AOI21_X1)
                    0.0320    0.0000    1.2611 ^ acc_out[12]_DFF_X1_Q_D_AOI21_X1_ZN_B2_XNOR2_X1_ZN_B_XOR2_X1_Z_A_OAI21_X1_B1/B2 (OAI21_X1)
     2    3.8214    0.0164    0.0281    1.2892 v acc_out[12]_DFF_X1_Q_D_AOI21_X1_ZN_B2_XNOR2_X1_ZN_B_XOR2_X1_Z_A_OAI21_X1_B1/ZN (OAI21_X1)
                    0.0164    0.0000    1.2892 v acc_out[13]_DFF_X1_Q_D_AND2_X1_ZN_A1_OR2_X1_ZN_A2_XOR2_X1_Z_B_XOR2_X1_Z/B (XOR2_X1)
     2    3.3056    0.0144    0.0612    1.3504 v acc_out[13]_DFF_X1_Q_D_AND2_X1_ZN_A1_OR2_X1_ZN_A2_XOR2_X1_Z_B_XOR2_X1_Z/Z (XOR2_X1)
                    0.0144    0.0000    1.3504 v acc_out[13]_DFF_X1_Q_D_AND2_X1_ZN_A1_OR2_X1_ZN_A2_XOR2_X1_Z/B (XOR2_X1)
     3    3.7153    0.0142    0.0611    1.4115 v acc_out[13]_DFF_X1_Q_D_AND2_X1_ZN_A1_OR2_X1_ZN_A2_XOR2_X1_Z/Z (XOR2_X1)
                    0.0142    0.0000    1.4115 v acc_out[14]_DFF_X1_Q_D_AOI21_X1_ZN_B2_AOI21_X1_ZN/B2 (AOI21_X1)
     3    5.0010    0.0370    0.0498    1.4613 ^ acc_out[14]_DFF_X1_Q_D_AOI21_X1_ZN_B2_AOI21_X1_ZN/ZN (AOI21_X1)
                    0.0370    0.0000    1.4613 ^ acc_out[14]_DFF_X1_Q_D_AOI21_X1_ZN_B2_OAI21_X1_B1/B1 (OAI21_X1)
     2    3.7781    0.0166    0.0261    1.4874 v acc_out[14]_DFF_X1_Q_D_AOI21_X1_ZN_B2_OAI21_X1_B1/ZN (OAI21_X1)
                    0.0166    0.0000    1.4874 v acc_out[15]_DFF_X1_Q_D_NOR2_X1_ZN_A2_XNOR2_X1_ZN/B (XNOR2_X1)
     1    1.5638    0.0127    0.0417    1.5292 v acc_out[15]_DFF_X1_Q_D_NOR2_X1_ZN_A2_XNOR2_X1_ZN/ZN (XNOR2_X1)
                    0.0127    0.0000    1.5292 v acc_out[15]_DFF_X1_Q_D_NOR2_X1_ZN/A2 (NOR2_X1)
     1    1.1403    0.0177    0.0268    1.5559 ^ acc_out[15]_DFF_X1_Q_D_NOR2_X1_ZN/ZN (NOR2_X1)
                    0.0177    0.0000    1.5559 ^ acc_out[15]_DFF_X1_Q/D (DFF_X1)
                                        1.5559   data arrival time

                    0.0500    2.0000    2.0000   clock clk (rise edge)
                              0.0000    2.0000   clock network delay (ideal)
                             -0.0500    1.9500   clock uncertainty
                              0.0000    1.9500   clock reconvergence pessimism
                                        1.9500 ^ acc_out[15]_DFF_X1_Q/CK (DFF_X1)
                             -0.0287    1.9213   library setup time
                                        1.9213   data required time
-------------------------------------------------------------------------------------
                                        1.9213   data required time
                                       -1.5559   data arrival time
-------------------------------------------------------------------------------------
                                        0.3654   slack (MET)


Startpoint: b1[0]_AND2_X1_A2_ZN_DFF_X1_D
            (rising edge-triggered flip-flop clocked by clk)
Endpoint: acc_out[14]_DFF_X1_Q (rising edge-triggered flip-flop clocked by clk)
Path Group: clk
Path Type: max

Fanout       Cap      Slew     Delay      Time   Description
-------------------------------------------------------------------------------------
                    0.0500    0.0000    0.0000   clock clk (rise edge)
                              0.0000    0.0000   clock network delay (ideal)
                    0.0500    0.0000    0.0000 ^ b1[0]_AND2_X1_A2_ZN_DFF_X1_D/CK (DFF_X1)
    42   57.0488    0.1329    0.2293    0.2293 ^ b1[0]_AND2_X1_A2_ZN_DFF_X1_D/Q (DFF_X1)
                    0.1329    0.0000    0.2293 ^ acc_out[8]_DFF_X1_Q_D_AND3_X1_ZN_A2_OR3_X1_ZN_A1_AND3_X1_ZN_A1_OR3_X1_ZN_A1_AND3_X1_ZN_A1_OR3_X1_ZN_A1_AND4_X1_ZN_A1_OR3_X1_ZN_A1_AND4_X1_ZN_A4_OAI21_X1_ZN_B1_AOI21_X1_ZN_B2_OR3_X1_ZN_A2_AND3_X1_ZN_A1_OR3_X1_ZN_A1_AND3_X1_ZN_A1_OR3_X1_ZN_A1_AND3_X1_ZN_A1_OR3_X1_ZN_A3_AOI22_X1_ZN/B1 (AOI22_X1)
     3    3.9140    0.0405    0.0468    0.2761 v acc_out[8]_DFF_X1_Q_D_AND3_X1_ZN_A2_OR3_X1_ZN_A1_AND3_X1_ZN_A1_OR3_X1_ZN_A1_AND3_X1_ZN_A1_OR3_X1_ZN_A1_AND4_X1_ZN_A1_OR3_X1_ZN_A1_AND4_X1_ZN_A4_OAI21_X1_ZN_B1_AOI21_X1_ZN_B2_OR3_X1_ZN_A2_AND3_X1_ZN_A1_OR3_X1_ZN_A1_AND3_X1_ZN_A1_OR3_X1_ZN_A1_AND3_X1_ZN_A1_OR3_X1_ZN_A3_AOI22_X1_ZN/ZN (AOI22_X1)
                    0.0405    0.0000    0.2761 v acc_out[8]_DFF_X1_Q_D_AND3_X1_ZN_A2_OR3_X1_ZN_A1_AND3_X1_ZN_A1_OR3_X1_ZN_A1_AND3_X1_ZN_A1_OR3_X1_ZN_A1_AND4_X1_ZN_A1_OR3_X1_ZN_A1_AND4_X1_ZN_A4_OAI21_X1_ZN_B1_AOI21_X1_ZN_B2_OR3_X1_ZN_A2_AND3_X1_ZN_A1_OR3_X1_ZN_A1_AND3_X1_ZN_A1_OR3_X1_ZN_A1_AND3_X1_ZN_A1_OR3_X1_ZN/A3 (OR3_X1)
     3    3.8381    0.0158    0.0971    0.3732 v acc_out[8]_DFF_X1_Q_D_AND3_X1_ZN_A2_OR3_X1_ZN_A1_AND3_X1_ZN_A1_OR3_X1_ZN_A1_AND3_X1_ZN_A1_OR3_X1_ZN_A1_AND4_X1_ZN_A1_OR3_X1_ZN_A1_AND4_X1_ZN_A4_OAI21_X1_ZN_B1_AOI21_X1_ZN_B2_OR3_X1_ZN_A2_AND3_X1_ZN_A1_OR3_X1_ZN_A1_AND3_X1_ZN_A1_OR3_X1_ZN_A1_AND3_X1_ZN_A1_OR3_X1_ZN/ZN (OR3_X1)
                    0.0158    0.0000    0.3732 v acc_out[8]_DFF_X1_Q_D_AND3_X1_ZN_A2_OR3_X1_ZN_A1_AND3_X1_ZN_A1_OR3_X1_ZN_A1_AND3_X1_ZN_A1_OR3_X1_ZN_A1_AND4_X1_ZN_A1_OR3_X1_ZN_A1_AND4_X1_ZN_A4_OAI21_X1_ZN_B1_AOI21_X1_ZN_B2_OR3_X1_ZN_A2_AND3_X1_ZN_A1_OR3_X1_ZN_A1_AND3_X1_ZN_A1_OR3_X1_ZN_A1_AND3_X1_ZN/A1 (AND3_X1)
     2    2.3339    0.0074    0.0355    0.4087 v acc_out[8]_DFF_X1_Q_D_AND3_X1_ZN_A2_OR3_X1_ZN_A1_AND3_X1_ZN_A1_OR3_X1_ZN_A1_AND3_X1_ZN_A1_OR3_X1_ZN_A1_AND4_X1_ZN_A1_OR3_X1_ZN_A1_AND4_X1_ZN_A4_OAI21_X1_ZN_B1_AOI21_X1_ZN_B2_OR3_X1_ZN_A2_AND3_X1_ZN_A1_OR3_X1_ZN_A1_AND3_X1_ZN_A1_OR3_X1_ZN_A1_AND3_X1_ZN/ZN (AND3_X1)
                    0.0074    0.0000    0.4087 v acc_out[8]_DFF_X1_Q_D_AND3_X1_ZN_A2_OR3_X1_ZN_A1_AND3_X1_ZN_A1_OR3_X1_ZN_A1_AND3_X1_ZN_A1_OR3_X1_ZN_A1_AND4_X1_ZN_A1_OR3_X1_ZN_A1_AND4_X1_ZN_A4_OAI21_X1_ZN_B1_AOI21_X1_ZN_B2_OR3_X1_ZN_A2_AND3_X1_ZN_A1_OR3_X1_ZN_A1_AND3_X1_ZN_A1_OR3_X1_ZN/A1 (OR3_X1)
     3    3.8381    0.0158    0.0706    0.4793 v acc_out[8]_DFF_X1_Q_D_AND3_X1_ZN_A2_OR3_X1_ZN_A1_AND3_X1_ZN_A1_OR3_X1_ZN_A1_AND3_X1_ZN_A1_OR3_X1_ZN_A1_AND4_X1_ZN_A1_OR3_X1_ZN_A1_AND4_X1_ZN_A4_OAI21_X1_ZN_B1_AOI21_X1_ZN_B2_OR3_X1_ZN_A2_AND3_X1_ZN_A1_OR3_X1_ZN_A1_AND3_X1_ZN_A1_OR3_X1_ZN/ZN (OR3_X1)
                    0.0158    0.0000    0.4793 v acc_out[8]_DFF_X1_Q_D_AND3_X1_ZN_A2_OR3_X1_ZN_A1_AND3_X1_ZN_A1_OR3_X1_ZN_A1_AND3_X1_ZN_A1_OR3_X1_ZN_A1_AND4_X1_ZN_A1_OR3_X1_ZN_A1_AND4_X1_ZN_A4_OAI21_X1_ZN_B1_AOI21_X1_ZN_B2_OR3_X1_ZN_A2_AND3_X1_ZN_A1_OR3_X1_ZN_A1_AND3_X1_ZN/A1 (AND3_X1)
     2    2.3339    0.0074    0.0355    0.5148 v acc_out[8]_DFF_X1_Q_D_AND3_X1_ZN_A2_OR3_X1_ZN_A1_AND3_X1_ZN_A1_OR3_X1_ZN_A1_AND3_X1_ZN_A1_OR3_X1_ZN_A1_AND4_X1_ZN_A1_OR3_X1_ZN_A1_AND4_X1_ZN_A4_OAI21_X1_ZN_B1_AOI21_X1_ZN_B2_OR3_X1_ZN_A2_AND3_X1_ZN_A1_OR3_X1_ZN_A1_AND3_X1_ZN/ZN (AND3_X1)
                    0.0074    0.0000    0.5148 v acc_out[8]_DFF_X1_Q_D_AND3_X1_ZN_A2_OR3_X1_ZN_A1_AND3_X1_ZN_A1_OR3_X1_ZN_A1_AND3_X1_ZN_A1_OR3_X1_ZN_A1_AND4_X1_ZN_A1_OR3_X1_ZN_A1_AND4_X1_ZN_A4_OAI21_X1_ZN_B1_AOI21_X1_ZN_B2_OR3_X1_ZN_A2_AND3_X1_ZN_A1_OR3_X1_ZN/A1 (OR3_X1)
     2    2.2761    0.0139    0.0661    0.5809 v acc_out[8]_DFF_X1_Q_D_AND3_X1_ZN_A2_OR3_X1_ZN_A1_AND3_X1_ZN_A1_OR3_X1_ZN_A1_AND3_X1_ZN_A1_OR3_X1_ZN_A1_AND4_X1_ZN_A1_OR3_X1_ZN_A1_AND4_X1_ZN_A4_OAI21_X1_ZN_B1_AOI21_X1_ZN_B2_OR3_X1_ZN_A2_AND3_X1_ZN_A1_OR3_X1_ZN/ZN (OR3_X1)
                    0.0139    0.0000    0.5809 v acc_out[8]_DFF_X1_Q_D_AND3_X1_ZN_A2_OR3_X1_ZN_A1_AND3_X1_ZN_A1_OR3_X1_ZN_A1_AND3_X1_ZN_A1_OR3_X1_ZN_A1_AND4_X1_ZN_A1_OR3_X1_ZN_A1_AND4_X1_ZN_A4_OAI21_X1_ZN_B1_AOI21_X1_ZN_B2_OR3_X1_ZN_A2_AND3_X1_ZN/A1 (AND3_X1)
     3    3.8592    0.0089    0.0375    0.6184 v acc_out[8]_DFF_X1_Q_D_AND3_X1_ZN_A2_OR3_X1_ZN_A1_AND3_X1_ZN_A1_OR3_X1_ZN_A1_AND3_X1_ZN_A1_OR3_X1_ZN_A1_AND4_X1_ZN_A1_OR3_X1_ZN_A1_AND4_X1_ZN_A4_OAI21_X1_ZN_B1_AOI21_X1_ZN_B2_OR3_X1_ZN_A2_AND3_X1_ZN/ZN (AND3_X1)
                    0.0089    0.0000    0.6184 v acc_out[8]_DFF_X1_Q_D_AND3_X1_ZN_A2_OR3_X1_ZN_A1_AND3_X1_ZN_A1_OR3_X1_ZN_A1_AND3_X1_ZN_A1_OR3_X1_ZN_A1_AND4_X1_ZN_A1_OR3_X1_ZN_A1_AND4_X1_ZN_A4_OAI21_X1_ZN_B1_AOI21_X1_ZN_B2_OR3_X1_ZN/A2 (OR3_X1)
     3    3.7783    0.0158    0.0822    0.7006 v acc_out[8]_DFF_X1_Q_D_AND3_X1_ZN_A2_OR3_X1_ZN_A1_AND3_X1_ZN_A1_OR3_X1_ZN_A1_AND3_X1_ZN_A1_OR3_X1_ZN_A1_AND4_X1_ZN_A1_OR3_X1_ZN_A1_AND4_X1_ZN_A4_OAI21_X1_ZN_B1_AOI21_X1_ZN_B2_OR3_X1_ZN/ZN (OR3_X1)
                    0.0158    0.0000    0.7006 v acc_out[8]_DFF_X1_Q_D_AND3_X1_ZN_A2_OR3_X1_ZN_A1_AND3_X1_ZN_A1_OR3_X1_ZN_A1_AND3_X1_ZN_A1_OR3_X1_ZN_A1_AND4_X1_ZN_A1_OR3_X1_ZN_A1_AND4_X1_ZN_A4_OAI21_X1_ZN_B1_AOI21_X1_ZN_A_AND3_X1_A2/A1 (AND3_X1)
     6    9.0194    0.0138    0.0464    0.7470 v acc_out[8]_DFF_X1_Q_D_AND3_X1_ZN_A2_OR3_X1_ZN_A1_AND3_X1_ZN_A1_OR3_X1_ZN_A1_AND3_X1_ZN_A1_OR3_X1_ZN_A1_AND4_X1_ZN_A1_OR3_X1_ZN_A1_AND4_X1_ZN_A4_OAI21_X1_ZN_B1_AOI21_X1_ZN_A_AND3_X1_A2/ZN (AND3_X1)
                    0.0138    0.0000    0.7470 v acc_out[8]_DFF_X1_Q_D_AND3_X1_ZN_A2_OR3_X1_ZN_A1_AND3_X1_ZN_A1_OR3_X1_ZN_A1_AND3_X1_ZN_A1_OR3_X1_ZN_A1_AND4_X1_ZN_A1_OR3_X1_ZN_A1_AND4_X1_ZN_A4_OAI21_X1_ZN_A_OR3_X1_A2/A1 (OR3_X1)
     4    6.0248    0.0183    0.0779    0.8248 v acc_out[8]_DFF_X1_Q_D_AND3_X1_ZN_A2_OR3_X1_ZN_A1_AND3_X1_ZN_A1_OR3_X1_ZN_A1_AND3_X1_ZN_A1_OR3_X1_ZN_A1_AND4_X1_ZN_A1_OR3_X1_ZN_A1_AND4_X1_ZN_A4_OAI21_X1_ZN_A_OR3_X1_A2/ZN (OR3_X1)
                    0.0183    0.0000    0.8248 v acc_out[8]_DFF_X1_Q_D_AND3_X1_ZN_A2_OR3_X1_ZN_A1_AND3_X1_ZN_A1_OR3_X1_ZN_A1_AND3_X1_ZN_A1_OR3_X1_ZN_A1_AND4_X1_ZN_A1_OR3_X1_ZN_A3_AOI22_X1_ZN/B2 (AOI22_X1)
     3    4.1555    0.0361    0.0625    0.8873 ^ acc_out[8]_DFF_X1_Q_D_AND3_X1_ZN_A2_OR3_X1_ZN_A1_AND3_X1_ZN_A1_OR3_X1_ZN_A1_AND3_X1_ZN_A1_OR3_X1_ZN_A1_AND4_X1_ZN_A1_OR3_X1_ZN_A3_AOI22_X1_ZN/ZN (AOI22_X1)
                    0.0361    0.0000    0.8873 ^ acc_out[9]_DFF_X1_Q_D_NOR2_X1_ZN_A2_XNOR2_X1_ZN_B_XOR2_X1_Z_B_XNOR2_X1_ZN_A_XOR2_X1_Z_B_XNOR2_X1_ZN_B_XOR2_X1_Z_B_XNOR2_X1_ZN_B_OAI21_X1_ZN/B2 (OAI21_X1)
     2    3.7781    0.0173    0.0292    0.9166 v acc_out[9]_DFF_X1_Q_D_NOR2_X1_ZN_A2_XNOR2_X1_ZN_B_XOR2_X1_Z_B_XNOR2_X1_ZN_A_XOR2_X1_Z_B_XNOR2_X1_ZN_B_XOR2_X1_Z_B_XNOR2_X1_ZN_B_OAI21_X1_ZN/ZN (OAI21_X1)
                    0.0173    0.0000    0.9166 v acc_out[9]_DFF_X1_Q_D_NOR2_X1_ZN_A2_XNOR2_X1_ZN_B_XOR2_X1_Z_B_XNOR2_X1_ZN_A_XOR2_X1_Z_B_XNOR2_X1_ZN_B_XOR2_X1_Z_B_XNOR2_X1_ZN/B (XNOR2_X1)
     2    3.9753    0.0163    0.0476    0.9642 v acc_out[9]_DFF_X1_Q_D_NOR2_X1_ZN_A2_XNOR2_X1_ZN_B_XOR2_X1_Z_B_XNOR2_X1_ZN_A_XOR2_X1_Z_B_XNOR2_X1_ZN_B_XOR2_X1_Z_B_XNOR2_X1_ZN/ZN (XNOR2_X1)
                    0.0163    0.0000    0.9642 v acc_out[9]_DFF_X1_Q_D_NOR2_X1_ZN_A2_XNOR2_X1_ZN_B_XOR2_X1_Z_B_XNOR2_X1_ZN_A_XOR2_X1_Z_B_XNOR2_X1_ZN_B_XOR2_X1_Z/B (XOR2_X1)
     2    3.7781    0.0144    0.0620    1.0261 v acc_out[9]_DFF_X1_Q_D_NOR2_X1_ZN_A2_XNOR2_X1_ZN_B_XOR2_X1_Z_B_XNOR2_X1_ZN_A_XOR2_X1_Z_B_XNOR2_X1_ZN_B_XOR2_X1_Z/Z (XOR2_X1)
                    0.0144    0.0000    1.0261 v acc_out[10]_DFF_X1_Q_D_AOI21_X1_ZN_B2_XNOR2_X1_ZN_B_XOR2_X1_Z_A_XNOR2_X1_ZN_B_XNOR2_X1_ZN_B_AOI21_X1_ZN/B2 (AOI21_X1)
     2    4.1455    0.0330    0.0456    1.0717 ^ acc_out[10]_DFF_X1_Q_D_AOI21_X1_ZN_B2_XNOR2_X1_ZN_B_XOR2_X1_Z_A_XNOR2_X1_ZN_B_XNOR2_X1_ZN_B_AOI21_X1_ZN/ZN (AOI21_X1)
                    0.0330    0.0000    1.0717 ^ acc_out[10]_DFF_X1_Q_D_AOI21_X1_ZN_B2_XNOR2_X1_ZN_B_XOR2_X1_Z_A_XNOR2_X1_ZN_B_XNOR2_X1_ZN_B_OAI21_X1_B2/B2 (OAI21_X1)
     2    3.6281    0.0163    0.0279    1.0996 v acc_out[10]_DFF_X1_Q_D_AOI21_X1_ZN_B2_XNOR2_X1_ZN_B_XOR2_X1_Z_A_XNOR2_X1_ZN_B_XNOR2_X1_ZN_B_OAI21_X1_B2/ZN (OAI21_X1)
                    0.0163    0.0000    1.0996 v acc_out[11]_DFF_X1_Q_D_NOR2_X1_ZN_A2_XNOR2_X1_ZN_A_XOR2_X1_Z_B_XOR2_X1_Z_B_XOR2_X1_Z_B_XOR2_X1_Z/A (XOR2_X1)
     2    3.3056    0.0136    0.0561    1.1557 v acc_out[11]_DFF_X1_Q_D_NOR2_X1_ZN_A2_XNOR2_X1_ZN_A_XOR2_X1_Z_B_XOR2_X1_Z_B_XOR2_X1_Z_B_XOR2_X1_Z/Z (XOR2_X1)
                    0.0136    0.0000    1.1557 v acc_out[11]_DFF_X1_Q_D_NOR2_X1_ZN_A2_XNOR2_X1_ZN_A_XOR2_X1_Z_B_XOR2_X1_Z_B_XOR2_X1_Z/B (XOR2_X1)
     2    3.8214    0.0143    0.0609    1.2166 v acc_out[11]_DFF_X1_Q_D_NOR2_X1_ZN_A2_XNOR2_X1_ZN_A_XOR2_X1_Z_B_XOR2_X1_Z_B_XOR2_X1_Z/Z (XOR2_X1)
                    0.0143    0.0000    1.2166 v acc_out[12]_DFF_X1_Q_D_AOI21_X1_ZN_B2_XNOR2_X1_ZN_B_XOR2_X1_Z_B_AOI21_X1_ZN/B2 (AOI21_X1)
     2    3.9354    0.0320    0.0445    1.2611 ^ acc_out[12]_DFF_X1_Q_D_AOI21_X1_ZN_B2_XNOR2_X1_ZN_B_XOR2_X1_Z_B_AOI21_X1_ZN/ZN (AOI21_X1)
                    0.0320    0.0000    1.2611 ^ acc_out[12]_DFF_X1_Q_D_AOI21_X1_ZN_B2_XNOR2_X1_ZN_B_XOR2_X1_Z_A_OAI21_X1_B1/B2 (OAI21_X1)
     2    3.8214    0.0164    0.0281    1.2892 v acc_out[12]_DFF_X1_Q_D_AOI21_X1_ZN_B2_XNOR2_X1_ZN_B_XOR2_X1_Z_A_OAI21_X1_B1/ZN (OAI21_X1)
                    0.0164    0.0000    1.2892 v acc_out[13]_DFF_X1_Q_D_AND2_X1_ZN_A1_OR2_X1_ZN_A2_XOR2_X1_Z_B_XOR2_X1_Z/B (XOR2_X1)
     2    3.3056    0.0144    0.0612    1.3504 v acc_out[13]_DFF_X1_Q_D_AND2_X1_ZN_A1_OR2_X1_ZN_A2_XOR2_X1_Z_B_XOR2_X1_Z/Z (XOR2_X1)
                    0.0144    0.0000    1.3504 v acc_out[13]_DFF_X1_Q_D_AND2_X1_ZN_A1_OR2_X1_ZN_A2_XOR2_X1_Z/B (XOR2_X1)
     3    3.7153    0.0142    0.0611    1.4115 v acc_out[13]_DFF_X1_Q_D_AND2_X1_ZN_A1_OR2_X1_ZN_A2_XOR2_X1_Z/Z (XOR2_X1)
                    0.0142    0.0000    1.4115 v acc_out[14]_DFF_X1_Q_D_AOI21_X1_ZN_B2_AOI21_X1_ZN/B2 (AOI21_X1)
     3    5.0010    0.0370    0.0498    1.4613 ^ acc_out[14]_DFF_X1_Q_D_AOI21_X1_ZN_B2_AOI21_X1_ZN/ZN (AOI21_X1)
                    0.0370    0.0000    1.4613 ^ acc_out[14]_DFF_X1_Q_D_AOI21_X1_ZN_A_OAI21_X1_ZN/B1 (OAI21_X1)
     1    1.5353    0.0132    0.0187    1.4801 v acc_out[14]_DFF_X1_Q_D_AOI21_X1_ZN_A_OAI21_X1_ZN/ZN (OAI21_X1)
                    0.0132    0.0000    1.4801 v acc_out[14]_DFF_X1_Q_D_AOI21_X1_ZN/A (AOI21_X1)
     1    1.1403    0.0189    0.0382    1.5182 ^ acc_out[14]_DFF_X1_Q_D_AOI21_X1_ZN/ZN (AOI21_X1)
                    0.0189    0.0000    1.5182 ^ acc_out[14]_DFF_X1_Q/D (DFF_X1)
                                        1.5182   data arrival time

                    0.0500    2.0000    2.0000   clock clk (rise edge)
                              0.0000    2.0000   clock network delay (ideal)
                             -0.0500    1.9500   clock uncertainty
                              0.0000    1.9500   clock reconvergence pessimism
                                        1.9500 ^ acc_out[14]_DFF_X1_Q/CK (DFF_X1)
                             -0.0289    1.9211   library setup time
                                        1.9211   data required time
-------------------------------------------------------------------------------------
                                        1.9211   data required time
                                       -1.5182   data arrival time
-------------------------------------------------------------------------------------
                                        0.4028   slack (MET)


Startpoint: b1[0]_AND2_X1_A2_ZN_DFF_X1_D
            (rising edge-triggered flip-flop clocked by clk)
Endpoint: acc_out[13]_DFF_X1_Q (rising edge-triggered flip-flop clocked by clk)
Path Group: clk
Path Type: max

Fanout       Cap      Slew     Delay      Time   Description
-------------------------------------------------------------------------------------
                    0.0500    0.0000    0.0000   clock clk (rise edge)
                              0.0000    0.0000   clock network delay (ideal)
                    0.0500    0.0000    0.0000 ^ b1[0]_AND2_X1_A2_ZN_DFF_X1_D/CK (DFF_X1)
    42   57.0488    0.1329    0.2293    0.2293 ^ b1[0]_AND2_X1_A2_ZN_DFF_X1_D/Q (DFF_X1)
                    0.1329    0.0000    0.2293 ^ acc_out[8]_DFF_X1_Q_D_AND3_X1_ZN_A2_OR3_X1_ZN_A1_AND3_X1_ZN_A1_OR3_X1_ZN_A1_AND3_X1_ZN_A1_OR3_X1_ZN_A1_AND4_X1_ZN_A1_OR3_X1_ZN_A1_AND4_X1_ZN_A4_OAI21_X1_ZN_B1_AOI21_X1_ZN_B2_OR3_X1_ZN_A2_AND3_X1_ZN_A1_OR3_X1_ZN_A1_AND3_X1_ZN_A1_OR3_X1_ZN_A1_AND3_X1_ZN_A1_OR3_X1_ZN_A3_AOI22_X1_ZN/B1 (AOI22_X1)
     3    3.9140    0.0405    0.0468    0.2761 v acc_out[8]_DFF_X1_Q_D_AND3_X1_ZN_A2_OR3_X1_ZN_A1_AND3_X1_ZN_A1_OR3_X1_ZN_A1_AND3_X1_ZN_A1_OR3_X1_ZN_A1_AND4_X1_ZN_A1_OR3_X1_ZN_A1_AND4_X1_ZN_A4_OAI21_X1_ZN_B1_AOI21_X1_ZN_B2_OR3_X1_ZN_A2_AND3_X1_ZN_A1_OR3_X1_ZN_A1_AND3_X1_ZN_A1_OR3_X1_ZN_A1_AND3_X1_ZN_A1_OR3_X1_ZN_A3_AOI22_X1_ZN/ZN (AOI22_X1)
                    0.0405    0.0000    0.2761 v acc_out[8]_DFF_X1_Q_D_AND3_X1_ZN_A2_OR3_X1_ZN_A1_AND3_X1_ZN_A1_OR3_X1_ZN_A1_AND3_X1_ZN_A1_OR3_X1_ZN_A1_AND4_X1_ZN_A1_OR3_X1_ZN_A1_AND4_X1_ZN_A4_OAI21_X1_ZN_B1_AOI21_X1_ZN_B2_OR3_X1_ZN_A2_AND3_X1_ZN_A1_OR3_X1_ZN_A1_AND3_X1_ZN_A1_OR3_X1_ZN_A1_AND3_X1_ZN_A1_OR3_X1_ZN/A3 (OR3_X1)
     3    3.8381    0.0158    0.0971    0.3732 v acc_out[8]_DFF_X1_Q_D_AND3_X1_ZN_A2_OR3_X1_ZN_A1_AND3_X1_ZN_A1_OR3_X1_ZN_A1_AND3_X1_ZN_A1_OR3_X1_ZN_A1_AND4_X1_ZN_A1_OR3_X1_ZN_A1_AND4_X1_ZN_A4_OAI21_X1_ZN_B1_AOI21_X1_ZN_B2_OR3_X1_ZN_A2_AND3_X1_ZN_A1_OR3_X1_ZN_A1_AND3_X1_ZN_A1_OR3_X1_ZN_A1_AND3_X1_ZN_A1_OR3_X1_ZN/ZN (OR3_X1)
                    0.0158    0.0000    0.3732 v acc_out[8]_DFF_X1_Q_D_AND3_X1_ZN_A2_OR3_X1_ZN_A1_AND3_X1_ZN_A1_OR3_X1_ZN_A1_AND3_X1_ZN_A1_OR3_X1_ZN_A1_AND4_X1_ZN_A1_OR3_X1_ZN_A1_AND4_X1_ZN_A4_OAI21_X1_ZN_B1_AOI21_X1_ZN_B2_OR3_X1_ZN_A2_AND3_X1_ZN_A1_OR3_X1_ZN_A1_AND3_X1_ZN_A1_OR3_X1_ZN_A1_AND3_X1_ZN/A1 (AND3_X1)
     2    2.3339    0.0074    0.0355    0.4087 v acc_out[8]_DFF_X1_Q_D_AND3_X1_ZN_A2_OR3_X1_ZN_A1_AND3_X1_ZN_A1_OR3_X1_ZN_A1_AND3_X1_ZN_A1_OR3_X1_ZN_A1_AND4_X1_ZN_A1_OR3_X1_ZN_A1_AND4_X1_ZN_A4_OAI21_X1_ZN_B1_AOI21_X1_ZN_B2_OR3_X1_ZN_A2_AND3_X1_ZN_A1_OR3_X1_ZN_A1_AND3_X1_ZN_A1_OR3_X1_ZN_A1_AND3_X1_ZN/ZN (AND3_X1)
                    0.0074    0.0000    0.4087 v acc_out[8]_DFF_X1_Q_D_AND3_X1_ZN_A2_OR3_X1_ZN_A1_AND3_X1_ZN_A1_OR3_X1_ZN_A1_AND3_X1_ZN_A1_OR3_X1_ZN_A1_AND4_X1_ZN_A1_OR3_X1_ZN_A1_AND4_X1_ZN_A4_OAI21_X1_ZN_B1_AOI21_X1_ZN_B2_OR3_X1_ZN_A2_AND3_X1_ZN_A1_OR3_X1_ZN_A1_AND3_X1_ZN_A1_OR3_X1_ZN/A1 (OR3_X1)
     3    3.8381    0.0158    0.0706    0.4793 v acc_out[8]_DFF_X1_Q_D_AND3_X1_ZN_A2_OR3_X1_ZN_A1_AND3_X1_ZN_A1_OR3_X1_ZN_A1_AND3_X1_ZN_A1_OR3_X1_ZN_A1_AND4_X1_ZN_A1_OR3_X1_ZN_A1_AND4_X1_ZN_A4_OAI21_X1_ZN_B1_AOI21_X1_ZN_B2_OR3_X1_ZN_A2_AND3_X1_ZN_A1_OR3_X1_ZN_A1_AND3_X1_ZN_A1_OR3_X1_ZN/ZN (OR3_X1)
                    0.0158    0.0000    0.4793 v acc_out[8]_DFF_X1_Q_D_AND3_X1_ZN_A2_OR3_X1_ZN_A1_AND3_X1_ZN_A1_OR3_X1_ZN_A1_AND3_X1_ZN_A1_OR3_X1_ZN_A1_AND4_X1_ZN_A1_OR3_X1_ZN_A1_AND4_X1_ZN_A4_OAI21_X1_ZN_B1_AOI21_X1_ZN_B2_OR3_X1_ZN_A2_AND3_X1_ZN_A1_OR3_X1_ZN_A1_AND3_X1_ZN/A1 (AND3_X1)
     2    2.3339    0.0074    0.0355    0.5148 v acc_out[8]_DFF_X1_Q_D_AND3_X1_ZN_A2_OR3_X1_ZN_A1_AND3_X1_ZN_A1_OR3_X1_ZN_A1_AND3_X1_ZN_A1_OR3_X1_ZN_A1_AND4_X1_ZN_A1_OR3_X1_ZN_A1_AND4_X1_ZN_A4_OAI21_X1_ZN_B1_AOI21_X1_ZN_B2_OR3_X1_ZN_A2_AND3_X1_ZN_A1_OR3_X1_ZN_A1_AND3_X1_ZN/ZN (AND3_X1)
                    0.0074    0.0000    0.5148 v acc_out[8]_DFF_X1_Q_D_AND3_X1_ZN_A2_OR3_X1_ZN_A1_AND3_X1_ZN_A1_OR3_X1_ZN_A1_AND3_X1_ZN_A1_OR3_X1_ZN_A1_AND4_X1_ZN_A1_OR3_X1_ZN_A1_AND4_X1_ZN_A4_OAI21_X1_ZN_B1_AOI21_X1_ZN_B2_OR3_X1_ZN_A2_AND3_X1_ZN_A1_OR3_X1_ZN/A1 (OR3_X1)
     2    2.2761    0.0139    0.0661    0.5809 v acc_out[8]_DFF_X1_Q_D_AND3_X1_ZN_A2_OR3_X1_ZN_A1_AND3_X1_ZN_A1_OR3_X1_ZN_A1_AND3_X1_ZN_A1_OR3_X1_ZN_A1_AND4_X1_ZN_A1_OR3_X1_ZN_A1_AND4_X1_ZN_A4_OAI21_X1_ZN_B1_AOI21_X1_ZN_B2_OR3_X1_ZN_A2_AND3_X1_ZN_A1_OR3_X1_ZN/ZN (OR3_X1)
                    0.0139    0.0000    0.5809 v acc_out[8]_DFF_X1_Q_D_AND3_X1_ZN_A2_OR3_X1_ZN_A1_AND3_X1_ZN_A1_OR3_X1_ZN_A1_AND3_X1_ZN_A1_OR3_X1_ZN_A1_AND4_X1_ZN_A1_OR3_X1_ZN_A1_AND4_X1_ZN_A4_OAI21_X1_ZN_B1_AOI21_X1_ZN_B2_OR3_X1_ZN_A2_AND3_X1_ZN/A1 (AND3_X1)
     3    3.8592    0.0089    0.0375    0.6184 v acc_out[8]_DFF_X1_Q_D_AND3_X1_ZN_A2_OR3_X1_ZN_A1_AND3_X1_ZN_A1_OR3_X1_ZN_A1_AND3_X1_ZN_A1_OR3_X1_ZN_A1_AND4_X1_ZN_A1_OR3_X1_ZN_A1_AND4_X1_ZN_A4_OAI21_X1_ZN_B1_AOI21_X1_ZN_B2_OR3_X1_ZN_A2_AND3_X1_ZN/ZN (AND3_X1)
                    0.0089    0.0000    0.6184 v acc_out[8]_DFF_X1_Q_D_AND3_X1_ZN_A2_OR3_X1_ZN_A1_AND3_X1_ZN_A1_OR3_X1_ZN_A1_AND3_X1_ZN_A1_OR3_X1_ZN_A1_AND4_X1_ZN_A1_OR3_X1_ZN_A1_AND4_X1_ZN_A4_OAI21_X1_ZN_B1_AOI21_X1_ZN_B2_OR3_X1_ZN/A2 (OR3_X1)
     3    3.7783    0.0158    0.0822    0.7006 v acc_out[8]_DFF_X1_Q_D_AND3_X1_ZN_A2_OR3_X1_ZN_A1_AND3_X1_ZN_A1_OR3_X1_ZN_A1_AND3_X1_ZN_A1_OR3_X1_ZN_A1_AND4_X1_ZN_A1_OR3_X1_ZN_A1_AND4_X1_ZN_A4_OAI21_X1_ZN_B1_AOI21_X1_ZN_B2_OR3_X1_ZN/ZN (OR3_X1)
                    0.0158    0.0000    0.7006 v acc_out[8]_DFF_X1_Q_D_AND3_X1_ZN_A2_OR3_X1_ZN_A1_AND3_X1_ZN_A1_OR3_X1_ZN_A1_AND3_X1_ZN_A1_OR3_X1_ZN_A1_AND4_X1_ZN_A1_OR3_X1_ZN_A1_AND4_X1_ZN_A4_OAI21_X1_ZN_B1_AOI21_X1_ZN_A_AND3_X1_A2/A1 (AND3_X1)
     6    9.0194    0.0138    0.0464    0.7470 v acc_out[8]_DFF_X1_Q_D_AND3_X1_ZN_A2_OR3_X1_ZN_A1_AND3_X1_ZN_A1_OR3_X1_ZN_A1_AND3_X1_ZN_A1_OR3_X1_ZN_A1_AND4_X1_ZN_A1_OR3_X1_ZN_A1_AND4_X1_ZN_A4_OAI21_X1_ZN_B1_AOI21_X1_ZN_A_AND3_X1_A2/ZN (AND3_X1)
                    0.0138    0.0000    0.7470 v acc_out[8]_DFF_X1_Q_D_AND3_X1_ZN_A2_OR3_X1_ZN_A1_AND3_X1_ZN_A1_OR3_X1_ZN_A1_AND3_X1_ZN_A1_OR3_X1_ZN_A1_AND4_X1_ZN_A1_OR3_X1_ZN_A1_AND4_X1_ZN_A4_OAI21_X1_ZN_A_OR3_X1_A2/A1 (OR3_X1)
     4    6.0248    0.0183    0.0779    0.8248 v acc_out[8]_DFF_X1_Q_D_AND3_X1_ZN_A2_OR3_X1_ZN_A1_AND3_X1_ZN_A1_OR3_X1_ZN_A1_AND3_X1_ZN_A1_OR3_X1_ZN_A1_AND4_X1_ZN_A1_OR3_X1_ZN_A1_AND4_X1_ZN_A4_OAI21_X1_ZN_A_OR3_X1_A2/ZN (OR3_X1)
                    0.0183    0.0000    0.8248 v acc_out[8]_DFF_X1_Q_D_AND3_X1_ZN_A2_OR3_X1_ZN_A1_AND3_X1_ZN_A1_OR3_X1_ZN_A1_AND3_X1_ZN_A1_OR3_X1_ZN_A1_AND4_X1_ZN_A1_OR3_X1_ZN_A3_AOI22_X1_ZN/B2 (AOI22_X1)
     3    4.1555    0.0361    0.0625    0.8873 ^ acc_out[8]_DFF_X1_Q_D_AND3_X1_ZN_A2_OR3_X1_ZN_A1_AND3_X1_ZN_A1_OR3_X1_ZN_A1_AND3_X1_ZN_A1_OR3_X1_ZN_A1_AND4_X1_ZN_A1_OR3_X1_ZN_A3_AOI22_X1_ZN/ZN (AOI22_X1)
                    0.0361    0.0000    0.8873 ^ acc_out[9]_DFF_X1_Q_D_NOR2_X1_ZN_A2_XNOR2_X1_ZN_B_XOR2_X1_Z_B_XNOR2_X1_ZN_A_XOR2_X1_Z_B_XNOR2_X1_ZN_B_XOR2_X1_Z_B_XNOR2_X1_ZN_B_OAI21_X1_ZN/B2 (OAI21_X1)
     2    3.7781    0.0173    0.0292    0.9166 v acc_out[9]_DFF_X1_Q_D_NOR2_X1_ZN_A2_XNOR2_X1_ZN_B_XOR2_X1_Z_B_XNOR2_X1_ZN_A_XOR2_X1_Z_B_XNOR2_X1_ZN_B_XOR2_X1_Z_B_XNOR2_X1_ZN_B_OAI21_X1_ZN/ZN (OAI21_X1)
                    0.0173    0.0000    0.9166 v acc_out[9]_DFF_X1_Q_D_NOR2_X1_ZN_A2_XNOR2_X1_ZN_B_XOR2_X1_Z_B_XNOR2_X1_ZN_A_XOR2_X1_Z_B_XNOR2_X1_ZN_B_XOR2_X1_Z_B_XNOR2_X1_ZN/B (XNOR2_X1)
     2    3.9753    0.0163    0.0476    0.9642 v acc_out[9]_DFF_X1_Q_D_NOR2_X1_ZN_A2_XNOR2_X1_ZN_B_XOR2_X1_Z_B_XNOR2_X1_ZN_A_XOR2_X1_Z_B_XNOR2_X1_ZN_B_XOR2_X1_Z_B_XNOR2_X1_ZN/ZN (XNOR2_X1)
                    0.0163    0.0000    0.9642 v acc_out[9]_DFF_X1_Q_D_NOR2_X1_ZN_A2_XNOR2_X1_ZN_B_XOR2_X1_Z_B_XNOR2_X1_ZN_A_XOR2_X1_Z_B_XNOR2_X1_ZN_B_XOR2_X1_Z/B (XOR2_X1)
     2    3.7781    0.0144    0.0620    1.0261 v acc_out[9]_DFF_X1_Q_D_NOR2_X1_ZN_A2_XNOR2_X1_ZN_B_XOR2_X1_Z_B_XNOR2_X1_ZN_A_XOR2_X1_Z_B_XNOR2_X1_ZN_B_XOR2_X1_Z/Z (XOR2_X1)
                    0.0144    0.0000    1.0261 v acc_out[10]_DFF_X1_Q_D_AOI21_X1_ZN_B2_XNOR2_X1_ZN_B_XOR2_X1_Z_A_XNOR2_X1_ZN_B_XNOR2_X1_ZN_B_AOI21_X1_ZN/B2 (AOI21_X1)
     2    4.1455    0.0330    0.0456    1.0717 ^ acc_out[10]_DFF_X1_Q_D_AOI21_X1_ZN_B2_XNOR2_X1_ZN_B_XOR2_X1_Z_A_XNOR2_X1_ZN_B_XNOR2_X1_ZN_B_AOI21_X1_ZN/ZN (AOI21_X1)
                    0.0330    0.0000    1.0717 ^ acc_out[10]_DFF_X1_Q_D_AOI21_X1_ZN_B2_XNOR2_X1_ZN_B_XOR2_X1_Z_A_XNOR2_X1_ZN_B_XNOR2_X1_ZN_B_OAI21_X1_B2/B2 (OAI21_X1)
     2    3.6281    0.0163    0.0279    1.0996 v acc_out[10]_DFF_X1_Q_D_AOI21_X1_ZN_B2_XNOR2_X1_ZN_B_XOR2_X1_Z_A_XNOR2_X1_ZN_B_XNOR2_X1_ZN_B_OAI21_X1_B2/ZN (OAI21_X1)
                    0.0163    0.0000    1.0996 v acc_out[11]_DFF_X1_Q_D_NOR2_X1_ZN_A2_XNOR2_X1_ZN_A_XOR2_X1_Z_B_XOR2_X1_Z_B_XOR2_X1_Z_B_XOR2_X1_Z/A (XOR2_X1)
     2    3.3056    0.0136    0.0561    1.1557 v acc_out[11]_DFF_X1_Q_D_NOR2_X1_ZN_A2_XNOR2_X1_ZN_A_XOR2_X1_Z_B_XOR2_X1_Z_B_XOR2_X1_Z_B_XOR2_X1_Z/Z (XOR2_X1)
                    0.0136    0.0000    1.1557 v acc_out[11]_DFF_X1_Q_D_NOR2_X1_ZN_A2_XNOR2_X1_ZN_A_XOR2_X1_Z_B_XOR2_X1_Z_B_XOR2_X1_Z/B (XOR2_X1)
     2    3.8214    0.0143    0.0609    1.2166 v acc_out[11]_DFF_X1_Q_D_NOR2_X1_ZN_A2_XNOR2_X1_ZN_A_XOR2_X1_Z_B_XOR2_X1_Z_B_XOR2_X1_Z/Z (XOR2_X1)
                    0.0143    0.0000    1.2166 v acc_out[12]_DFF_X1_Q_D_AOI21_X1_ZN_B2_XNOR2_X1_ZN_B_XOR2_X1_Z_B_AOI21_X1_ZN/B2 (AOI21_X1)
     2    3.9354    0.0320    0.0445    1.2611 ^ acc_out[12]_DFF_X1_Q_D_AOI21_X1_ZN_B2_XNOR2_X1_ZN_B_XOR2_X1_Z_B_AOI21_X1_ZN/ZN (AOI21_X1)
                    0.0320    0.0000    1.2611 ^ acc_out[12]_DFF_X1_Q_D_AOI21_X1_ZN_B2_XNOR2_X1_ZN_B_XOR2_X1_Z_A_OAI21_X1_B1/B2 (OAI21_X1)
     2    3.8214    0.0164    0.0281    1.2892 v acc_out[12]_DFF_X1_Q_D_AOI21_X1_ZN_B2_XNOR2_X1_ZN_B_XOR2_X1_Z_A_OAI21_X1_B1/ZN (OAI21_X1)
                    0.0164    0.0000    1.2892 v acc_out[13]_DFF_X1_Q_D_AND2_X1_ZN_A1_OR2_X1_ZN_A2_XOR2_X1_Z_B_XOR2_X1_Z/B (XOR2_X1)
     2    3.3056    0.0144    0.0612    1.3504 v acc_out[13]_DFF_X1_Q_D_AND2_X1_ZN_A1_OR2_X1_ZN_A2_XOR2_X1_Z_B_XOR2_X1_Z/Z (XOR2_X1)
                    0.0144    0.0000    1.3504 v acc_out[13]_DFF_X1_Q_D_AND2_X1_ZN_A1_OR2_X1_ZN_A2_XOR2_X1_Z/B (XOR2_X1)
     3    3.7153    0.0142    0.0611    1.4115 v acc_out[13]_DFF_X1_Q_D_AND2_X1_ZN_A1_OR2_X1_ZN_A2_XOR2_X1_Z/Z (XOR2_X1)
                    0.0142    0.0000    1.4115 v acc_out[13]_DFF_X1_Q_D_AND2_X1_ZN_A1_OR2_X1_ZN/A2 (OR2_X1)
     1    0.8748    0.0082    0.0493    1.4608 v acc_out[13]_DFF_X1_Q_D_AND2_X1_ZN_A1_OR2_X1_ZN/ZN (OR2_X1)
                    0.0082    0.0000    1.4608 v acc_out[13]_DFF_X1_Q_D_AND2_X1_ZN/A1 (AND2_X1)
     1    1.0623    0.0057    0.0267    1.4875 v acc_out[13]_DFF_X1_Q_D_AND2_X1_ZN/ZN (AND2_X1)
                    0.0057    0.0000    1.4875 v acc_out[13]_DFF_X1_Q/D (DFF_X1)
                                        1.4875   data arrival time

                    0.0500    2.0000    2.0000   clock clk (rise edge)
                              0.0000    2.0000   clock network delay (ideal)
                             -0.0500    1.9500   clock uncertainty
                              0.0000    1.9500   clock reconvergence pessimism
                                        1.9500 ^ acc_out[13]_DFF_X1_Q/CK (DFF_X1)
                             -0.0238    1.9262   library setup time
                                        1.9262   data required time
-------------------------------------------------------------------------------------
                                        1.9262   data required time
                                       -1.4875   data arrival time
-------------------------------------------------------------------------------------
                                        0.4387   slack (MET)


Startpoint: b1[0]_AND2_X1_A2_ZN_DFF_X1_D
            (rising edge-triggered flip-flop clocked by clk)
Endpoint: acc_out[12]_DFF_X1_Q (rising edge-triggered flip-flop clocked by clk)
Path Group: clk
Path Type: max

Fanout       Cap      Slew     Delay      Time   Description
-------------------------------------------------------------------------------------
                    0.0500    0.0000    0.0000   clock clk (rise edge)
                              0.0000    0.0000   clock network delay (ideal)
                    0.0500    0.0000    0.0000 ^ b1[0]_AND2_X1_A2_ZN_DFF_X1_D/CK (DFF_X1)
    42   57.0488    0.1329    0.2293    0.2293 ^ b1[0]_AND2_X1_A2_ZN_DFF_X1_D/Q (DFF_X1)
                    0.1329    0.0000    0.2293 ^ acc_out[8]_DFF_X1_Q_D_AND3_X1_ZN_A2_OR3_X1_ZN_A1_AND3_X1_ZN_A1_OR3_X1_ZN_A1_AND3_X1_ZN_A1_OR3_X1_ZN_A1_AND4_X1_ZN_A1_OR3_X1_ZN_A1_AND4_X1_ZN_A4_OAI21_X1_ZN_B1_AOI21_X1_ZN_B2_OR3_X1_ZN_A2_AND3_X1_ZN_A1_OR3_X1_ZN_A1_AND3_X1_ZN_A1_OR3_X1_ZN_A1_AND3_X1_ZN_A1_OR3_X1_ZN_A3_AOI22_X1_ZN/B1 (AOI22_X1)
     3    3.9140    0.0405    0.0468    0.2761 v acc_out[8]_DFF_X1_Q_D_AND3_X1_ZN_A2_OR3_X1_ZN_A1_AND3_X1_ZN_A1_OR3_X1_ZN_A1_AND3_X1_ZN_A1_OR3_X1_ZN_A1_AND4_X1_ZN_A1_OR3_X1_ZN_A1_AND4_X1_ZN_A4_OAI21_X1_ZN_B1_AOI21_X1_ZN_B2_OR3_X1_ZN_A2_AND3_X1_ZN_A1_OR3_X1_ZN_A1_AND3_X1_ZN_A1_OR3_X1_ZN_A1_AND3_X1_ZN_A1_OR3_X1_ZN_A3_AOI22_X1_ZN/ZN (AOI22_X1)
                    0.0405    0.0000    0.2761 v acc_out[8]_DFF_X1_Q_D_AND3_X1_ZN_A2_OR3_X1_ZN_A1_AND3_X1_ZN_A1_OR3_X1_ZN_A1_AND3_X1_ZN_A1_OR3_X1_ZN_A1_AND4_X1_ZN_A1_OR3_X1_ZN_A1_AND4_X1_ZN_A4_OAI21_X1_ZN_B1_AOI21_X1_ZN_B2_OR3_X1_ZN_A2_AND3_X1_ZN_A1_OR3_X1_ZN_A1_AND3_X1_ZN_A1_OR3_X1_ZN_A1_AND3_X1_ZN_A1_OR3_X1_ZN/A3 (OR3_X1)
     3    3.8381    0.0158    0.0971    0.3732 v acc_out[8]_DFF_X1_Q_D_AND3_X1_ZN_A2_OR3_X1_ZN_A1_AND3_X1_ZN_A1_OR3_X1_ZN_A1_AND3_X1_ZN_A1_OR3_X1_ZN_A1_AND4_X1_ZN_A1_OR3_X1_ZN_A1_AND4_X1_ZN_A4_OAI21_X1_ZN_B1_AOI21_X1_ZN_B2_OR3_X1_ZN_A2_AND3_X1_ZN_A1_OR3_X1_ZN_A1_AND3_X1_ZN_A1_OR3_X1_ZN_A1_AND3_X1_ZN_A1_OR3_X1_ZN/ZN (OR3_X1)
                    0.0158    0.0000    0.3732 v acc_out[8]_DFF_X1_Q_D_AND3_X1_ZN_A2_OR3_X1_ZN_A1_AND3_X1_ZN_A1_OR3_X1_ZN_A1_AND3_X1_ZN_A1_OR3_X1_ZN_A1_AND4_X1_ZN_A1_OR3_X1_ZN_A1_AND4_X1_ZN_A4_OAI21_X1_ZN_B1_AOI21_X1_ZN_B2_OR3_X1_ZN_A2_AND3_X1_ZN_A1_OR3_X1_ZN_A1_AND3_X1_ZN_A1_OR3_X1_ZN_A1_AND3_X1_ZN/A1 (AND3_X1)
     2    2.3339    0.0074    0.0355    0.4087 v acc_out[8]_DFF_X1_Q_D_AND3_X1_ZN_A2_OR3_X1_ZN_A1_AND3_X1_ZN_A1_OR3_X1_ZN_A1_AND3_X1_ZN_A1_OR3_X1_ZN_A1_AND4_X1_ZN_A1_OR3_X1_ZN_A1_AND4_X1_ZN_A4_OAI21_X1_ZN_B1_AOI21_X1_ZN_B2_OR3_X1_ZN_A2_AND3_X1_ZN_A1_OR3_X1_ZN_A1_AND3_X1_ZN_A1_OR3_X1_ZN_A1_AND3_X1_ZN/ZN (AND3_X1)
                    0.0074    0.0000    0.4087 v acc_out[8]_DFF_X1_Q_D_AND3_X1_ZN_A2_OR3_X1_ZN_A1_AND3_X1_ZN_A1_OR3_X1_ZN_A1_AND3_X1_ZN_A1_OR3_X1_ZN_A1_AND4_X1_ZN_A1_OR3_X1_ZN_A1_AND4_X1_ZN_A4_OAI21_X1_ZN_B1_AOI21_X1_ZN_B2_OR3_X1_ZN_A2_AND3_X1_ZN_A1_OR3_X1_ZN_A1_AND3_X1_ZN_A1_OR3_X1_ZN/A1 (OR3_X1)
     3    3.8381    0.0158    0.0706    0.4793 v acc_out[8]_DFF_X1_Q_D_AND3_X1_ZN_A2_OR3_X1_ZN_A1_AND3_X1_ZN_A1_OR3_X1_ZN_A1_AND3_X1_ZN_A1_OR3_X1_ZN_A1_AND4_X1_ZN_A1_OR3_X1_ZN_A1_AND4_X1_ZN_A4_OAI21_X1_ZN_B1_AOI21_X1_ZN_B2_OR3_X1_ZN_A2_AND3_X1_ZN_A1_OR3_X1_ZN_A1_AND3_X1_ZN_A1_OR3_X1_ZN/ZN (OR3_X1)
                    0.0158    0.0000    0.4793 v acc_out[8]_DFF_X1_Q_D_AND3_X1_ZN_A2_OR3_X1_ZN_A1_AND3_X1_ZN_A1_OR3_X1_ZN_A1_AND3_X1_ZN_A1_OR3_X1_ZN_A1_AND4_X1_ZN_A1_OR3_X1_ZN_A1_AND4_X1_ZN_A4_OAI21_X1_ZN_B1_AOI21_X1_ZN_B2_OR3_X1_ZN_A2_AND3_X1_ZN_A1_OR3_X1_ZN_A1_AND3_X1_ZN/A1 (AND3_X1)
     2    2.3339    0.0074    0.0355    0.5148 v acc_out[8]_DFF_X1_Q_D_AND3_X1_ZN_A2_OR3_X1_ZN_A1_AND3_X1_ZN_A1_OR3_X1_ZN_A1_AND3_X1_ZN_A1_OR3_X1_ZN_A1_AND4_X1_ZN_A1_OR3_X1_ZN_A1_AND4_X1_ZN_A4_OAI21_X1_ZN_B1_AOI21_X1_ZN_B2_OR3_X1_ZN_A2_AND3_X1_ZN_A1_OR3_X1_ZN_A1_AND3_X1_ZN/ZN (AND3_X1)
                    0.0074    0.0000    0.5148 v acc_out[8]_DFF_X1_Q_D_AND3_X1_ZN_A2_OR3_X1_ZN_A1_AND3_X1_ZN_A1_OR3_X1_ZN_A1_AND3_X1_ZN_A1_OR3_X1_ZN_A1_AND4_X1_ZN_A1_OR3_X1_ZN_A1_AND4_X1_ZN_A4_OAI21_X1_ZN_B1_AOI21_X1_ZN_B2_OR3_X1_ZN_A2_AND3_X1_ZN_A1_OR3_X1_ZN/A1 (OR3_X1)
     2    2.2761    0.0139    0.0661    0.5809 v acc_out[8]_DFF_X1_Q_D_AND3_X1_ZN_A2_OR3_X1_ZN_A1_AND3_X1_ZN_A1_OR3_X1_ZN_A1_AND3_X1_ZN_A1_OR3_X1_ZN_A1_AND4_X1_ZN_A1_OR3_X1_ZN_A1_AND4_X1_ZN_A4_OAI21_X1_ZN_B1_AOI21_X1_ZN_B2_OR3_X1_ZN_A2_AND3_X1_ZN_A1_OR3_X1_ZN/ZN (OR3_X1)
                    0.0139    0.0000    0.5809 v acc_out[8]_DFF_X1_Q_D_AND3_X1_ZN_A2_OR3_X1_ZN_A1_AND3_X1_ZN_A1_OR3_X1_ZN_A1_AND3_X1_ZN_A1_OR3_X1_ZN_A1_AND4_X1_ZN_A1_OR3_X1_ZN_A1_AND4_X1_ZN_A4_OAI21_X1_ZN_B1_AOI21_X1_ZN_B2_OR3_X1_ZN_A2_AND3_X1_ZN/A1 (AND3_X1)
     3    3.8592    0.0089    0.0375    0.6184 v acc_out[8]_DFF_X1_Q_D_AND3_X1_ZN_A2_OR3_X1_ZN_A1_AND3_X1_ZN_A1_OR3_X1_ZN_A1_AND3_X1_ZN_A1_OR3_X1_ZN_A1_AND4_X1_ZN_A1_OR3_X1_ZN_A1_AND4_X1_ZN_A4_OAI21_X1_ZN_B1_AOI21_X1_ZN_B2_OR3_X1_ZN_A2_AND3_X1_ZN/ZN (AND3_X1)
                    0.0089    0.0000    0.6184 v acc_out[8]_DFF_X1_Q_D_AND3_X1_ZN_A2_OR3_X1_ZN_A1_AND3_X1_ZN_A1_OR3_X1_ZN_A1_AND3_X1_ZN_A1_OR3_X1_ZN_A1_AND4_X1_ZN_A1_OR3_X1_ZN_A1_AND4_X1_ZN_A4_OAI21_X1_ZN_B1_AOI21_X1_ZN_B2_OR3_X1_ZN/A2 (OR3_X1)
     3    3.7783    0.0158    0.0822    0.7006 v acc_out[8]_DFF_X1_Q_D_AND3_X1_ZN_A2_OR3_X1_ZN_A1_AND3_X1_ZN_A1_OR3_X1_ZN_A1_AND3_X1_ZN_A1_OR3_X1_ZN_A1_AND4_X1_ZN_A1_OR3_X1_ZN_A1_AND4_X1_ZN_A4_OAI21_X1_ZN_B1_AOI21_X1_ZN_B2_OR3_X1_ZN/ZN (OR3_X1)
                    0.0158    0.0000    0.7006 v acc_out[8]_DFF_X1_Q_D_AND3_X1_ZN_A2_OR3_X1_ZN_A1_AND3_X1_ZN_A1_OR3_X1_ZN_A1_AND3_X1_ZN_A1_OR3_X1_ZN_A1_AND4_X1_ZN_A1_OR3_X1_ZN_A1_AND4_X1_ZN_A4_OAI21_X1_ZN_B1_AOI21_X1_ZN_A_AND3_X1_A2/A1 (AND3_X1)
     6    9.0194    0.0138    0.0464    0.7470 v acc_out[8]_DFF_X1_Q_D_AND3_X1_ZN_A2_OR3_X1_ZN_A1_AND3_X1_ZN_A1_OR3_X1_ZN_A1_AND3_X1_ZN_A1_OR3_X1_ZN_A1_AND4_X1_ZN_A1_OR3_X1_ZN_A1_AND4_X1_ZN_A4_OAI21_X1_ZN_B1_AOI21_X1_ZN_A_AND3_X1_A2/ZN (AND3_X1)
                    0.0138    0.0000    0.7470 v acc_out[8]_DFF_X1_Q_D_AND3_X1_ZN_A2_OR3_X1_ZN_A1_AND3_X1_ZN_A1_OR3_X1_ZN_A1_AND3_X1_ZN_A1_OR3_X1_ZN_A1_AND4_X1_ZN_A1_OR3_X1_ZN_A1_AND4_X1_ZN_A4_OAI21_X1_ZN_A_OR3_X1_A2/A1 (OR3_X1)
     4    6.0248    0.0183    0.0779    0.8248 v acc_out[8]_DFF_X1_Q_D_AND3_X1_ZN_A2_OR3_X1_ZN_A1_AND3_X1_ZN_A1_OR3_X1_ZN_A1_AND3_X1_ZN_A1_OR3_X1_ZN_A1_AND4_X1_ZN_A1_OR3_X1_ZN_A1_AND4_X1_ZN_A4_OAI21_X1_ZN_A_OR3_X1_A2/ZN (OR3_X1)
                    0.0183    0.0000    0.8248 v acc_out[8]_DFF_X1_Q_D_AND3_X1_ZN_A2_OR3_X1_ZN_A1_AND3_X1_ZN_A1_OR3_X1_ZN_A1_AND3_X1_ZN_A1_OR3_X1_ZN_A1_AND4_X1_ZN_A1_OR3_X1_ZN_A3_AOI22_X1_ZN/B2 (AOI22_X1)
     3    4.1555    0.0361    0.0625    0.8873 ^ acc_out[8]_DFF_X1_Q_D_AND3_X1_ZN_A2_OR3_X1_ZN_A1_AND3_X1_ZN_A1_OR3_X1_ZN_A1_AND3_X1_ZN_A1_OR3_X1_ZN_A1_AND4_X1_ZN_A1_OR3_X1_ZN_A3_AOI22_X1_ZN/ZN (AOI22_X1)
                    0.0361    0.0000    0.8873 ^ acc_out[9]_DFF_X1_Q_D_NOR2_X1_ZN_A2_XNOR2_X1_ZN_B_XOR2_X1_Z_B_XNOR2_X1_ZN_A_XOR2_X1_Z_B_XNOR2_X1_ZN_B_XOR2_X1_Z_B_XNOR2_X1_ZN_B_OAI21_X1_ZN/B2 (OAI21_X1)
     2    3.7781    0.0173    0.0292    0.9166 v acc_out[9]_DFF_X1_Q_D_NOR2_X1_ZN_A2_XNOR2_X1_ZN_B_XOR2_X1_Z_B_XNOR2_X1_ZN_A_XOR2_X1_Z_B_XNOR2_X1_ZN_B_XOR2_X1_Z_B_XNOR2_X1_ZN_B_OAI21_X1_ZN/ZN (OAI21_X1)
                    0.0173    0.0000    0.9166 v acc_out[9]_DFF_X1_Q_D_NOR2_X1_ZN_A2_XNOR2_X1_ZN_B_XOR2_X1_Z_B_XNOR2_X1_ZN_A_XOR2_X1_Z_B_XNOR2_X1_ZN_B_XOR2_X1_Z_B_XNOR2_X1_ZN/B (XNOR2_X1)
     2    3.9753    0.0163    0.0476    0.9642 v acc_out[9]_DFF_X1_Q_D_NOR2_X1_ZN_A2_XNOR2_X1_ZN_B_XOR2_X1_Z_B_XNOR2_X1_ZN_A_XOR2_X1_Z_B_XNOR2_X1_ZN_B_XOR2_X1_Z_B_XNOR2_X1_ZN/ZN (XNOR2_X1)
                    0.0163    0.0000    0.9642 v acc_out[9]_DFF_X1_Q_D_NOR2_X1_ZN_A2_XNOR2_X1_ZN_B_XOR2_X1_Z_B_XNOR2_X1_ZN_A_XOR2_X1_Z_B_XNOR2_X1_ZN_B_XOR2_X1_Z/B (XOR2_X1)
     2    3.7781    0.0144    0.0620    1.0261 v acc_out[9]_DFF_X1_Q_D_NOR2_X1_ZN_A2_XNOR2_X1_ZN_B_XOR2_X1_Z_B_XNOR2_X1_ZN_A_XOR2_X1_Z_B_XNOR2_X1_ZN_B_XOR2_X1_Z/Z (XOR2_X1)
                    0.0144    0.0000    1.0261 v acc_out[10]_DFF_X1_Q_D_AOI21_X1_ZN_B2_XNOR2_X1_ZN_B_XOR2_X1_Z_A_XNOR2_X1_ZN_B_XNOR2_X1_ZN_B_AOI21_X1_ZN/B2 (AOI21_X1)
     2    4.1455    0.0330    0.0456    1.0717 ^ acc_out[10]_DFF_X1_Q_D_AOI21_X1_ZN_B2_XNOR2_X1_ZN_B_XOR2_X1_Z_A_XNOR2_X1_ZN_B_XNOR2_X1_ZN_B_AOI21_X1_ZN/ZN (AOI21_X1)
                    0.0330    0.0000    1.0717 ^ acc_out[10]_DFF_X1_Q_D_AOI21_X1_ZN_B2_XNOR2_X1_ZN_B_XOR2_X1_Z_A_XNOR2_X1_ZN_B_XNOR2_X1_ZN_B_OAI21_X1_B2/B2 (OAI21_X1)
     2    3.6281    0.0163    0.0279    1.0996 v acc_out[10]_DFF_X1_Q_D_AOI21_X1_ZN_B2_XNOR2_X1_ZN_B_XOR2_X1_Z_A_XNOR2_X1_ZN_B_XNOR2_X1_ZN_B_OAI21_X1_B2/ZN (OAI21_X1)
                    0.0163    0.0000    1.0996 v acc_out[11]_DFF_X1_Q_D_NOR2_X1_ZN_A2_XNOR2_X1_ZN_A_XOR2_X1_Z_B_XOR2_X1_Z_B_XOR2_X1_Z_B_XOR2_X1_Z/A (XOR2_X1)
     2    3.3056    0.0136    0.0561    1.1557 v acc_out[11]_DFF_X1_Q_D_NOR2_X1_ZN_A2_XNOR2_X1_ZN_A_XOR2_X1_Z_B_XOR2_X1_Z_B_XOR2_X1_Z_B_XOR2_X1_Z/Z (XOR2_X1)
                    0.0136    0.0000    1.1557 v acc_out[11]_DFF_X1_Q_D_NOR2_X1_ZN_A2_XNOR2_X1_ZN_A_XOR2_X1_Z_B_XOR2_X1_Z_B_XOR2_X1_Z/B (XOR2_X1)
     2    3.8214    0.0143    0.0609    1.2166 v acc_out[11]_DFF_X1_Q_D_NOR2_X1_ZN_A2_XNOR2_X1_ZN_A_XOR2_X1_Z_B_XOR2_X1_Z_B_XOR2_X1_Z/Z (XOR2_X1)
                    0.0143    0.0000    1.2166 v acc_out[11]_DFF_X1_Q_D_NOR2_X1_ZN_A2_XNOR2_X1_ZN_A_XOR2_X1_Z_B_XOR2_X1_Z/B (XOR2_X1)
     2    3.3056    0.0136    0.0603    1.2770 v acc_out[11]_DFF_X1_Q_D_NOR2_X1_ZN_A2_XNOR2_X1_ZN_A_XOR2_X1_Z_B_XOR2_X1_Z/Z (XOR2_X1)
                    0.0136    0.0000    1.2770 v acc_out[11]_DFF_X1_Q_D_NOR2_X1_ZN_A2_XNOR2_X1_ZN_A_XOR2_X1_Z/B (XOR2_X1)
     2    3.5727    0.0140    0.0605    1.3375 v acc_out[11]_DFF_X1_Q_D_NOR2_X1_ZN_A2_XNOR2_X1_ZN_A_XOR2_X1_Z/Z (XOR2_X1)
                    0.0140    0.0000    1.3375 v acc_out[12]_DFF_X1_Q_D_AOI21_X1_ZN_B1_AOI21_X1_ZN/B1 (AOI21_X1)
     3    4.7908    0.0360    0.0438    1.3813 ^ acc_out[12]_DFF_X1_Q_D_AOI21_X1_ZN_B1_AOI21_X1_ZN/ZN (AOI21_X1)
                    0.0360    0.0000    1.3813 ^ acc_out[12]_DFF_X1_Q_D_AOI21_X1_ZN_A_OAI21_X1_ZN/B2 (OAI21_X1)
     1    1.5353    0.0139    0.0225    1.4038 v acc_out[12]_DFF_X1_Q_D_AOI21_X1_ZN_A_OAI21_X1_ZN/ZN (OAI21_X1)
                    0.0139    0.0000    1.4038 v acc_out[12]_DFF_X1_Q_D_AOI21_X1_ZN/A (AOI21_X1)
     1    1.1403    0.0189    0.0385    1.4422 ^ acc_out[12]_DFF_X1_Q_D_AOI21_X1_ZN/ZN (AOI21_X1)
                    0.0189    0.0000    1.4422 ^ acc_out[12]_DFF_X1_Q/D (DFF_X1)
                                        1.4422   data arrival time

                    0.0500    2.0000    2.0000   clock clk (rise edge)
                              0.0000    2.0000   clock network delay (ideal)
                             -0.0500    1.9500   clock uncertainty
                              0.0000    1.9500   clock reconvergence pessimism
                                        1.9500 ^ acc_out[12]_DFF_X1_Q/CK (DFF_X1)
                             -0.0289    1.9211   library setup time
                                        1.9211   data required time
-------------------------------------------------------------------------------------
                                        1.9211   data required time
                                       -1.4422   data arrival time
-------------------------------------------------------------------------------------
                                        0.4788   slack (MET)


Startpoint: b1[0]_AND2_X1_A2_ZN_DFF_X1_D
            (rising edge-triggered flip-flop clocked by clk)
Endpoint: acc_out[11]_DFF_X1_Q (rising edge-triggered flip-flop clocked by clk)
Path Group: clk
Path Type: max

Fanout       Cap      Slew     Delay      Time   Description
-------------------------------------------------------------------------------------
                    0.0500    0.0000    0.0000   clock clk (rise edge)
                              0.0000    0.0000   clock network delay (ideal)
                    0.0500    0.0000    0.0000 ^ b1[0]_AND2_X1_A2_ZN_DFF_X1_D/CK (DFF_X1)
    42   57.0488    0.1329    0.2293    0.2293 ^ b1[0]_AND2_X1_A2_ZN_DFF_X1_D/Q (DFF_X1)
                    0.1329    0.0000    0.2293 ^ acc_out[8]_DFF_X1_Q_D_AND3_X1_ZN_A2_OR3_X1_ZN_A1_AND3_X1_ZN_A1_OR3_X1_ZN_A1_AND3_X1_ZN_A1_OR3_X1_ZN_A1_AND4_X1_ZN_A1_OR3_X1_ZN_A1_AND4_X1_ZN_A4_OAI21_X1_ZN_B1_AOI21_X1_ZN_B2_OR3_X1_ZN_A2_AND3_X1_ZN_A1_OR3_X1_ZN_A1_AND3_X1_ZN_A1_OR3_X1_ZN_A1_AND3_X1_ZN_A1_OR3_X1_ZN_A3_AOI22_X1_ZN/B1 (AOI22_X1)
     3    3.9140    0.0405    0.0468    0.2761 v acc_out[8]_DFF_X1_Q_D_AND3_X1_ZN_A2_OR3_X1_ZN_A1_AND3_X1_ZN_A1_OR3_X1_ZN_A1_AND3_X1_ZN_A1_OR3_X1_ZN_A1_AND4_X1_ZN_A1_OR3_X1_ZN_A1_AND4_X1_ZN_A4_OAI21_X1_ZN_B1_AOI21_X1_ZN_B2_OR3_X1_ZN_A2_AND3_X1_ZN_A1_OR3_X1_ZN_A1_AND3_X1_ZN_A1_OR3_X1_ZN_A1_AND3_X1_ZN_A1_OR3_X1_ZN_A3_AOI22_X1_ZN/ZN (AOI22_X1)
                    0.0405    0.0000    0.2761 v acc_out[8]_DFF_X1_Q_D_AND3_X1_ZN_A2_OR3_X1_ZN_A1_AND3_X1_ZN_A1_OR3_X1_ZN_A1_AND3_X1_ZN_A1_OR3_X1_ZN_A1_AND4_X1_ZN_A1_OR3_X1_ZN_A1_AND4_X1_ZN_A4_OAI21_X1_ZN_B1_AOI21_X1_ZN_B2_OR3_X1_ZN_A2_AND3_X1_ZN_A1_OR3_X1_ZN_A1_AND3_X1_ZN_A1_OR3_X1_ZN_A1_AND3_X1_ZN_A1_OR3_X1_ZN/A3 (OR3_X1)
     3    3.8381    0.0158    0.0971    0.3732 v acc_out[8]_DFF_X1_Q_D_AND3_X1_ZN_A2_OR3_X1_ZN_A1_AND3_X1_ZN_A1_OR3_X1_ZN_A1_AND3_X1_ZN_A1_OR3_X1_ZN_A1_AND4_X1_ZN_A1_OR3_X1_ZN_A1_AND4_X1_ZN_A4_OAI21_X1_ZN_B1_AOI21_X1_ZN_B2_OR3_X1_ZN_A2_AND3_X1_ZN_A1_OR3_X1_ZN_A1_AND3_X1_ZN_A1_OR3_X1_ZN_A1_AND3_X1_ZN_A1_OR3_X1_ZN/ZN (OR3_X1)
                    0.0158    0.0000    0.3732 v acc_out[8]_DFF_X1_Q_D_AND3_X1_ZN_A2_OR3_X1_ZN_A1_AND3_X1_ZN_A1_OR3_X1_ZN_A1_AND3_X1_ZN_A1_OR3_X1_ZN_A1_AND4_X1_ZN_A1_OR3_X1_ZN_A1_AND4_X1_ZN_A4_OAI21_X1_ZN_B1_AOI21_X1_ZN_B2_OR3_X1_ZN_A2_AND3_X1_ZN_A1_OR3_X1_ZN_A1_AND3_X1_ZN_A1_OR3_X1_ZN_A1_AND3_X1_ZN/A1 (AND3_X1)
     2    2.3339    0.0074    0.0355    0.4087 v acc_out[8]_DFF_X1_Q_D_AND3_X1_ZN_A2_OR3_X1_ZN_A1_AND3_X1_ZN_A1_OR3_X1_ZN_A1_AND3_X1_ZN_A1_OR3_X1_ZN_A1_AND4_X1_ZN_A1_OR3_X1_ZN_A1_AND4_X1_ZN_A4_OAI21_X1_ZN_B1_AOI21_X1_ZN_B2_OR3_X1_ZN_A2_AND3_X1_ZN_A1_OR3_X1_ZN_A1_AND3_X1_ZN_A1_OR3_X1_ZN_A1_AND3_X1_ZN/ZN (AND3_X1)
                    0.0074    0.0000    0.4087 v acc_out[8]_DFF_X1_Q_D_AND3_X1_ZN_A2_OR3_X1_ZN_A1_AND3_X1_ZN_A1_OR3_X1_ZN_A1_AND3_X1_ZN_A1_OR3_X1_ZN_A1_AND4_X1_ZN_A1_OR3_X1_ZN_A1_AND4_X1_ZN_A4_OAI21_X1_ZN_B1_AOI21_X1_ZN_B2_OR3_X1_ZN_A2_AND3_X1_ZN_A1_OR3_X1_ZN_A1_AND3_X1_ZN_A1_OR3_X1_ZN/A1 (OR3_X1)
     3    3.8381    0.0158    0.0706    0.4793 v acc_out[8]_DFF_X1_Q_D_AND3_X1_ZN_A2_OR3_X1_ZN_A1_AND3_X1_ZN_A1_OR3_X1_ZN_A1_AND3_X1_ZN_A1_OR3_X1_ZN_A1_AND4_X1_ZN_A1_OR3_X1_ZN_A1_AND4_X1_ZN_A4_OAI21_X1_ZN_B1_AOI21_X1_ZN_B2_OR3_X1_ZN_A2_AND3_X1_ZN_A1_OR3_X1_ZN_A1_AND3_X1_ZN_A1_OR3_X1_ZN/ZN (OR3_X1)
                    0.0158    0.0000    0.4793 v acc_out[8]_DFF_X1_Q_D_AND3_X1_ZN_A2_OR3_X1_ZN_A1_AND3_X1_ZN_A1_OR3_X1_ZN_A1_AND3_X1_ZN_A1_OR3_X1_ZN_A1_AND4_X1_ZN_A1_OR3_X1_ZN_A1_AND4_X1_ZN_A4_OAI21_X1_ZN_B1_AOI21_X1_ZN_B2_OR3_X1_ZN_A2_AND3_X1_ZN_A1_OR3_X1_ZN_A1_AND3_X1_ZN/A1 (AND3_X1)
     2    2.3339    0.0074    0.0355    0.5148 v acc_out[8]_DFF_X1_Q_D_AND3_X1_ZN_A2_OR3_X1_ZN_A1_AND3_X1_ZN_A1_OR3_X1_ZN_A1_AND3_X1_ZN_A1_OR3_X1_ZN_A1_AND4_X1_ZN_A1_OR3_X1_ZN_A1_AND4_X1_ZN_A4_OAI21_X1_ZN_B1_AOI21_X1_ZN_B2_OR3_X1_ZN_A2_AND3_X1_ZN_A1_OR3_X1_ZN_A1_AND3_X1_ZN/ZN (AND3_X1)
                    0.0074    0.0000    0.5148 v acc_out[8]_DFF_X1_Q_D_AND3_X1_ZN_A2_OR3_X1_ZN_A1_AND3_X1_ZN_A1_OR3_X1_ZN_A1_AND3_X1_ZN_A1_OR3_X1_ZN_A1_AND4_X1_ZN_A1_OR3_X1_ZN_A1_AND4_X1_ZN_A4_OAI21_X1_ZN_B1_AOI21_X1_ZN_B2_OR3_X1_ZN_A2_AND3_X1_ZN_A1_OR3_X1_ZN/A1 (OR3_X1)
     2    2.2761    0.0139    0.0661    0.5809 v acc_out[8]_DFF_X1_Q_D_AND3_X1_ZN_A2_OR3_X1_ZN_A1_AND3_X1_ZN_A1_OR3_X1_ZN_A1_AND3_X1_ZN_A1_OR3_X1_ZN_A1_AND4_X1_ZN_A1_OR3_X1_ZN_A1_AND4_X1_ZN_A4_OAI21_X1_ZN_B1_AOI21_X1_ZN_B2_OR3_X1_ZN_A2_AND3_X1_ZN_A1_OR3_X1_ZN/ZN (OR3_X1)
                    0.0139    0.0000    0.5809 v acc_out[8]_DFF_X1_Q_D_AND3_X1_ZN_A2_OR3_X1_ZN_A1_AND3_X1_ZN_A1_OR3_X1_ZN_A1_AND3_X1_ZN_A1_OR3_X1_ZN_A1_AND4_X1_ZN_A1_OR3_X1_ZN_A1_AND4_X1_ZN_A4_OAI21_X1_ZN_B1_AOI21_X1_ZN_B2_OR3_X1_ZN_A2_AND3_X1_ZN/A1 (AND3_X1)
     3    3.8592    0.0089    0.0375    0.6184 v acc_out[8]_DFF_X1_Q_D_AND3_X1_ZN_A2_OR3_X1_ZN_A1_AND3_X1_ZN_A1_OR3_X1_ZN_A1_AND3_X1_ZN_A1_OR3_X1_ZN_A1_AND4_X1_ZN_A1_OR3_X1_ZN_A1_AND4_X1_ZN_A4_OAI21_X1_ZN_B1_AOI21_X1_ZN_B2_OR3_X1_ZN_A2_AND3_X1_ZN/ZN (AND3_X1)
                    0.0089    0.0000    0.6184 v acc_out[8]_DFF_X1_Q_D_AND3_X1_ZN_A2_OR3_X1_ZN_A1_AND3_X1_ZN_A1_OR3_X1_ZN_A1_AND3_X1_ZN_A1_OR3_X1_ZN_A1_AND4_X1_ZN_A1_OR3_X1_ZN_A1_AND4_X1_ZN_A4_OAI21_X1_ZN_B1_AOI21_X1_ZN_B2_OR3_X1_ZN/A2 (OR3_X1)
     3    3.7783    0.0158    0.0822    0.7006 v acc_out[8]_DFF_X1_Q_D_AND3_X1_ZN_A2_OR3_X1_ZN_A1_AND3_X1_ZN_A1_OR3_X1_ZN_A1_AND3_X1_ZN_A1_OR3_X1_ZN_A1_AND4_X1_ZN_A1_OR3_X1_ZN_A1_AND4_X1_ZN_A4_OAI21_X1_ZN_B1_AOI21_X1_ZN_B2_OR3_X1_ZN/ZN (OR3_X1)
                    0.0158    0.0000    0.7006 v acc_out[8]_DFF_X1_Q_D_AND3_X1_ZN_A2_OR3_X1_ZN_A1_AND3_X1_ZN_A1_OR3_X1_ZN_A1_AND3_X1_ZN_A1_OR3_X1_ZN_A1_AND4_X1_ZN_A1_OR3_X1_ZN_A1_AND4_X1_ZN_A4_OAI21_X1_ZN_B1_AOI21_X1_ZN_A_AND3_X1_A2/A1 (AND3_X1)
     6    9.0194    0.0138    0.0464    0.7470 v acc_out[8]_DFF_X1_Q_D_AND3_X1_ZN_A2_OR3_X1_ZN_A1_AND3_X1_ZN_A1_OR3_X1_ZN_A1_AND3_X1_ZN_A1_OR3_X1_ZN_A1_AND4_X1_ZN_A1_OR3_X1_ZN_A1_AND4_X1_ZN_A4_OAI21_X1_ZN_B1_AOI21_X1_ZN_A_AND3_X1_A2/ZN (AND3_X1)
                    0.0138    0.0000    0.7470 v acc_out[8]_DFF_X1_Q_D_AND3_X1_ZN_A2_OR3_X1_ZN_A1_AND3_X1_ZN_A1_OR3_X1_ZN_A1_AND3_X1_ZN_A1_OR3_X1_ZN_A1_AND4_X1_ZN_A1_OR3_X1_ZN_A1_AND4_X1_ZN_A4_OAI21_X1_ZN_A_OR3_X1_A2/A1 (OR3_X1)
     4    6.0248    0.0183    0.0779    0.8248 v acc_out[8]_DFF_X1_Q_D_AND3_X1_ZN_A2_OR3_X1_ZN_A1_AND3_X1_ZN_A1_OR3_X1_ZN_A1_AND3_X1_ZN_A1_OR3_X1_ZN_A1_AND4_X1_ZN_A1_OR3_X1_ZN_A1_AND4_X1_ZN_A4_OAI21_X1_ZN_A_OR3_X1_A2/ZN (OR3_X1)
                    0.0183    0.0000    0.8248 v acc_out[8]_DFF_X1_Q_D_AND3_X1_ZN_A2_OR3_X1_ZN_A1_AND3_X1_ZN_A1_OR3_X1_ZN_A1_AND3_X1_ZN_A1_OR3_X1_ZN_A1_AND4_X1_ZN_A1_OR3_X1_ZN_A3_AOI22_X1_ZN/B2 (AOI22_X1)
     3    4.1555    0.0361    0.0625    0.8873 ^ acc_out[8]_DFF_X1_Q_D_AND3_X1_ZN_A2_OR3_X1_ZN_A1_AND3_X1_ZN_A1_OR3_X1_ZN_A1_AND3_X1_ZN_A1_OR3_X1_ZN_A1_AND4_X1_ZN_A1_OR3_X1_ZN_A3_AOI22_X1_ZN/ZN (AOI22_X1)
                    0.0361    0.0000    0.8873 ^ acc_out[9]_DFF_X1_Q_D_NOR2_X1_ZN_A2_XNOR2_X1_ZN_B_XOR2_X1_Z_B_XNOR2_X1_ZN_A_XOR2_X1_Z_B_XNOR2_X1_ZN_B_XOR2_X1_Z_B_XNOR2_X1_ZN_B_OAI21_X1_ZN/B2 (OAI21_X1)
     2    3.7781    0.0173    0.0292    0.9166 v acc_out[9]_DFF_X1_Q_D_NOR2_X1_ZN_A2_XNOR2_X1_ZN_B_XOR2_X1_Z_B_XNOR2_X1_ZN_A_XOR2_X1_Z_B_XNOR2_X1_ZN_B_XOR2_X1_Z_B_XNOR2_X1_ZN_B_OAI21_X1_ZN/ZN (OAI21_X1)
                    0.0173    0.0000    0.9166 v acc_out[9]_DFF_X1_Q_D_NOR2_X1_ZN_A2_XNOR2_X1_ZN_B_XOR2_X1_Z_B_XNOR2_X1_ZN_A_XOR2_X1_Z_B_XNOR2_X1_ZN_B_XOR2_X1_Z_B_XNOR2_X1_ZN/B (XNOR2_X1)
     2    3.9753    0.0163    0.0476    0.9642 v acc_out[9]_DFF_X1_Q_D_NOR2_X1_ZN_A2_XNOR2_X1_ZN_B_XOR2_X1_Z_B_XNOR2_X1_ZN_A_XOR2_X1_Z_B_XNOR2_X1_ZN_B_XOR2_X1_Z_B_XNOR2_X1_ZN/ZN (XNOR2_X1)
                    0.0163    0.0000    0.9642 v acc_out[9]_DFF_X1_Q_D_NOR2_X1_ZN_A2_XNOR2_X1_ZN_B_XOR2_X1_Z_B_XNOR2_X1_ZN_A_XOR2_X1_Z_B_XNOR2_X1_ZN_B_XOR2_X1_Z/B (XOR2_X1)
     2    3.7781    0.0144    0.0620    1.0261 v acc_out[9]_DFF_X1_Q_D_NOR2_X1_ZN_A2_XNOR2_X1_ZN_B_XOR2_X1_Z_B_XNOR2_X1_ZN_A_XOR2_X1_Z_B_XNOR2_X1_ZN_B_XOR2_X1_Z/Z (XOR2_X1)
                    0.0144    0.0000    1.0261 v acc_out[10]_DFF_X1_Q_D_AOI21_X1_ZN_B2_XNOR2_X1_ZN_B_XOR2_X1_Z_A_XNOR2_X1_ZN_B_XNOR2_X1_ZN_B_AOI21_X1_ZN/B2 (AOI21_X1)
     2    4.1455    0.0330    0.0456    1.0717 ^ acc_out[10]_DFF_X1_Q_D_AOI21_X1_ZN_B2_XNOR2_X1_ZN_B_XOR2_X1_Z_A_XNOR2_X1_ZN_B_XNOR2_X1_ZN_B_AOI21_X1_ZN/ZN (AOI21_X1)
                    0.0330    0.0000    1.0717 ^ acc_out[10]_DFF_X1_Q_D_AOI21_X1_ZN_B2_XNOR2_X1_ZN_B_XOR2_X1_Z_A_XNOR2_X1_ZN_B_XNOR2_X1_ZN_B_OAI21_X1_B2/B2 (OAI21_X1)
     2    3.6281    0.0163    0.0279    1.0996 v acc_out[10]_DFF_X1_Q_D_AOI21_X1_ZN_B2_XNOR2_X1_ZN_B_XOR2_X1_Z_A_XNOR2_X1_ZN_B_XNOR2_X1_ZN_B_OAI21_X1_B2/ZN (OAI21_X1)
                    0.0163    0.0000    1.0996 v acc_out[11]_DFF_X1_Q_D_NOR2_X1_ZN_A2_XNOR2_X1_ZN_A_XOR2_X1_Z_B_XOR2_X1_Z_B_XOR2_X1_Z_B_XOR2_X1_Z/A (XOR2_X1)
     2    3.3056    0.0136    0.0561    1.1557 v acc_out[11]_DFF_X1_Q_D_NOR2_X1_ZN_A2_XNOR2_X1_ZN_A_XOR2_X1_Z_B_XOR2_X1_Z_B_XOR2_X1_Z_B_XOR2_X1_Z/Z (XOR2_X1)
                    0.0136    0.0000    1.1557 v acc_out[11]_DFF_X1_Q_D_NOR2_X1_ZN_A2_XNOR2_X1_ZN_A_XOR2_X1_Z_B_XOR2_X1_Z_B_XOR2_X1_Z/B (XOR2_X1)
     2    3.8214    0.0143    0.0609    1.2166 v acc_out[11]_DFF_X1_Q_D_NOR2_X1_ZN_A2_XNOR2_X1_ZN_A_XOR2_X1_Z_B_XOR2_X1_Z_B_XOR2_X1_Z/Z (XOR2_X1)
                    0.0143    0.0000    1.2166 v acc_out[11]_DFF_X1_Q_D_NOR2_X1_ZN_A2_XNOR2_X1_ZN_A_XOR2_X1_Z_B_XOR2_X1_Z/B (XOR2_X1)
     2    3.3056    0.0136    0.0603    1.2770 v acc_out[11]_DFF_X1_Q_D_NOR2_X1_ZN_A2_XNOR2_X1_ZN_A_XOR2_X1_Z_B_XOR2_X1_Z/Z (XOR2_X1)
                    0.0136    0.0000    1.2770 v acc_out[11]_DFF_X1_Q_D_NOR2_X1_ZN_A2_XNOR2_X1_ZN_A_XOR2_X1_Z/B (XOR2_X1)
     2    3.5727    0.0140    0.0605    1.3375 v acc_out[11]_DFF_X1_Q_D_NOR2_X1_ZN_A2_XNOR2_X1_ZN_A_XOR2_X1_Z/Z (XOR2_X1)
                    0.0140    0.0000    1.3375 v acc_out[11]_DFF_X1_Q_D_NOR2_X1_ZN_A2_XNOR2_X1_ZN/A (XNOR2_X1)
     1    1.5638    0.0127    0.0395    1.3770 v acc_out[11]_DFF_X1_Q_D_NOR2_X1_ZN_A2_XNOR2_X1_ZN/ZN (XNOR2_X1)
                    0.0127    0.0000    1.3770 v acc_out[11]_DFF_X1_Q_D_NOR2_X1_ZN/A2 (NOR2_X1)
     1    1.1403    0.0177    0.0268    1.4038 ^ acc_out[11]_DFF_X1_Q_D_NOR2_X1_ZN/ZN (NOR2_X1)
                    0.0177    0.0000    1.4038 ^ acc_out[11]_DFF_X1_Q/D (DFF_X1)
                                        1.4038   data arrival time

                    0.0500    2.0000    2.0000   clock clk (rise edge)
                              0.0000    2.0000   clock network delay (ideal)
                             -0.0500    1.9500   clock uncertainty
                              0.0000    1.9500   clock reconvergence pessimism
                                        1.9500 ^ acc_out[11]_DFF_X1_Q/CK (DFF_X1)
                             -0.0287    1.9213   library setup time
                                        1.9213   data required time
-------------------------------------------------------------------------------------
                                        1.9213   data required time
                                       -1.4038   data arrival time
-------------------------------------------------------------------------------------
                                        0.5175   slack (MET)


Startpoint: b1[0]_AND2_X1_A2_ZN_DFF_X1_D
            (rising edge-triggered flip-flop clocked by clk)
Endpoint: acc_out[10]_DFF_X1_Q (rising edge-triggered flip-flop clocked by clk)
Path Group: clk
Path Type: max

Fanout       Cap      Slew     Delay      Time   Description
-------------------------------------------------------------------------------------
                    0.0500    0.0000    0.0000   clock clk (rise edge)
                              0.0000    0.0000   clock network delay (ideal)
                    0.0500    0.0000    0.0000 ^ b1[0]_AND2_X1_A2_ZN_DFF_X1_D/CK (DFF_X1)
    42   57.0488    0.1329    0.2293    0.2293 ^ b1[0]_AND2_X1_A2_ZN_DFF_X1_D/Q (DFF_X1)
                    0.1329    0.0000    0.2293 ^ acc_out[8]_DFF_X1_Q_D_AND3_X1_ZN_A2_OR3_X1_ZN_A1_AND3_X1_ZN_A1_OR3_X1_ZN_A1_AND3_X1_ZN_A1_OR3_X1_ZN_A1_AND4_X1_ZN_A1_OR3_X1_ZN_A1_AND4_X1_ZN_A4_OAI21_X1_ZN_B1_AOI21_X1_ZN_B2_OR3_X1_ZN_A2_AND3_X1_ZN_A1_OR3_X1_ZN_A1_AND3_X1_ZN_A1_OR3_X1_ZN_A1_AND3_X1_ZN_A1_OR3_X1_ZN_A3_AOI22_X1_ZN/B1 (AOI22_X1)
     3    3.9140    0.0405    0.0468    0.2761 v acc_out[8]_DFF_X1_Q_D_AND3_X1_ZN_A2_OR3_X1_ZN_A1_AND3_X1_ZN_A1_OR3_X1_ZN_A1_AND3_X1_ZN_A1_OR3_X1_ZN_A1_AND4_X1_ZN_A1_OR3_X1_ZN_A1_AND4_X1_ZN_A4_OAI21_X1_ZN_B1_AOI21_X1_ZN_B2_OR3_X1_ZN_A2_AND3_X1_ZN_A1_OR3_X1_ZN_A1_AND3_X1_ZN_A1_OR3_X1_ZN_A1_AND3_X1_ZN_A1_OR3_X1_ZN_A3_AOI22_X1_ZN/ZN (AOI22_X1)
                    0.0405    0.0000    0.2761 v acc_out[8]_DFF_X1_Q_D_AND3_X1_ZN_A2_OR3_X1_ZN_A1_AND3_X1_ZN_A1_OR3_X1_ZN_A1_AND3_X1_ZN_A1_OR3_X1_ZN_A1_AND4_X1_ZN_A1_OR3_X1_ZN_A1_AND4_X1_ZN_A4_OAI21_X1_ZN_B1_AOI21_X1_ZN_B2_OR3_X1_ZN_A2_AND3_X1_ZN_A1_OR3_X1_ZN_A1_AND3_X1_ZN_A1_OR3_X1_ZN_A1_AND3_X1_ZN_A1_OR3_X1_ZN/A3 (OR3_X1)
     3    3.8381    0.0158    0.0971    0.3732 v acc_out[8]_DFF_X1_Q_D_AND3_X1_ZN_A2_OR3_X1_ZN_A1_AND3_X1_ZN_A1_OR3_X1_ZN_A1_AND3_X1_ZN_A1_OR3_X1_ZN_A1_AND4_X1_ZN_A1_OR3_X1_ZN_A1_AND4_X1_ZN_A4_OAI21_X1_ZN_B1_AOI21_X1_ZN_B2_OR3_X1_ZN_A2_AND3_X1_ZN_A1_OR3_X1_ZN_A1_AND3_X1_ZN_A1_OR3_X1_ZN_A1_AND3_X1_ZN_A1_OR3_X1_ZN/ZN (OR3_X1)
                    0.0158    0.0000    0.3732 v acc_out[8]_DFF_X1_Q_D_AND3_X1_ZN_A2_OR3_X1_ZN_A1_AND3_X1_ZN_A1_OR3_X1_ZN_A1_AND3_X1_ZN_A1_OR3_X1_ZN_A1_AND4_X1_ZN_A1_OR3_X1_ZN_A1_AND4_X1_ZN_A4_OAI21_X1_ZN_B1_AOI21_X1_ZN_B2_OR3_X1_ZN_A2_AND3_X1_ZN_A1_OR3_X1_ZN_A1_AND3_X1_ZN_A1_OR3_X1_ZN_A1_AND3_X1_ZN/A1 (AND3_X1)
     2    2.3339    0.0074    0.0355    0.4087 v acc_out[8]_DFF_X1_Q_D_AND3_X1_ZN_A2_OR3_X1_ZN_A1_AND3_X1_ZN_A1_OR3_X1_ZN_A1_AND3_X1_ZN_A1_OR3_X1_ZN_A1_AND4_X1_ZN_A1_OR3_X1_ZN_A1_AND4_X1_ZN_A4_OAI21_X1_ZN_B1_AOI21_X1_ZN_B2_OR3_X1_ZN_A2_AND3_X1_ZN_A1_OR3_X1_ZN_A1_AND3_X1_ZN_A1_OR3_X1_ZN_A1_AND3_X1_ZN/ZN (AND3_X1)
                    0.0074    0.0000    0.4087 v acc_out[8]_DFF_X1_Q_D_AND3_X1_ZN_A2_OR3_X1_ZN_A1_AND3_X1_ZN_A1_OR3_X1_ZN_A1_AND3_X1_ZN_A1_OR3_X1_ZN_A1_AND4_X1_ZN_A1_OR3_X1_ZN_A1_AND4_X1_ZN_A4_OAI21_X1_ZN_B1_AOI21_X1_ZN_B2_OR3_X1_ZN_A2_AND3_X1_ZN_A1_OR3_X1_ZN_A1_AND3_X1_ZN_A1_OR3_X1_ZN/A1 (OR3_X1)
     3    3.8381    0.0158    0.0706    0.4793 v acc_out[8]_DFF_X1_Q_D_AND3_X1_ZN_A2_OR3_X1_ZN_A1_AND3_X1_ZN_A1_OR3_X1_ZN_A1_AND3_X1_ZN_A1_OR3_X1_ZN_A1_AND4_X1_ZN_A1_OR3_X1_ZN_A1_AND4_X1_ZN_A4_OAI21_X1_ZN_B1_AOI21_X1_ZN_B2_OR3_X1_ZN_A2_AND3_X1_ZN_A1_OR3_X1_ZN_A1_AND3_X1_ZN_A1_OR3_X1_ZN/ZN (OR3_X1)
                    0.0158    0.0000    0.4793 v acc_out[8]_DFF_X1_Q_D_AND3_X1_ZN_A2_OR3_X1_ZN_A1_AND3_X1_ZN_A1_OR3_X1_ZN_A1_AND3_X1_ZN_A1_OR3_X1_ZN_A1_AND4_X1_ZN_A1_OR3_X1_ZN_A1_AND4_X1_ZN_A4_OAI21_X1_ZN_B1_AOI21_X1_ZN_B2_OR3_X1_ZN_A2_AND3_X1_ZN_A1_OR3_X1_ZN_A1_AND3_X1_ZN/A1 (AND3_X1)
     2    2.3339    0.0074    0.0355    0.5148 v acc_out[8]_DFF_X1_Q_D_AND3_X1_ZN_A2_OR3_X1_ZN_A1_AND3_X1_ZN_A1_OR3_X1_ZN_A1_AND3_X1_ZN_A1_OR3_X1_ZN_A1_AND4_X1_ZN_A1_OR3_X1_ZN_A1_AND4_X1_ZN_A4_OAI21_X1_ZN_B1_AOI21_X1_ZN_B2_OR3_X1_ZN_A2_AND3_X1_ZN_A1_OR3_X1_ZN_A1_AND3_X1_ZN/ZN (AND3_X1)
                    0.0074    0.0000    0.5148 v acc_out[8]_DFF_X1_Q_D_AND3_X1_ZN_A2_OR3_X1_ZN_A1_AND3_X1_ZN_A1_OR3_X1_ZN_A1_AND3_X1_ZN_A1_OR3_X1_ZN_A1_AND4_X1_ZN_A1_OR3_X1_ZN_A1_AND4_X1_ZN_A4_OAI21_X1_ZN_B1_AOI21_X1_ZN_B2_OR3_X1_ZN_A2_AND3_X1_ZN_A1_OR3_X1_ZN/A1 (OR3_X1)
     2    2.2761    0.0139    0.0661    0.5809 v acc_out[8]_DFF_X1_Q_D_AND3_X1_ZN_A2_OR3_X1_ZN_A1_AND3_X1_ZN_A1_OR3_X1_ZN_A1_AND3_X1_ZN_A1_OR3_X1_ZN_A1_AND4_X1_ZN_A1_OR3_X1_ZN_A1_AND4_X1_ZN_A4_OAI21_X1_ZN_B1_AOI21_X1_ZN_B2_OR3_X1_ZN_A2_AND3_X1_ZN_A1_OR3_X1_ZN/ZN (OR3_X1)
                    0.0139    0.0000    0.5809 v acc_out[8]_DFF_X1_Q_D_AND3_X1_ZN_A2_OR3_X1_ZN_A1_AND3_X1_ZN_A1_OR3_X1_ZN_A1_AND3_X1_ZN_A1_OR3_X1_ZN_A1_AND4_X1_ZN_A1_OR3_X1_ZN_A1_AND4_X1_ZN_A4_OAI21_X1_ZN_B1_AOI21_X1_ZN_B2_OR3_X1_ZN_A2_AND3_X1_ZN/A1 (AND3_X1)
     3    3.8592    0.0089    0.0375    0.6184 v acc_out[8]_DFF_X1_Q_D_AND3_X1_ZN_A2_OR3_X1_ZN_A1_AND3_X1_ZN_A1_OR3_X1_ZN_A1_AND3_X1_ZN_A1_OR3_X1_ZN_A1_AND4_X1_ZN_A1_OR3_X1_ZN_A1_AND4_X1_ZN_A4_OAI21_X1_ZN_B1_AOI21_X1_ZN_B2_OR3_X1_ZN_A2_AND3_X1_ZN/ZN (AND3_X1)
                    0.0089    0.0000    0.6184 v acc_out[8]_DFF_X1_Q_D_AND3_X1_ZN_A2_OR3_X1_ZN_A1_AND3_X1_ZN_A1_OR3_X1_ZN_A1_AND3_X1_ZN_A1_OR3_X1_ZN_A1_AND4_X1_ZN_A1_OR3_X1_ZN_A1_AND4_X1_ZN_A4_OAI21_X1_ZN_B1_AOI21_X1_ZN_B2_OR3_X1_ZN/A2 (OR3_X1)
     3    3.7783    0.0158    0.0822    0.7006 v acc_out[8]_DFF_X1_Q_D_AND3_X1_ZN_A2_OR3_X1_ZN_A1_AND3_X1_ZN_A1_OR3_X1_ZN_A1_AND3_X1_ZN_A1_OR3_X1_ZN_A1_AND4_X1_ZN_A1_OR3_X1_ZN_A1_AND4_X1_ZN_A4_OAI21_X1_ZN_B1_AOI21_X1_ZN_B2_OR3_X1_ZN/ZN (OR3_X1)
                    0.0158    0.0000    0.7006 v acc_out[8]_DFF_X1_Q_D_AND3_X1_ZN_A2_OR3_X1_ZN_A1_AND3_X1_ZN_A1_OR3_X1_ZN_A1_AND3_X1_ZN_A1_OR3_X1_ZN_A1_AND4_X1_ZN_A1_OR3_X1_ZN_A1_AND4_X1_ZN_A4_OAI21_X1_ZN_B1_AOI21_X1_ZN_A_AND3_X1_A2/A1 (AND3_X1)
     6    9.0194    0.0138    0.0464    0.7470 v acc_out[8]_DFF_X1_Q_D_AND3_X1_ZN_A2_OR3_X1_ZN_A1_AND3_X1_ZN_A1_OR3_X1_ZN_A1_AND3_X1_ZN_A1_OR3_X1_ZN_A1_AND4_X1_ZN_A1_OR3_X1_ZN_A1_AND4_X1_ZN_A4_OAI21_X1_ZN_B1_AOI21_X1_ZN_A_AND3_X1_A2/ZN (AND3_X1)
                    0.0138    0.0000    0.7470 v acc_out[8]_DFF_X1_Q_D_AND3_X1_ZN_A2_OR3_X1_ZN_A1_AND3_X1_ZN_A1_OR3_X1_ZN_A1_AND3_X1_ZN_A1_OR3_X1_ZN_A1_AND4_X1_ZN_A1_OR3_X1_ZN_A1_AND4_X1_ZN_A4_OAI21_X1_ZN_A_OR3_X1_A2/A1 (OR3_X1)
     4    6.0248    0.0183    0.0779    0.8248 v acc_out[8]_DFF_X1_Q_D_AND3_X1_ZN_A2_OR3_X1_ZN_A1_AND3_X1_ZN_A1_OR3_X1_ZN_A1_AND3_X1_ZN_A1_OR3_X1_ZN_A1_AND4_X1_ZN_A1_OR3_X1_ZN_A1_AND4_X1_ZN_A4_OAI21_X1_ZN_A_OR3_X1_A2/ZN (OR3_X1)
                    0.0183    0.0000    0.8248 v acc_out[8]_DFF_X1_Q_D_AND3_X1_ZN_A2_OR3_X1_ZN_A1_AND3_X1_ZN_A1_OR3_X1_ZN_A1_AND3_X1_ZN_A1_OR3_X1_ZN_A1_AND4_X1_ZN_A1_OR3_X1_ZN_A3_AOI22_X1_ZN/B2 (AOI22_X1)
     3    4.1555    0.0361    0.0625    0.8873 ^ acc_out[8]_DFF_X1_Q_D_AND3_X1_ZN_A2_OR3_X1_ZN_A1_AND3_X1_ZN_A1_OR3_X1_ZN_A1_AND3_X1_ZN_A1_OR3_X1_ZN_A1_AND4_X1_ZN_A1_OR3_X1_ZN_A3_AOI22_X1_ZN/ZN (AOI22_X1)
                    0.0361    0.0000    0.8873 ^ acc_out[9]_DFF_X1_Q_D_NOR2_X1_ZN_A2_XNOR2_X1_ZN_B_XOR2_X1_Z_B_XNOR2_X1_ZN_A_XOR2_X1_Z_B_XNOR2_X1_ZN_B_XOR2_X1_Z_B_XNOR2_X1_ZN_B_OAI21_X1_ZN/B2 (OAI21_X1)
     2    3.7781    0.0173    0.0292    0.9166 v acc_out[9]_DFF_X1_Q_D_NOR2_X1_ZN_A2_XNOR2_X1_ZN_B_XOR2_X1_Z_B_XNOR2_X1_ZN_A_XOR2_X1_Z_B_XNOR2_X1_ZN_B_XOR2_X1_Z_B_XNOR2_X1_ZN_B_OAI21_X1_ZN/ZN (OAI21_X1)
                    0.0173    0.0000    0.9166 v acc_out[9]_DFF_X1_Q_D_NOR2_X1_ZN_A2_XNOR2_X1_ZN_B_XOR2_X1_Z_B_XNOR2_X1_ZN_A_XOR2_X1_Z_B_XNOR2_X1_ZN_B_XOR2_X1_Z_B_XNOR2_X1_ZN/B (XNOR2_X1)
     2    3.9753    0.0163    0.0476    0.9642 v acc_out[9]_DFF_X1_Q_D_NOR2_X1_ZN_A2_XNOR2_X1_ZN_B_XOR2_X1_Z_B_XNOR2_X1_ZN_A_XOR2_X1_Z_B_XNOR2_X1_ZN_B_XOR2_X1_Z_B_XNOR2_X1_ZN/ZN (XNOR2_X1)
                    0.0163    0.0000    0.9642 v acc_out[9]_DFF_X1_Q_D_NOR2_X1_ZN_A2_XNOR2_X1_ZN_B_XOR2_X1_Z_B_XNOR2_X1_ZN_A_XOR2_X1_Z_B_XNOR2_X1_ZN_B_XOR2_X1_Z/B (XOR2_X1)
     2    3.7781    0.0144    0.0620    1.0261 v acc_out[9]_DFF_X1_Q_D_NOR2_X1_ZN_A2_XNOR2_X1_ZN_B_XOR2_X1_Z_B_XNOR2_X1_ZN_A_XOR2_X1_Z_B_XNOR2_X1_ZN_B_XOR2_X1_Z/Z (XOR2_X1)
                    0.0144    0.0000    1.0261 v acc_out[9]_DFF_X1_Q_D_NOR2_X1_ZN_A2_XNOR2_X1_ZN_B_XOR2_X1_Z_B_XNOR2_X1_ZN_A_XOR2_X1_Z_B_XNOR2_X1_ZN/B (XNOR2_X1)
     2    3.9753    0.0171    0.0461    1.0723 v acc_out[9]_DFF_X1_Q_D_NOR2_X1_ZN_A2_XNOR2_X1_ZN_B_XOR2_X1_Z_B_XNOR2_X1_ZN_A_XOR2_X1_Z_B_XNOR2_X1_ZN/ZN (XNOR2_X1)
                    0.0171    0.0000    1.0723 v acc_out[9]_DFF_X1_Q_D_NOR2_X1_ZN_A2_XNOR2_X1_ZN_B_XOR2_X1_Z_B_XNOR2_X1_ZN_A_XOR2_X1_Z/B (XOR2_X1)
     2    3.5727    0.0141    0.0620    1.1342 v acc_out[9]_DFF_X1_Q_D_NOR2_X1_ZN_A2_XNOR2_X1_ZN_B_XOR2_X1_Z_B_XNOR2_X1_ZN_A_XOR2_X1_Z/Z (XOR2_X1)
                    0.0141    0.0000    1.1342 v acc_out[9]_DFF_X1_Q_D_NOR2_X1_ZN_A2_XNOR2_X1_ZN_B_XOR2_X1_Z_B_XNOR2_X1_ZN/A (XNOR2_X1)
     2    3.9753    0.0163    0.0449    1.1791 v acc_out[9]_DFF_X1_Q_D_NOR2_X1_ZN_A2_XNOR2_X1_ZN_B_XOR2_X1_Z_B_XNOR2_X1_ZN/ZN (XNOR2_X1)
                    0.0163    0.0000    1.1791 v acc_out[9]_DFF_X1_Q_D_NOR2_X1_ZN_A2_XNOR2_X1_ZN_B_XOR2_X1_Z/B (XOR2_X1)
     2    3.7781    0.0144    0.0620    1.2411 v acc_out[9]_DFF_X1_Q_D_NOR2_X1_ZN_A2_XNOR2_X1_ZN_B_XOR2_X1_Z/Z (XOR2_X1)
                    0.0144    0.0000    1.2411 v acc_out[10]_DFF_X1_Q_D_AOI21_X1_ZN_B1_AOI21_X1_ZN/B2 (AOI21_X1)
     3    4.7908    0.0360    0.0489    1.2900 ^ acc_out[10]_DFF_X1_Q_D_AOI21_X1_ZN_B1_AOI21_X1_ZN/ZN (AOI21_X1)
                    0.0360    0.0000    1.2900 ^ acc_out[10]_DFF_X1_Q_D_AOI21_X1_ZN_A_OAI21_X1_ZN/B2 (OAI21_X1)
     1    1.5353    0.0139    0.0225    1.3125 v acc_out[10]_DFF_X1_Q_D_AOI21_X1_ZN_A_OAI21_X1_ZN/ZN (OAI21_X1)
                    0.0139    0.0000    1.3125 v acc_out[10]_DFF_X1_Q_D_AOI21_X1_ZN/A (AOI21_X1)
     1    1.1403    0.0189    0.0385    1.3509 ^ acc_out[10]_DFF_X1_Q_D_AOI21_X1_ZN/ZN (AOI21_X1)
                    0.0189    0.0000    1.3509 ^ acc_out[10]_DFF_X1_Q/D (DFF_X1)
                                        1.3509   data arrival time

                    0.0500    2.0000    2.0000   clock clk (rise edge)
                              0.0000    2.0000   clock network delay (ideal)
                             -0.0500    1.9500   clock uncertainty
                              0.0000    1.9500   clock reconvergence pessimism
                                        1.9500 ^ acc_out[10]_DFF_X1_Q/CK (DFF_X1)
                             -0.0289    1.9211   library setup time
                                        1.9211   data required time
-------------------------------------------------------------------------------------
                                        1.9211   data required time
                                       -1.3509   data arrival time
-------------------------------------------------------------------------------------
                                        0.5701   slack (MET)


Startpoint: b0[1]_AND2_X1_A2_ZN_DFF_X1_D
            (rising edge-triggered flip-flop clocked by clk)
Endpoint: acc_out[7]_DFF_X1_Q (rising edge-triggered flip-flop clocked by clk)
Path Group: clk
Path Type: max

Fanout       Cap      Slew     Delay      Time   Description
-------------------------------------------------------------------------------------
                    0.0500    0.0000    0.0000   clock clk (rise edge)
                              0.0000    0.0000   clock network delay (ideal)
                    0.0500    0.0000    0.0000 ^ b0[1]_AND2_X1_A2_ZN_DFF_X1_D/CK (DFF_X1)
    39   52.8699    0.1233    0.2193    0.2193 ^ b0[1]_AND2_X1_A2_ZN_DFF_X1_D/Q (DFF_X1)
                    0.1233    0.0000    0.2193 ^ acc_out[7]_DFF_X1_Q_D_AND2_X1_ZN_A2_XOR2_X1_Z_B_AND2_X1_ZN_A1_OR4_X1_ZN_A1_AND3_X1_ZN_A1_OR4_X1_ZN_A2_AND3_X1_ZN_A1_OR4_X1_ZN_A2_AND3_X1_ZN_A1_OR3_X1_ZN_A3_AOI21_X1_ZN_B2_OR3_X1_ZN_A2_AND3_X1_ZN_A1_OR3_X1_ZN_A1_AND3_X1_ZN_A1_OR3_X1_ZN_A1_AND3_X1_ZN_A1_OR3_X1_ZN_A3_AOI22_X1_ZN/B1 (AOI22_X1)
     3    3.9140    0.0387    0.0461    0.2654 v acc_out[7]_DFF_X1_Q_D_AND2_X1_ZN_A2_XOR2_X1_Z_B_AND2_X1_ZN_A1_OR4_X1_ZN_A1_AND3_X1_ZN_A1_OR4_X1_ZN_A2_AND3_X1_ZN_A1_OR4_X1_ZN_A2_AND3_X1_ZN_A1_OR3_X1_ZN_A3_AOI21_X1_ZN_B2_OR3_X1_ZN_A2_AND3_X1_ZN_A1_OR3_X1_ZN_A1_AND3_X1_ZN_A1_OR3_X1_ZN_A1_AND3_X1_ZN_A1_OR3_X1_ZN_A3_AOI22_X1_ZN/ZN (AOI22_X1)
                    0.0387    0.0000    0.2654 v acc_out[7]_DFF_X1_Q_D_AND2_X1_ZN_A2_XOR2_X1_Z_B_AND2_X1_ZN_A1_OR4_X1_ZN_A1_AND3_X1_ZN_A1_OR4_X1_ZN_A2_AND3_X1_ZN_A1_OR4_X1_ZN_A2_AND3_X1_ZN_A1_OR3_X1_ZN_A3_AOI21_X1_ZN_B2_OR3_X1_ZN_A2_AND3_X1_ZN_A1_OR3_X1_ZN_A1_AND3_X1_ZN_A1_OR3_X1_ZN_A1_AND3_X1_ZN_A1_OR3_X1_ZN/A3 (OR3_X1)
     3    3.8381    0.0158    0.0966    0.3620 v acc_out[7]_DFF_X1_Q_D_AND2_X1_ZN_A2_XOR2_X1_Z_B_AND2_X1_ZN_A1_OR4_X1_ZN_A1_AND3_X1_ZN_A1_OR4_X1_ZN_A2_AND3_X1_ZN_A1_OR4_X1_ZN_A2_AND3_X1_ZN_A1_OR3_X1_ZN_A3_AOI21_X1_ZN_B2_OR3_X1_ZN_A2_AND3_X1_ZN_A1_OR3_X1_ZN_A1_AND3_X1_ZN_A1_OR3_X1_ZN_A1_AND3_X1_ZN_A1_OR3_X1_ZN/ZN (OR3_X1)
                    0.0158    0.0000    0.3620 v acc_out[7]_DFF_X1_Q_D_AND2_X1_ZN_A2_XOR2_X1_Z_B_AND2_X1_ZN_A1_OR4_X1_ZN_A1_AND3_X1_ZN_A1_OR4_X1_ZN_A2_AND3_X1_ZN_A1_OR4_X1_ZN_A2_AND3_X1_ZN_A1_OR3_X1_ZN_A3_AOI21_X1_ZN_B2_OR3_X1_ZN_A2_AND3_X1_ZN_A1_OR3_X1_ZN_A1_AND3_X1_ZN_A1_OR3_X1_ZN_A1_AND3_X1_ZN/A1 (AND3_X1)
     2    2.3339    0.0074    0.0355    0.3975 v acc_out[7]_DFF_X1_Q_D_AND2_X1_ZN_A2_XOR2_X1_Z_B_AND2_X1_ZN_A1_OR4_X1_ZN_A1_AND3_X1_ZN_A1_OR4_X1_ZN_A2_AND3_X1_ZN_A1_OR4_X1_ZN_A2_AND3_X1_ZN_A1_OR3_X1_ZN_A3_AOI21_X1_ZN_B2_OR3_X1_ZN_A2_AND3_X1_ZN_A1_OR3_X1_ZN_A1_AND3_X1_ZN_A1_OR3_X1_ZN_A1_AND3_X1_ZN/ZN (AND3_X1)
                    0.0074    0.0000    0.3975 v acc_out[7]_DFF_X1_Q_D_AND2_X1_ZN_A2_XOR2_X1_Z_B_AND2_X1_ZN_A1_OR4_X1_ZN_A1_AND3_X1_ZN_A1_OR4_X1_ZN_A2_AND3_X1_ZN_A1_OR4_X1_ZN_A2_AND3_X1_ZN_A1_OR3_X1_ZN_A3_AOI21_X1_ZN_B2_OR3_X1_ZN_A2_AND3_X1_ZN_A1_OR3_X1_ZN_A1_AND3_X1_ZN_A1_OR3_X1_ZN/A1 (OR3_X1)
     3    3.8381    0.0158    0.0706    0.4681 v acc_out[7]_DFF_X1_Q_D_AND2_X1_ZN_A2_XOR2_X1_Z_B_AND2_X1_ZN_A1_OR4_X1_ZN_A1_AND3_X1_ZN_A1_OR4_X1_ZN_A2_AND3_X1_ZN_A1_OR4_X1_ZN_A2_AND3_X1_ZN_A1_OR3_X1_ZN_A3_AOI21_X1_ZN_B2_OR3_X1_ZN_A2_AND3_X1_ZN_A1_OR3_X1_ZN_A1_AND3_X1_ZN_A1_OR3_X1_ZN/ZN (OR3_X1)
                    0.0158    0.0000    0.4681 v acc_out[7]_DFF_X1_Q_D_AND2_X1_ZN_A2_XOR2_X1_Z_B_AND2_X1_ZN_A1_OR4_X1_ZN_A1_AND3_X1_ZN_A1_OR4_X1_ZN_A2_AND3_X1_ZN_A1_OR4_X1_ZN_A2_AND3_X1_ZN_A1_OR3_X1_ZN_A3_AOI21_X1_ZN_B2_OR3_X1_ZN_A2_AND3_X1_ZN_A1_OR3_X1_ZN_A1_AND3_X1_ZN/A1 (AND3_X1)
     2    2.3339    0.0074    0.0355    0.5035 v acc_out[7]_DFF_X1_Q_D_AND2_X1_ZN_A2_XOR2_X1_Z_B_AND2_X1_ZN_A1_OR4_X1_ZN_A1_AND3_X1_ZN_A1_OR4_X1_ZN_A2_AND3_X1_ZN_A1_OR4_X1_ZN_A2_AND3_X1_ZN_A1_OR3_X1_ZN_A3_AOI21_X1_ZN_B2_OR3_X1_ZN_A2_AND3_X1_ZN_A1_OR3_X1_ZN_A1_AND3_X1_ZN/ZN (AND3_X1)
                    0.0074    0.0000    0.5035 v acc_out[7]_DFF_X1_Q_D_AND2_X1_ZN_A2_XOR2_X1_Z_B_AND2_X1_ZN_A1_OR4_X1_ZN_A1_AND3_X1_ZN_A1_OR4_X1_ZN_A2_AND3_X1_ZN_A1_OR4_X1_ZN_A2_AND3_X1_ZN_A1_OR3_X1_ZN_A3_AOI21_X1_ZN_B2_OR3_X1_ZN_A2_AND3_X1_ZN_A1_OR3_X1_ZN/A1 (OR3_X1)
     3    3.8381    0.0158    0.0706    0.5741 v acc_out[7]_DFF_X1_Q_D_AND2_X1_ZN_A2_XOR2_X1_Z_B_AND2_X1_ZN_A1_OR4_X1_ZN_A1_AND3_X1_ZN_A1_OR4_X1_ZN_A2_AND3_X1_ZN_A1_OR4_X1_ZN_A2_AND3_X1_ZN_A1_OR3_X1_ZN_A3_AOI21_X1_ZN_B2_OR3_X1_ZN_A2_AND3_X1_ZN_A1_OR3_X1_ZN/ZN (OR3_X1)
                    0.0158    0.0000    0.5741 v acc_out[7]_DFF_X1_Q_D_AND2_X1_ZN_A2_XOR2_X1_Z_B_AND2_X1_ZN_A1_OR4_X1_ZN_A1_AND3_X1_ZN_A1_OR4_X1_ZN_A2_AND3_X1_ZN_A1_OR4_X1_ZN_A2_AND3_X1_ZN_A1_OR3_X1_ZN_A3_AOI21_X1_ZN_B2_OR3_X1_ZN_A2_AND3_X1_ZN/A1 (AND3_X1)
     2    2.3098    0.0073    0.0354    0.6095 v acc_out[7]_DFF_X1_Q_D_AND2_X1_ZN_A2_XOR2_X1_Z_B_AND2_X1_ZN_A1_OR4_X1_ZN_A1_AND3_X1_ZN_A1_OR4_X1_ZN_A2_AND3_X1_ZN_A1_OR4_X1_ZN_A2_AND3_X1_ZN_A1_OR3_X1_ZN_A3_AOI21_X1_ZN_B2_OR3_X1_ZN_A2_AND3_X1_ZN/ZN (AND3_X1)
                    0.0073    0.0000    0.6095 v acc_out[7]_DFF_X1_Q_D_AND2_X1_ZN_A2_XOR2_X1_Z_B_AND2_X1_ZN_A1_OR4_X1_ZN_A1_AND3_X1_ZN_A1_OR4_X1_ZN_A2_AND3_X1_ZN_A1_OR4_X1_ZN_A2_AND3_X1_ZN_A1_OR3_X1_ZN_A3_AOI21_X1_ZN_B2_OR3_X1_ZN/A2 (OR3_X1)
     3    3.8381    0.0158    0.0818    0.6913 v acc_out[7]_DFF_X1_Q_D_AND2_X1_ZN_A2_XOR2_X1_Z_B_AND2_X1_ZN_A1_OR4_X1_ZN_A1_AND3_X1_ZN_A1_OR4_X1_ZN_A2_AND3_X1_ZN_A1_OR4_X1_ZN_A2_AND3_X1_ZN_A1_OR3_X1_ZN_A3_AOI21_X1_ZN_B2_OR3_X1_ZN/ZN (OR3_X1)
                    0.0158    0.0000    0.6913 v acc_out[7]_DFF_X1_Q_D_AND2_X1_ZN_A2_XOR2_X1_Z_B_AND2_X1_ZN_A1_OR4_X1_ZN_A1_AND3_X1_ZN_A1_OR4_X1_ZN_A2_AND3_X1_ZN_A1_OR4_X1_ZN_A2_AND3_X1_ZN_A1_OR3_X1_ZN_A3_AOI21_X1_ZN_B2_AND3_X1_A1/A1 (AND3_X1)
     4    4.6131    0.0096    0.0396    0.7310 v acc_out[7]_DFF_X1_Q_D_AND2_X1_ZN_A2_XOR2_X1_Z_B_AND2_X1_ZN_A1_OR4_X1_ZN_A1_AND3_X1_ZN_A1_OR4_X1_ZN_A2_AND3_X1_ZN_A1_OR4_X1_ZN_A2_AND3_X1_ZN_A1_OR3_X1_ZN_A3_AOI21_X1_ZN_B2_AND3_X1_A1/ZN (AND3_X1)
                    0.0096    0.0000    0.7310 v acc_out[7]_DFF_X1_Q_D_AND2_X1_ZN_A2_XOR2_X1_Z_B_AND2_X1_ZN_A1_OR4_X1_ZN_A1_AND3_X1_ZN_A1_OR4_X1_ZN_A2_AND3_X1_ZN_A1_OR4_X1_ZN_A2_AND3_X1_ZN_A1_OR3_X1_ZN/A1 (OR3_X1)
     3    3.8381    0.0158    0.0713    0.8023 v acc_out[7]_DFF_X1_Q_D_AND2_X1_ZN_A2_XOR2_X1_Z_B_AND2_X1_ZN_A1_OR4_X1_ZN_A1_AND3_X1_ZN_A1_OR4_X1_ZN_A2_AND3_X1_ZN_A1_OR4_X1_ZN_A2_AND3_X1_ZN_A1_OR3_X1_ZN/ZN (OR3_X1)
                    0.0158    0.0000    0.8023 v acc_out[7]_DFF_X1_Q_D_AND2_X1_ZN_A2_XOR2_X1_Z_B_AND2_X1_ZN_A1_OR4_X1_ZN_A1_AND3_X1_ZN_A1_OR4_X1_ZN_A2_AND3_X1_ZN_A1_OR4_X1_ZN_A2_AND3_X1_ZN/A1 (AND3_X1)
     3    3.8289    0.0089    0.0384    0.8407 v acc_out[7]_DFF_X1_Q_D_AND2_X1_ZN_A2_XOR2_X1_Z_B_AND2_X1_ZN_A1_OR4_X1_ZN_A1_AND3_X1_ZN_A1_OR4_X1_ZN_A2_AND3_X1_ZN_A1_OR4_X1_ZN_A2_AND3_X1_ZN/ZN (AND3_X1)
                    0.0089    0.0000    0.8407 v acc_out[7]_DFF_X1_Q_D_AND2_X1_ZN_A2_XOR2_X1_Z_B_AND2_X1_ZN_A1_OR4_X1_ZN_A1_AND3_X1_ZN_A1_OR4_X1_ZN_A2_AND3_X1_ZN_A1_OR4_X1_ZN/A2 (OR4_X1)
     2    2.2761    0.0181    0.1036    0.9442 v acc_out[7]_DFF_X1_Q_D_AND2_X1_ZN_A2_XOR2_X1_Z_B_AND2_X1_ZN_A1_OR4_X1_ZN_A1_AND3_X1_ZN_A1_OR4_X1_ZN_A2_AND3_X1_ZN_A1_OR4_X1_ZN/ZN (OR4_X1)
                    0.0181    0.0000    0.9442 v acc_out[7]_DFF_X1_Q_D_AND2_X1_ZN_A2_XOR2_X1_Z_B_AND2_X1_ZN_A1_OR4_X1_ZN_A1_AND3_X1_ZN_A1_OR4_X1_ZN_A2_AND3_X1_ZN/A1 (AND3_X1)
     3    3.8289    0.0089    0.0395    0.9837 v acc_out[7]_DFF_X1_Q_D_AND2_X1_ZN_A2_XOR2_X1_Z_B_AND2_X1_ZN_A1_OR4_X1_ZN_A1_AND3_X1_ZN_A1_OR4_X1_ZN_A2_AND3_X1_ZN/ZN (AND3_X1)
                    0.0089    0.0000    0.9837 v acc_out[7]_DFF_X1_Q_D_AND2_X1_ZN_A2_XOR2_X1_Z_B_AND2_X1_ZN_A1_OR4_X1_ZN_A1_AND3_X1_ZN_A1_OR4_X1_ZN/A2 (OR4_X1)
     2    2.2761    0.0181    0.1036    1.0873 v acc_out[7]_DFF_X1_Q_D_AND2_X1_ZN_A2_XOR2_X1_Z_B_AND2_X1_ZN_A1_OR4_X1_ZN_A1_AND3_X1_ZN_A1_OR4_X1_ZN/ZN (OR4_X1)
                    0.0181    0.0000    1.0873 v acc_out[7]_DFF_X1_Q_D_AND2_X1_ZN_A2_XOR2_X1_Z_B_AND2_X1_ZN_A1_OR4_X1_ZN_A1_AND3_X1_ZN/A1 (AND3_X1)
     3    3.6429    0.0087    0.0391    1.1264 v acc_out[7]_DFF_X1_Q_D_AND2_X1_ZN_A2_XOR2_X1_Z_B_AND2_X1_ZN_A1_OR4_X1_ZN_A1_AND3_X1_ZN/ZN (AND3_X1)
                    0.0087    0.0000    1.1264 v acc_out[7]_DFF_X1_Q_D_AND2_X1_ZN_A2_XOR2_X1_Z_B_AND2_X1_ZN_A1_OR4_X1_ZN/A1 (OR4_X1)
     1    0.8748    0.0162    0.0800    1.2064 v acc_out[7]_DFF_X1_Q_D_AND2_X1_ZN_A2_XOR2_X1_Z_B_AND2_X1_ZN_A1_OR4_X1_ZN/ZN (OR4_X1)
                    0.0162    0.0000    1.2064 v acc_out[7]_DFF_X1_Q_D_AND2_X1_ZN_A2_XOR2_X1_Z_B_AND2_X1_ZN/A1 (AND2_X1)
     1    2.4115    0.0069    0.0336    1.2400 v acc_out[7]_DFF_X1_Q_D_AND2_X1_ZN_A2_XOR2_X1_Z_B_AND2_X1_ZN/ZN (AND2_X1)
                    0.0069    0.0000    1.2400 v acc_out[7]_DFF_X1_Q_D_AND2_X1_ZN_A2_XOR2_X1_Z/B (XOR2_X1)
     1    0.8941    0.0103    0.0524    1.2925 v acc_out[7]_DFF_X1_Q_D_AND2_X1_ZN_A2_XOR2_X1_Z/Z (XOR2_X1)
                    0.0103    0.0000    1.2925 v acc_out[7]_DFF_X1_Q_D_AND2_X1_ZN/A2 (AND2_X1)
     1    1.0623    0.0070    0.0301    1.3225 v acc_out[7]_DFF_X1_Q_D_AND2_X1_ZN/ZN (AND2_X1)
                    0.0070    0.0000    1.3225 v acc_out[7]_DFF_X1_Q/D (DFF_X1)
                                        1.3225   data arrival time

                    0.0500    2.0000    2.0000   clock clk (rise edge)
                              0.0000    2.0000   clock network delay (ideal)
                             -0.0500    1.9500   clock uncertainty
                              0.0000    1.9500   clock reconvergence pessimism
                                        1.9500 ^ acc_out[7]_DFF_X1_Q/CK (DFF_X1)
                             -0.0243    1.9257   library setup time
                                        1.9257   data required time
-------------------------------------------------------------------------------------
                                        1.9257   data required time
                                       -1.3225   data arrival time
-------------------------------------------------------------------------------------
                                        0.6031   slack (MET)


Startpoint: b0[1]_AND2_X1_A2_ZN_DFF_X1_D
            (rising edge-triggered flip-flop clocked by clk)
Endpoint: acc_out[8]_DFF_X1_Q (rising edge-triggered flip-flop clocked by clk)
Path Group: clk
Path Type: max

Fanout       Cap      Slew     Delay      Time   Description
-------------------------------------------------------------------------------------
                    0.0500    0.0000    0.0000   clock clk (rise edge)
                              0.0000    0.0000   clock network delay (ideal)
                    0.0500    0.0000    0.0000 ^ b0[1]_AND2_X1_A2_ZN_DFF_X1_D/CK (DFF_X1)
    39   52.8699    0.1233    0.2193    0.2193 ^ b0[1]_AND2_X1_A2_ZN_DFF_X1_D/Q (DFF_X1)
                    0.1233    0.0000    0.2193 ^ acc_out[7]_DFF_X1_Q_D_AND2_X1_ZN_A2_XOR2_X1_Z_B_AND2_X1_ZN_A1_OR4_X1_ZN_A1_AND3_X1_ZN_A1_OR4_X1_ZN_A2_AND3_X1_ZN_A1_OR4_X1_ZN_A2_AND3_X1_ZN_A1_OR3_X1_ZN_A3_AOI21_X1_ZN_B2_OR3_X1_ZN_A2_AND3_X1_ZN_A1_OR3_X1_ZN_A1_AND3_X1_ZN_A1_OR3_X1_ZN_A1_AND3_X1_ZN_A1_OR3_X1_ZN_A3_AOI22_X1_ZN/B1 (AOI22_X1)
     3    3.9140    0.0387    0.0461    0.2654 v acc_out[7]_DFF_X1_Q_D_AND2_X1_ZN_A2_XOR2_X1_Z_B_AND2_X1_ZN_A1_OR4_X1_ZN_A1_AND3_X1_ZN_A1_OR4_X1_ZN_A2_AND3_X1_ZN_A1_OR4_X1_ZN_A2_AND3_X1_ZN_A1_OR3_X1_ZN_A3_AOI21_X1_ZN_B2_OR3_X1_ZN_A2_AND3_X1_ZN_A1_OR3_X1_ZN_A1_AND3_X1_ZN_A1_OR3_X1_ZN_A1_AND3_X1_ZN_A1_OR3_X1_ZN_A3_AOI22_X1_ZN/ZN (AOI22_X1)
                    0.0387    0.0000    0.2654 v acc_out[7]_DFF_X1_Q_D_AND2_X1_ZN_A2_XOR2_X1_Z_B_AND2_X1_ZN_A1_OR4_X1_ZN_A1_AND3_X1_ZN_A1_OR4_X1_ZN_A2_AND3_X1_ZN_A1_OR4_X1_ZN_A2_AND3_X1_ZN_A1_OR3_X1_ZN_A3_AOI21_X1_ZN_B2_OR3_X1_ZN_A2_AND3_X1_ZN_A1_OR3_X1_ZN_A1_AND3_X1_ZN_A1_OR3_X1_ZN_A1_AND3_X1_ZN_A1_OR3_X1_ZN/A3 (OR3_X1)
     3    3.8381    0.0158    0.0966    0.3620 v acc_out[7]_DFF_X1_Q_D_AND2_X1_ZN_A2_XOR2_X1_Z_B_AND2_X1_ZN_A1_OR4_X1_ZN_A1_AND3_X1_ZN_A1_OR4_X1_ZN_A2_AND3_X1_ZN_A1_OR4_X1_ZN_A2_AND3_X1_ZN_A1_OR3_X1_ZN_A3_AOI21_X1_ZN_B2_OR3_X1_ZN_A2_AND3_X1_ZN_A1_OR3_X1_ZN_A1_AND3_X1_ZN_A1_OR3_X1_ZN_A1_AND3_X1_ZN_A1_OR3_X1_ZN/ZN (OR3_X1)
                    0.0158    0.0000    0.3620 v acc_out[7]_DFF_X1_Q_D_AND2_X1_ZN_A2_XOR2_X1_Z_B_AND2_X1_ZN_A1_OR4_X1_ZN_A1_AND3_X1_ZN_A1_OR4_X1_ZN_A2_AND3_X1_ZN_A1_OR4_X1_ZN_A2_AND3_X1_ZN_A1_OR3_X1_ZN_A3_AOI21_X1_ZN_B2_OR3_X1_ZN_A2_AND3_X1_ZN_A1_OR3_X1_ZN_A1_AND3_X1_ZN_A1_OR3_X1_ZN_A1_AND3_X1_ZN/A1 (AND3_X1)
     2    2.3339    0.0074    0.0355    0.3975 v acc_out[7]_DFF_X1_Q_D_AND2_X1_ZN_A2_XOR2_X1_Z_B_AND2_X1_ZN_A1_OR4_X1_ZN_A1_AND3_X1_ZN_A1_OR4_X1_ZN_A2_AND3_X1_ZN_A1_OR4_X1_ZN_A2_AND3_X1_ZN_A1_OR3_X1_ZN_A3_AOI21_X1_ZN_B2_OR3_X1_ZN_A2_AND3_X1_ZN_A1_OR3_X1_ZN_A1_AND3_X1_ZN_A1_OR3_X1_ZN_A1_AND3_X1_ZN/ZN (AND3_X1)
                    0.0074    0.0000    0.3975 v acc_out[7]_DFF_X1_Q_D_AND2_X1_ZN_A2_XOR2_X1_Z_B_AND2_X1_ZN_A1_OR4_X1_ZN_A1_AND3_X1_ZN_A1_OR4_X1_ZN_A2_AND3_X1_ZN_A1_OR4_X1_ZN_A2_AND3_X1_ZN_A1_OR3_X1_ZN_A3_AOI21_X1_ZN_B2_OR3_X1_ZN_A2_AND3_X1_ZN_A1_OR3_X1_ZN_A1_AND3_X1_ZN_A1_OR3_X1_ZN/A1 (OR3_X1)
     3    3.8381    0.0158    0.0706    0.4681 v acc_out[7]_DFF_X1_Q_D_AND2_X1_ZN_A2_XOR2_X1_Z_B_AND2_X1_ZN_A1_OR4_X1_ZN_A1_AND3_X1_ZN_A1_OR4_X1_ZN_A2_AND3_X1_ZN_A1_OR4_X1_ZN_A2_AND3_X1_ZN_A1_OR3_X1_ZN_A3_AOI21_X1_ZN_B2_OR3_X1_ZN_A2_AND3_X1_ZN_A1_OR3_X1_ZN_A1_AND3_X1_ZN_A1_OR3_X1_ZN/ZN (OR3_X1)
                    0.0158    0.0000    0.4681 v acc_out[7]_DFF_X1_Q_D_AND2_X1_ZN_A2_XOR2_X1_Z_B_AND2_X1_ZN_A1_OR4_X1_ZN_A1_AND3_X1_ZN_A1_OR4_X1_ZN_A2_AND3_X1_ZN_A1_OR4_X1_ZN_A2_AND3_X1_ZN_A1_OR3_X1_ZN_A3_AOI21_X1_ZN_B2_OR3_X1_ZN_A2_AND3_X1_ZN_A1_OR3_X1_ZN_A1_AND3_X1_ZN/A1 (AND3_X1)
     2    2.3339    0.0074    0.0355    0.5035 v acc_out[7]_DFF_X1_Q_D_AND2_X1_ZN_A2_XOR2_X1_Z_B_AND2_X1_ZN_A1_OR4_X1_ZN_A1_AND3_X1_ZN_A1_OR4_X1_ZN_A2_AND3_X1_ZN_A1_OR4_X1_ZN_A2_AND3_X1_ZN_A1_OR3_X1_ZN_A3_AOI21_X1_ZN_B2_OR3_X1_ZN_A2_AND3_X1_ZN_A1_OR3_X1_ZN_A1_AND3_X1_ZN/ZN (AND3_X1)
                    0.0074    0.0000    0.5035 v acc_out[7]_DFF_X1_Q_D_AND2_X1_ZN_A2_XOR2_X1_Z_B_AND2_X1_ZN_A1_OR4_X1_ZN_A1_AND3_X1_ZN_A1_OR4_X1_ZN_A2_AND3_X1_ZN_A1_OR4_X1_ZN_A2_AND3_X1_ZN_A1_OR3_X1_ZN_A3_AOI21_X1_ZN_B2_OR3_X1_ZN_A2_AND3_X1_ZN_A1_OR3_X1_ZN/A1 (OR3_X1)
     3    3.8381    0.0158    0.0706    0.5741 v acc_out[7]_DFF_X1_Q_D_AND2_X1_ZN_A2_XOR2_X1_Z_B_AND2_X1_ZN_A1_OR4_X1_ZN_A1_AND3_X1_ZN_A1_OR4_X1_ZN_A2_AND3_X1_ZN_A1_OR4_X1_ZN_A2_AND3_X1_ZN_A1_OR3_X1_ZN_A3_AOI21_X1_ZN_B2_OR3_X1_ZN_A2_AND3_X1_ZN_A1_OR3_X1_ZN/ZN (OR3_X1)
                    0.0158    0.0000    0.5741 v acc_out[7]_DFF_X1_Q_D_AND2_X1_ZN_A2_XOR2_X1_Z_B_AND2_X1_ZN_A1_OR4_X1_ZN_A1_AND3_X1_ZN_A1_OR4_X1_ZN_A2_AND3_X1_ZN_A1_OR4_X1_ZN_A2_AND3_X1_ZN_A1_OR3_X1_ZN_A3_AOI21_X1_ZN_B2_OR3_X1_ZN_A2_AND3_X1_ZN/A1 (AND3_X1)
     2    2.3098    0.0073    0.0354    0.6095 v acc_out[7]_DFF_X1_Q_D_AND2_X1_ZN_A2_XOR2_X1_Z_B_AND2_X1_ZN_A1_OR4_X1_ZN_A1_AND3_X1_ZN_A1_OR4_X1_ZN_A2_AND3_X1_ZN_A1_OR4_X1_ZN_A2_AND3_X1_ZN_A1_OR3_X1_ZN_A3_AOI21_X1_ZN_B2_OR3_X1_ZN_A2_AND3_X1_ZN/ZN (AND3_X1)
                    0.0073    0.0000    0.6095 v acc_out[7]_DFF_X1_Q_D_AND2_X1_ZN_A2_XOR2_X1_Z_B_AND2_X1_ZN_A1_OR4_X1_ZN_A1_AND3_X1_ZN_A1_OR4_X1_ZN_A2_AND3_X1_ZN_A1_OR4_X1_ZN_A2_AND3_X1_ZN_A1_OR3_X1_ZN_A3_AOI21_X1_ZN_B2_OR3_X1_ZN/A2 (OR3_X1)
     3    3.8381    0.0158    0.0818    0.6913 v acc_out[7]_DFF_X1_Q_D_AND2_X1_ZN_A2_XOR2_X1_Z_B_AND2_X1_ZN_A1_OR4_X1_ZN_A1_AND3_X1_ZN_A1_OR4_X1_ZN_A2_AND3_X1_ZN_A1_OR4_X1_ZN_A2_AND3_X1_ZN_A1_OR3_X1_ZN_A3_AOI21_X1_ZN_B2_OR3_X1_ZN/ZN (OR3_X1)
                    0.0158    0.0000    0.6913 v acc_out[7]_DFF_X1_Q_D_AND2_X1_ZN_A2_XOR2_X1_Z_B_AND2_X1_ZN_A1_OR4_X1_ZN_A1_AND3_X1_ZN_A1_OR4_X1_ZN_A2_AND3_X1_ZN_A1_OR4_X1_ZN_A2_AND3_X1_ZN_A1_OR3_X1_ZN_A3_AOI21_X1_ZN_B2_AND3_X1_A1/A1 (AND3_X1)
     4    4.6131    0.0096    0.0396    0.7310 v acc_out[7]_DFF_X1_Q_D_AND2_X1_ZN_A2_XOR2_X1_Z_B_AND2_X1_ZN_A1_OR4_X1_ZN_A1_AND3_X1_ZN_A1_OR4_X1_ZN_A2_AND3_X1_ZN_A1_OR4_X1_ZN_A2_AND3_X1_ZN_A1_OR3_X1_ZN_A3_AOI21_X1_ZN_B2_AND3_X1_A1/ZN (AND3_X1)
                    0.0096    0.0000    0.7310 v acc_out[7]_DFF_X1_Q_D_AND2_X1_ZN_A2_XOR2_X1_Z_B_AND2_X1_ZN_A1_OR4_X1_ZN_A1_AND3_X1_ZN_A1_OR4_X1_ZN_A2_AND3_X1_ZN_A1_OR4_X1_ZN_A2_AND3_X1_ZN_A1_OR3_X1_ZN/A1 (OR3_X1)
     3    3.8381    0.0158    0.0713    0.8023 v acc_out[7]_DFF_X1_Q_D_AND2_X1_ZN_A2_XOR2_X1_Z_B_AND2_X1_ZN_A1_OR4_X1_ZN_A1_AND3_X1_ZN_A1_OR4_X1_ZN_A2_AND3_X1_ZN_A1_OR4_X1_ZN_A2_AND3_X1_ZN_A1_OR3_X1_ZN/ZN (OR3_X1)
                    0.0158    0.0000    0.8023 v acc_out[7]_DFF_X1_Q_D_AND2_X1_ZN_A2_XOR2_X1_Z_B_AND2_X1_ZN_A1_OR4_X1_ZN_A1_AND3_X1_ZN_A1_OR4_X1_ZN_A2_AND3_X1_ZN_A1_OR4_X1_ZN_A2_AND3_X1_ZN/A1 (AND3_X1)
     3    3.8289    0.0089    0.0384    0.8407 v acc_out[7]_DFF_X1_Q_D_AND2_X1_ZN_A2_XOR2_X1_Z_B_AND2_X1_ZN_A1_OR4_X1_ZN_A1_AND3_X1_ZN_A1_OR4_X1_ZN_A2_AND3_X1_ZN_A1_OR4_X1_ZN_A2_AND3_X1_ZN/ZN (AND3_X1)
                    0.0089    0.0000    0.8407 v acc_out[7]_DFF_X1_Q_D_AND2_X1_ZN_A2_XOR2_X1_Z_B_AND2_X1_ZN_A1_OR4_X1_ZN_A1_AND3_X1_ZN_A1_OR4_X1_ZN_A2_AND3_X1_ZN_A1_OR4_X1_ZN/A2 (OR4_X1)
     2    2.2761    0.0181    0.1036    0.9442 v acc_out[7]_DFF_X1_Q_D_AND2_X1_ZN_A2_XOR2_X1_Z_B_AND2_X1_ZN_A1_OR4_X1_ZN_A1_AND3_X1_ZN_A1_OR4_X1_ZN_A2_AND3_X1_ZN_A1_OR4_X1_ZN/ZN (OR4_X1)
                    0.0181    0.0000    0.9442 v acc_out[7]_DFF_X1_Q_D_AND2_X1_ZN_A2_XOR2_X1_Z_B_AND2_X1_ZN_A1_OR4_X1_ZN_A1_AND3_X1_ZN_A1_OR4_X1_ZN_A2_AND3_X1_ZN/A1 (AND3_X1)
     3    3.8289    0.0089    0.0395    0.9837 v acc_out[7]_DFF_X1_Q_D_AND2_X1_ZN_A2_XOR2_X1_Z_B_AND2_X1_ZN_A1_OR4_X1_ZN_A1_AND3_X1_ZN_A1_OR4_X1_ZN_A2_AND3_X1_ZN/ZN (AND3_X1)
                    0.0089    0.0000    0.9837 v acc_out[7]_DFF_X1_Q_D_AND2_X1_ZN_A2_XOR2_X1_Z_B_AND2_X1_ZN_A1_OR4_X1_ZN_A1_AND3_X1_ZN_A1_OR4_X1_ZN/A2 (OR4_X1)
     2    2.2761    0.0181    0.1036    1.0873 v acc_out[7]_DFF_X1_Q_D_AND2_X1_ZN_A2_XOR2_X1_Z_B_AND2_X1_ZN_A1_OR4_X1_ZN_A1_AND3_X1_ZN_A1_OR4_X1_ZN/ZN (OR4_X1)
                    0.0181    0.0000    1.0873 v acc_out[7]_DFF_X1_Q_D_AND2_X1_ZN_A2_XOR2_X1_Z_B_AND2_X1_ZN_A1_OR4_X1_ZN_A1_AND3_X1_ZN/A1 (AND3_X1)
     3    3.6429    0.0087    0.0391    1.1264 v acc_out[7]_DFF_X1_Q_D_AND2_X1_ZN_A2_XOR2_X1_Z_B_AND2_X1_ZN_A1_OR4_X1_ZN_A1_AND3_X1_ZN/ZN (AND3_X1)
                    0.0087    0.0000    1.1264 v acc_out[7]_DFF_X1_Q_D_AND2_X1_ZN_A2_XOR2_X1_Z_B_AND2_X1_ZN_A2_OAI22_X1_ZN/B2 (OAI22_X1)
     2    2.6515    0.0343    0.0473    1.1738 ^ acc_out[7]_DFF_X1_Q_D_AND2_X1_ZN_A2_XOR2_X1_Z_B_AND2_X1_ZN_A2_OAI22_X1_ZN/ZN (OAI22_X1)
                    0.0343    0.0000    1.1738 ^ acc_out[7]_DFF_X1_Q_D_AND2_X1_ZN_A2_XOR2_X1_Z_A_AOI21_X1_B1/B2 (AOI21_X1)
     3    3.9727    0.0168    0.0258    1.1995 v acc_out[7]_DFF_X1_Q_D_AND2_X1_ZN_A2_XOR2_X1_Z_A_AOI21_X1_B1/ZN (AOI21_X1)
                    0.0168    0.0000    1.1995 v acc_out[8]_DFF_X1_Q_D_AND3_X1_ZN_A2_OR3_X1_ZN/A3 (OR3_X1)
     1    0.8812    0.0121    0.0805    1.2800 v acc_out[8]_DFF_X1_Q_D_AND3_X1_ZN_A2_OR3_X1_ZN/ZN (OR3_X1)
                    0.0121    0.0000    1.2800 v acc_out[8]_DFF_X1_Q_D_AND3_X1_ZN/A2 (AND3_X1)
     1    1.0623    0.0072    0.0331    1.3131 v acc_out[8]_DFF_X1_Q_D_AND3_X1_ZN/ZN (AND3_X1)
                    0.0072    0.0000    1.3131 v acc_out[8]_DFF_X1_Q/D (DFF_X1)
                                        1.3131   data arrival time

                    0.0500    2.0000    2.0000   clock clk (rise edge)
                              0.0000    2.0000   clock network delay (ideal)
                             -0.0500    1.9500   clock uncertainty
                              0.0000    1.9500   clock reconvergence pessimism
                                        1.9500 ^ acc_out[8]_DFF_X1_Q/CK (DFF_X1)
                             -0.0244    1.9256   library setup time
                                        1.9256   data required time
-------------------------------------------------------------------------------------
                                        1.9256   data required time
                                       -1.3131   data arrival time
-------------------------------------------------------------------------------------
                                        0.6125   slack (MET)


Startpoint: b1[0]_AND2_X1_A2_ZN_DFF_X1_D
            (rising edge-triggered flip-flop clocked by clk)
Endpoint: acc_out[9]_DFF_X1_Q (rising edge-triggered flip-flop clocked by clk)
Path Group: clk
Path Type: max

Fanout       Cap      Slew     Delay      Time   Description
-------------------------------------------------------------------------------------
                    0.0500    0.0000    0.0000   clock clk (rise edge)
                              0.0000    0.0000   clock network delay (ideal)
                    0.0500    0.0000    0.0000 ^ b1[0]_AND2_X1_A2_ZN_DFF_X1_D/CK (DFF_X1)
    42   57.0488    0.1329    0.2293    0.2293 ^ b1[0]_AND2_X1_A2_ZN_DFF_X1_D/Q (DFF_X1)
                    0.1329    0.0000    0.2293 ^ acc_out[8]_DFF_X1_Q_D_AND3_X1_ZN_A2_OR3_X1_ZN_A1_AND3_X1_ZN_A1_OR3_X1_ZN_A1_AND3_X1_ZN_A1_OR3_X1_ZN_A1_AND4_X1_ZN_A1_OR3_X1_ZN_A1_AND4_X1_ZN_A4_OAI21_X1_ZN_B1_AOI21_X1_ZN_B2_OR3_X1_ZN_A2_AND3_X1_ZN_A1_OR3_X1_ZN_A1_AND3_X1_ZN_A1_OR3_X1_ZN_A1_AND3_X1_ZN_A1_OR3_X1_ZN_A3_AOI22_X1_ZN/B1 (AOI22_X1)
     3    3.9140    0.0405    0.0468    0.2761 v acc_out[8]_DFF_X1_Q_D_AND3_X1_ZN_A2_OR3_X1_ZN_A1_AND3_X1_ZN_A1_OR3_X1_ZN_A1_AND3_X1_ZN_A1_OR3_X1_ZN_A1_AND4_X1_ZN_A1_OR3_X1_ZN_A1_AND4_X1_ZN_A4_OAI21_X1_ZN_B1_AOI21_X1_ZN_B2_OR3_X1_ZN_A2_AND3_X1_ZN_A1_OR3_X1_ZN_A1_AND3_X1_ZN_A1_OR3_X1_ZN_A1_AND3_X1_ZN_A1_OR3_X1_ZN_A3_AOI22_X1_ZN/ZN (AOI22_X1)
                    0.0405    0.0000    0.2761 v acc_out[8]_DFF_X1_Q_D_AND3_X1_ZN_A2_OR3_X1_ZN_A1_AND3_X1_ZN_A1_OR3_X1_ZN_A1_AND3_X1_ZN_A1_OR3_X1_ZN_A1_AND4_X1_ZN_A1_OR3_X1_ZN_A1_AND4_X1_ZN_A4_OAI21_X1_ZN_B1_AOI21_X1_ZN_B2_OR3_X1_ZN_A2_AND3_X1_ZN_A1_OR3_X1_ZN_A1_AND3_X1_ZN_A1_OR3_X1_ZN_A1_AND3_X1_ZN_A1_OR3_X1_ZN/A3 (OR3_X1)
     3    3.8381    0.0158    0.0971    0.3732 v acc_out[8]_DFF_X1_Q_D_AND3_X1_ZN_A2_OR3_X1_ZN_A1_AND3_X1_ZN_A1_OR3_X1_ZN_A1_AND3_X1_ZN_A1_OR3_X1_ZN_A1_AND4_X1_ZN_A1_OR3_X1_ZN_A1_AND4_X1_ZN_A4_OAI21_X1_ZN_B1_AOI21_X1_ZN_B2_OR3_X1_ZN_A2_AND3_X1_ZN_A1_OR3_X1_ZN_A1_AND3_X1_ZN_A1_OR3_X1_ZN_A1_AND3_X1_ZN_A1_OR3_X1_ZN/ZN (OR3_X1)
                    0.0158    0.0000    0.3732 v acc_out[8]_DFF_X1_Q_D_AND3_X1_ZN_A2_OR3_X1_ZN_A1_AND3_X1_ZN_A1_OR3_X1_ZN_A1_AND3_X1_ZN_A1_OR3_X1_ZN_A1_AND4_X1_ZN_A1_OR3_X1_ZN_A1_AND4_X1_ZN_A4_OAI21_X1_ZN_B1_AOI21_X1_ZN_B2_OR3_X1_ZN_A2_AND3_X1_ZN_A1_OR3_X1_ZN_A1_AND3_X1_ZN_A1_OR3_X1_ZN_A1_AND3_X1_ZN/A1 (AND3_X1)
     2    2.3339    0.0074    0.0355    0.4087 v acc_out[8]_DFF_X1_Q_D_AND3_X1_ZN_A2_OR3_X1_ZN_A1_AND3_X1_ZN_A1_OR3_X1_ZN_A1_AND3_X1_ZN_A1_OR3_X1_ZN_A1_AND4_X1_ZN_A1_OR3_X1_ZN_A1_AND4_X1_ZN_A4_OAI21_X1_ZN_B1_AOI21_X1_ZN_B2_OR3_X1_ZN_A2_AND3_X1_ZN_A1_OR3_X1_ZN_A1_AND3_X1_ZN_A1_OR3_X1_ZN_A1_AND3_X1_ZN/ZN (AND3_X1)
                    0.0074    0.0000    0.4087 v acc_out[8]_DFF_X1_Q_D_AND3_X1_ZN_A2_OR3_X1_ZN_A1_AND3_X1_ZN_A1_OR3_X1_ZN_A1_AND3_X1_ZN_A1_OR3_X1_ZN_A1_AND4_X1_ZN_A1_OR3_X1_ZN_A1_AND4_X1_ZN_A4_OAI21_X1_ZN_B1_AOI21_X1_ZN_B2_OR3_X1_ZN_A2_AND3_X1_ZN_A1_OR3_X1_ZN_A1_AND3_X1_ZN_A1_OR3_X1_ZN/A1 (OR3_X1)
     3    3.8381    0.0158    0.0706    0.4793 v acc_out[8]_DFF_X1_Q_D_AND3_X1_ZN_A2_OR3_X1_ZN_A1_AND3_X1_ZN_A1_OR3_X1_ZN_A1_AND3_X1_ZN_A1_OR3_X1_ZN_A1_AND4_X1_ZN_A1_OR3_X1_ZN_A1_AND4_X1_ZN_A4_OAI21_X1_ZN_B1_AOI21_X1_ZN_B2_OR3_X1_ZN_A2_AND3_X1_ZN_A1_OR3_X1_ZN_A1_AND3_X1_ZN_A1_OR3_X1_ZN/ZN (OR3_X1)
                    0.0158    0.0000    0.4793 v acc_out[8]_DFF_X1_Q_D_AND3_X1_ZN_A2_OR3_X1_ZN_A1_AND3_X1_ZN_A1_OR3_X1_ZN_A1_AND3_X1_ZN_A1_OR3_X1_ZN_A1_AND4_X1_ZN_A1_OR3_X1_ZN_A1_AND4_X1_ZN_A4_OAI21_X1_ZN_B1_AOI21_X1_ZN_B2_OR3_X1_ZN_A2_AND3_X1_ZN_A1_OR3_X1_ZN_A1_AND3_X1_ZN/A1 (AND3_X1)
     2    2.3339    0.0074    0.0355    0.5148 v acc_out[8]_DFF_X1_Q_D_AND3_X1_ZN_A2_OR3_X1_ZN_A1_AND3_X1_ZN_A1_OR3_X1_ZN_A1_AND3_X1_ZN_A1_OR3_X1_ZN_A1_AND4_X1_ZN_A1_OR3_X1_ZN_A1_AND4_X1_ZN_A4_OAI21_X1_ZN_B1_AOI21_X1_ZN_B2_OR3_X1_ZN_A2_AND3_X1_ZN_A1_OR3_X1_ZN_A1_AND3_X1_ZN/ZN (AND3_X1)
                    0.0074    0.0000    0.5148 v acc_out[8]_DFF_X1_Q_D_AND3_X1_ZN_A2_OR3_X1_ZN_A1_AND3_X1_ZN_A1_OR3_X1_ZN_A1_AND3_X1_ZN_A1_OR3_X1_ZN_A1_AND4_X1_ZN_A1_OR3_X1_ZN_A1_AND4_X1_ZN_A4_OAI21_X1_ZN_B1_AOI21_X1_ZN_B2_OR3_X1_ZN_A2_AND3_X1_ZN_A1_OR3_X1_ZN/A1 (OR3_X1)
     2    2.2761    0.0139    0.0661    0.5809 v acc_out[8]_DFF_X1_Q_D_AND3_X1_ZN_A2_OR3_X1_ZN_A1_AND3_X1_ZN_A1_OR3_X1_ZN_A1_AND3_X1_ZN_A1_OR3_X1_ZN_A1_AND4_X1_ZN_A1_OR3_X1_ZN_A1_AND4_X1_ZN_A4_OAI21_X1_ZN_B1_AOI21_X1_ZN_B2_OR3_X1_ZN_A2_AND3_X1_ZN_A1_OR3_X1_ZN/ZN (OR3_X1)
                    0.0139    0.0000    0.5809 v acc_out[8]_DFF_X1_Q_D_AND3_X1_ZN_A2_OR3_X1_ZN_A1_AND3_X1_ZN_A1_OR3_X1_ZN_A1_AND3_X1_ZN_A1_OR3_X1_ZN_A1_AND4_X1_ZN_A1_OR3_X1_ZN_A1_AND4_X1_ZN_A4_OAI21_X1_ZN_B1_AOI21_X1_ZN_B2_OR3_X1_ZN_A2_AND3_X1_ZN/A1 (AND3_X1)
     3    3.8592    0.0089    0.0375    0.6184 v acc_out[8]_DFF_X1_Q_D_AND3_X1_ZN_A2_OR3_X1_ZN_A1_AND3_X1_ZN_A1_OR3_X1_ZN_A1_AND3_X1_ZN_A1_OR3_X1_ZN_A1_AND4_X1_ZN_A1_OR3_X1_ZN_A1_AND4_X1_ZN_A4_OAI21_X1_ZN_B1_AOI21_X1_ZN_B2_OR3_X1_ZN_A2_AND3_X1_ZN/ZN (AND3_X1)
                    0.0089    0.0000    0.6184 v acc_out[8]_DFF_X1_Q_D_AND3_X1_ZN_A2_OR3_X1_ZN_A1_AND3_X1_ZN_A1_OR3_X1_ZN_A1_AND3_X1_ZN_A1_OR3_X1_ZN_A1_AND4_X1_ZN_A1_OR3_X1_ZN_A1_AND4_X1_ZN_A4_OAI21_X1_ZN_B1_AOI21_X1_ZN_B2_OR3_X1_ZN/A2 (OR3_X1)
     3    3.7783    0.0158    0.0822    0.7006 v acc_out[8]_DFF_X1_Q_D_AND3_X1_ZN_A2_OR3_X1_ZN_A1_AND3_X1_ZN_A1_OR3_X1_ZN_A1_AND3_X1_ZN_A1_OR3_X1_ZN_A1_AND4_X1_ZN_A1_OR3_X1_ZN_A1_AND4_X1_ZN_A4_OAI21_X1_ZN_B1_AOI21_X1_ZN_B2_OR3_X1_ZN/ZN (OR3_X1)
                    0.0158    0.0000    0.7006 v acc_out[8]_DFF_X1_Q_D_AND3_X1_ZN_A2_OR3_X1_ZN_A1_AND3_X1_ZN_A1_OR3_X1_ZN_A1_AND3_X1_ZN_A1_OR3_X1_ZN_A1_AND4_X1_ZN_A1_OR3_X1_ZN_A1_AND4_X1_ZN_A4_OAI21_X1_ZN_B1_AOI21_X1_ZN_A_AND3_X1_A2/A1 (AND3_X1)
     6    9.0194    0.0138    0.0464    0.7470 v acc_out[8]_DFF_X1_Q_D_AND3_X1_ZN_A2_OR3_X1_ZN_A1_AND3_X1_ZN_A1_OR3_X1_ZN_A1_AND3_X1_ZN_A1_OR3_X1_ZN_A1_AND4_X1_ZN_A1_OR3_X1_ZN_A1_AND4_X1_ZN_A4_OAI21_X1_ZN_B1_AOI21_X1_ZN_A_AND3_X1_A2/ZN (AND3_X1)
                    0.0138    0.0000    0.7470 v acc_out[8]_DFF_X1_Q_D_AND3_X1_ZN_A2_OR3_X1_ZN_A1_AND3_X1_ZN_A1_OR3_X1_ZN_A1_AND3_X1_ZN_A1_OR3_X1_ZN_A1_AND4_X1_ZN_A1_OR3_X1_ZN_A1_AND4_X1_ZN_A4_OAI21_X1_ZN_A_OR3_X1_A2/A1 (OR3_X1)
     4    6.0248    0.0183    0.0779    0.8248 v acc_out[8]_DFF_X1_Q_D_AND3_X1_ZN_A2_OR3_X1_ZN_A1_AND3_X1_ZN_A1_OR3_X1_ZN_A1_AND3_X1_ZN_A1_OR3_X1_ZN_A1_AND4_X1_ZN_A1_OR3_X1_ZN_A1_AND4_X1_ZN_A4_OAI21_X1_ZN_A_OR3_X1_A2/ZN (OR3_X1)
                    0.0183    0.0000    0.8248 v acc_out[8]_DFF_X1_Q_D_AND3_X1_ZN_A2_OR3_X1_ZN_A1_AND3_X1_ZN_A1_OR3_X1_ZN_A1_AND3_X1_ZN_A1_OR3_X1_ZN_A1_AND4_X1_ZN_A1_OR3_X1_ZN_A3_AOI22_X1_ZN/B2 (AOI22_X1)
     3    4.1555    0.0361    0.0625    0.8873 ^ acc_out[8]_DFF_X1_Q_D_AND3_X1_ZN_A2_OR3_X1_ZN_A1_AND3_X1_ZN_A1_OR3_X1_ZN_A1_AND3_X1_ZN_A1_OR3_X1_ZN_A1_AND4_X1_ZN_A1_OR3_X1_ZN_A3_AOI22_X1_ZN/ZN (AOI22_X1)
                    0.0361    0.0000    0.8873 ^ acc_out[9]_DFF_X1_Q_D_NOR2_X1_ZN_A2_XNOR2_X1_ZN_B_XOR2_X1_Z_B_XNOR2_X1_ZN_A_XOR2_X1_Z_B_XNOR2_X1_ZN_B_XOR2_X1_Z_B_XNOR2_X1_ZN_B_OAI21_X1_ZN/B2 (OAI21_X1)
     2    3.7781    0.0173    0.0292    0.9166 v acc_out[9]_DFF_X1_Q_D_NOR2_X1_ZN_A2_XNOR2_X1_ZN_B_XOR2_X1_Z_B_XNOR2_X1_ZN_A_XOR2_X1_Z_B_XNOR2_X1_ZN_B_XOR2_X1_Z_B_XNOR2_X1_ZN_B_OAI21_X1_ZN/ZN (OAI21_X1)
                    0.0173    0.0000    0.9166 v acc_out[9]_DFF_X1_Q_D_NOR2_X1_ZN_A2_XNOR2_X1_ZN_B_XOR2_X1_Z_B_XNOR2_X1_ZN_A_XOR2_X1_Z_B_XNOR2_X1_ZN_B_XOR2_X1_Z_B_XNOR2_X1_ZN/B (XNOR2_X1)
     2    3.9753    0.0163    0.0476    0.9642 v acc_out[9]_DFF_X1_Q_D_NOR2_X1_ZN_A2_XNOR2_X1_ZN_B_XOR2_X1_Z_B_XNOR2_X1_ZN_A_XOR2_X1_Z_B_XNOR2_X1_ZN_B_XOR2_X1_Z_B_XNOR2_X1_ZN/ZN (XNOR2_X1)
                    0.0163    0.0000    0.9642 v acc_out[9]_DFF_X1_Q_D_NOR2_X1_ZN_A2_XNOR2_X1_ZN_B_XOR2_X1_Z_B_XNOR2_X1_ZN_A_XOR2_X1_Z_B_XNOR2_X1_ZN_B_XOR2_X1_Z/B (XOR2_X1)
     2    3.7781    0.0144    0.0620    1.0261 v acc_out[9]_DFF_X1_Q_D_NOR2_X1_ZN_A2_XNOR2_X1_ZN_B_XOR2_X1_Z_B_XNOR2_X1_ZN_A_XOR2_X1_Z_B_XNOR2_X1_ZN_B_XOR2_X1_Z/Z (XOR2_X1)
                    0.0144    0.0000    1.0261 v acc_out[9]_DFF_X1_Q_D_NOR2_X1_ZN_A2_XNOR2_X1_ZN_B_XOR2_X1_Z_B_XNOR2_X1_ZN_A_XOR2_X1_Z_B_XNOR2_X1_ZN/B (XNOR2_X1)
     2    3.9753    0.0171    0.0461    1.0723 v acc_out[9]_DFF_X1_Q_D_NOR2_X1_ZN_A2_XNOR2_X1_ZN_B_XOR2_X1_Z_B_XNOR2_X1_ZN_A_XOR2_X1_Z_B_XNOR2_X1_ZN/ZN (XNOR2_X1)
                    0.0171    0.0000    1.0723 v acc_out[9]_DFF_X1_Q_D_NOR2_X1_ZN_A2_XNOR2_X1_ZN_B_XOR2_X1_Z_B_XNOR2_X1_ZN_A_XOR2_X1_Z/B (XOR2_X1)
     2    3.5727    0.0141    0.0620    1.1342 v acc_out[9]_DFF_X1_Q_D_NOR2_X1_ZN_A2_XNOR2_X1_ZN_B_XOR2_X1_Z_B_XNOR2_X1_ZN_A_XOR2_X1_Z/Z (XOR2_X1)
                    0.0141    0.0000    1.1342 v acc_out[9]_DFF_X1_Q_D_NOR2_X1_ZN_A2_XNOR2_X1_ZN_B_XOR2_X1_Z_B_XNOR2_X1_ZN/A (XNOR2_X1)
     2    3.9753    0.0163    0.0449    1.1791 v acc_out[9]_DFF_X1_Q_D_NOR2_X1_ZN_A2_XNOR2_X1_ZN_B_XOR2_X1_Z_B_XNOR2_X1_ZN/ZN (XNOR2_X1)
                    0.0163    0.0000    1.1791 v acc_out[9]_DFF_X1_Q_D_NOR2_X1_ZN_A2_XNOR2_X1_ZN_B_XOR2_X1_Z/B (XOR2_X1)
     2    3.7781    0.0144    0.0620    1.2411 v acc_out[9]_DFF_X1_Q_D_NOR2_X1_ZN_A2_XNOR2_X1_ZN_B_XOR2_X1_Z/Z (XOR2_X1)
                    0.0144    0.0000    1.2411 v acc_out[9]_DFF_X1_Q_D_NOR2_X1_ZN_A2_XNOR2_X1_ZN/B (XNOR2_X1)
     1    1.5638    0.0135    0.0407    1.2818 v acc_out[9]_DFF_X1_Q_D_NOR2_X1_ZN_A2_XNOR2_X1_ZN/ZN (XNOR2_X1)
                    0.0135    0.0000    1.2818 v acc_out[9]_DFF_X1_Q_D_NOR2_X1_ZN/A2 (NOR2_X1)
     1    1.1403    0.0177    0.0271    1.3088 ^ acc_out[9]_DFF_X1_Q_D_NOR2_X1_ZN/ZN (NOR2_X1)
                    0.0177    0.0000    1.3088 ^ acc_out[9]_DFF_X1_Q/D (DFF_X1)
                                        1.3088   data arrival time

                    0.0500    2.0000    2.0000   clock clk (rise edge)
                              0.0000    2.0000   clock network delay (ideal)
                             -0.0500    1.9500   clock uncertainty
                              0.0000    1.9500   clock reconvergence pessimism
                                        1.9500 ^ acc_out[9]_DFF_X1_Q/CK (DFF_X1)
                             -0.0287    1.9213   library setup time
                                        1.9213   data required time
-------------------------------------------------------------------------------------
                                        1.9213   data required time
                                       -1.3088   data arrival time
-------------------------------------------------------------------------------------
                                        0.6125   slack (MET)


Startpoint: b0[1]_AND2_X1_A2_ZN_DFF_X1_D
            (rising edge-triggered flip-flop clocked by clk)
Endpoint: acc_out[6]_DFF_X1_Q (rising edge-triggered flip-flop clocked by clk)
Path Group: clk
Path Type: max

Fanout       Cap      Slew     Delay      Time   Description
-------------------------------------------------------------------------------------
                    0.0500    0.0000    0.0000   clock clk (rise edge)
                              0.0000    0.0000   clock network delay (ideal)
                    0.0500    0.0000    0.0000 ^ b0[1]_AND2_X1_A2_ZN_DFF_X1_D/CK (DFF_X1)
    39   52.8699    0.1233    0.2193    0.2193 ^ b0[1]_AND2_X1_A2_ZN_DFF_X1_D/Q (DFF_X1)
                    0.1233    0.0000    0.2193 ^ acc_out[6]_DFF_X1_Q_D_AOI21_X1_ZN_B2_XNOR2_X1_ZN_B_XNOR2_X1_ZN_A_OAI21_X1_B1_A_OR4_X1_ZN_A2_AND3_X1_ZN_A1_OR4_X1_ZN_A4_AOI21_X1_ZN_B1_OAI21_X1_ZN_B1_AOI21_X1_ZN_B2_OR3_X1_ZN_A1_AND3_X1_ZN_A1_OR3_X1_ZN_A1_AND3_X1_ZN_A1_OR3_X1_ZN_A3_AOI22_X1_ZN/B1 (AOI22_X1)
     3    3.9140    0.0387    0.0461    0.2654 v acc_out[6]_DFF_X1_Q_D_AOI21_X1_ZN_B2_XNOR2_X1_ZN_B_XNOR2_X1_ZN_A_OAI21_X1_B1_A_OR4_X1_ZN_A2_AND3_X1_ZN_A1_OR4_X1_ZN_A4_AOI21_X1_ZN_B1_OAI21_X1_ZN_B1_AOI21_X1_ZN_B2_OR3_X1_ZN_A1_AND3_X1_ZN_A1_OR3_X1_ZN_A1_AND3_X1_ZN_A1_OR3_X1_ZN_A3_AOI22_X1_ZN/ZN (AOI22_X1)
                    0.0387    0.0000    0.2654 v acc_out[6]_DFF_X1_Q_D_AOI21_X1_ZN_B2_XNOR2_X1_ZN_B_XNOR2_X1_ZN_A_OAI21_X1_B1_A_OR4_X1_ZN_A2_AND3_X1_ZN_A1_OR4_X1_ZN_A4_AOI21_X1_ZN_B1_OAI21_X1_ZN_B1_AOI21_X1_ZN_B2_OR3_X1_ZN_A1_AND3_X1_ZN_A1_OR3_X1_ZN_A1_AND3_X1_ZN_A1_OR3_X1_ZN/A3 (OR3_X1)
     3    3.8381    0.0158    0.0966    0.3620 v acc_out[6]_DFF_X1_Q_D_AOI21_X1_ZN_B2_XNOR2_X1_ZN_B_XNOR2_X1_ZN_A_OAI21_X1_B1_A_OR4_X1_ZN_A2_AND3_X1_ZN_A1_OR4_X1_ZN_A4_AOI21_X1_ZN_B1_OAI21_X1_ZN_B1_AOI21_X1_ZN_B2_OR3_X1_ZN_A1_AND3_X1_ZN_A1_OR3_X1_ZN_A1_AND3_X1_ZN_A1_OR3_X1_ZN/ZN (OR3_X1)
                    0.0158    0.0000    0.3620 v acc_out[6]_DFF_X1_Q_D_AOI21_X1_ZN_B2_XNOR2_X1_ZN_B_XNOR2_X1_ZN_A_OAI21_X1_B1_A_OR4_X1_ZN_A2_AND3_X1_ZN_A1_OR4_X1_ZN_A4_AOI21_X1_ZN_B1_OAI21_X1_ZN_B1_AOI21_X1_ZN_B2_OR3_X1_ZN_A1_AND3_X1_ZN_A1_OR3_X1_ZN_A1_AND3_X1_ZN/A1 (AND3_X1)
     2    2.3339    0.0074    0.0355    0.3975 v acc_out[6]_DFF_X1_Q_D_AOI21_X1_ZN_B2_XNOR2_X1_ZN_B_XNOR2_X1_ZN_A_OAI21_X1_B1_A_OR4_X1_ZN_A2_AND3_X1_ZN_A1_OR4_X1_ZN_A4_AOI21_X1_ZN_B1_OAI21_X1_ZN_B1_AOI21_X1_ZN_B2_OR3_X1_ZN_A1_AND3_X1_ZN_A1_OR3_X1_ZN_A1_AND3_X1_ZN/ZN (AND3_X1)
                    0.0074    0.0000    0.3975 v acc_out[6]_DFF_X1_Q_D_AOI21_X1_ZN_B2_XNOR2_X1_ZN_B_XNOR2_X1_ZN_A_OAI21_X1_B1_A_OR4_X1_ZN_A2_AND3_X1_ZN_A1_OR4_X1_ZN_A4_AOI21_X1_ZN_B1_OAI21_X1_ZN_B1_AOI21_X1_ZN_B2_OR3_X1_ZN_A1_AND3_X1_ZN_A1_OR3_X1_ZN/A1 (OR3_X1)
     3    3.8381    0.0158    0.0706    0.4681 v acc_out[6]_DFF_X1_Q_D_AOI21_X1_ZN_B2_XNOR2_X1_ZN_B_XNOR2_X1_ZN_A_OAI21_X1_B1_A_OR4_X1_ZN_A2_AND3_X1_ZN_A1_OR4_X1_ZN_A4_AOI21_X1_ZN_B1_OAI21_X1_ZN_B1_AOI21_X1_ZN_B2_OR3_X1_ZN_A1_AND3_X1_ZN_A1_OR3_X1_ZN/ZN (OR3_X1)
                    0.0158    0.0000    0.4681 v acc_out[6]_DFF_X1_Q_D_AOI21_X1_ZN_B2_XNOR2_X1_ZN_B_XNOR2_X1_ZN_A_OAI21_X1_B1_A_OR4_X1_ZN_A2_AND3_X1_ZN_A1_OR4_X1_ZN_A4_AOI21_X1_ZN_B1_OAI21_X1_ZN_B1_AOI21_X1_ZN_B2_OR3_X1_ZN_A1_AND3_X1_ZN/A1 (AND3_X1)
     2    2.3339    0.0074    0.0355    0.5035 v acc_out[6]_DFF_X1_Q_D_AOI21_X1_ZN_B2_XNOR2_X1_ZN_B_XNOR2_X1_ZN_A_OAI21_X1_B1_A_OR4_X1_ZN_A2_AND3_X1_ZN_A1_OR4_X1_ZN_A4_AOI21_X1_ZN_B1_OAI21_X1_ZN_B1_AOI21_X1_ZN_B2_OR3_X1_ZN_A1_AND3_X1_ZN/ZN (AND3_X1)
                    0.0074    0.0000    0.5035 v acc_out[6]_DFF_X1_Q_D_AOI21_X1_ZN_B2_XNOR2_X1_ZN_B_XNOR2_X1_ZN_A_OAI21_X1_B1_A_OR4_X1_ZN_A2_AND3_X1_ZN_A1_OR4_X1_ZN_A4_AOI21_X1_ZN_B1_OAI21_X1_ZN_B1_AOI21_X1_ZN_B2_OR3_X1_ZN/A1 (OR3_X1)
     2    2.2761    0.0139    0.0661    0.5697 v acc_out[6]_DFF_X1_Q_D_AOI21_X1_ZN_B2_XNOR2_X1_ZN_B_XNOR2_X1_ZN_A_OAI21_X1_B1_A_OR4_X1_ZN_A2_AND3_X1_ZN_A1_OR4_X1_ZN_A4_AOI21_X1_ZN_B1_OAI21_X1_ZN_B1_AOI21_X1_ZN_B2_OR3_X1_ZN/ZN (OR3_X1)
                    0.0139    0.0000    0.5697 v acc_out[6]_DFF_X1_Q_D_AOI21_X1_ZN_B2_XNOR2_X1_ZN_B_XNOR2_X1_ZN_A_OAI21_X1_B1_A_OR4_X1_ZN_A2_AND3_X1_ZN_A1_OR4_X1_ZN_A4_AOI21_X1_ZN_B1_OAI21_X1_ZN_B1_AOI21_X1_ZN_A_AND3_X1_A2/A1 (AND3_X1)
     5    6.2793    0.0112    0.0414    0.6111 v acc_out[6]_DFF_X1_Q_D_AOI21_X1_ZN_B2_XNOR2_X1_ZN_B_XNOR2_X1_ZN_A_OAI21_X1_B1_A_OR4_X1_ZN_A2_AND3_X1_ZN_A1_OR4_X1_ZN_A4_AOI21_X1_ZN_B1_OAI21_X1_ZN_B1_AOI21_X1_ZN_A_AND3_X1_A2/ZN (AND3_X1)
                    0.0112    0.0000    0.6111 v acc_out[6]_DFF_X1_Q_D_AOI21_X1_ZN_B2_XNOR2_X1_ZN_B_XNOR2_X1_ZN_A_OAI21_X1_B1_A_OR4_X1_ZN_A2_AND3_X1_ZN_A1_OR4_X1_ZN_A4_AOI21_X1_ZN_B1_OAI21_X1_ZN_A_OR3_X1_A2/A1 (OR3_X1)
     5    6.1940    0.0185    0.0774    0.6884 v acc_out[6]_DFF_X1_Q_D_AOI21_X1_ZN_B2_XNOR2_X1_ZN_B_XNOR2_X1_ZN_A_OAI21_X1_B1_A_OR4_X1_ZN_A2_AND3_X1_ZN_A1_OR4_X1_ZN_A4_AOI21_X1_ZN_B1_OAI21_X1_ZN_A_OR3_X1_A2/ZN (OR3_X1)
                    0.0185    0.0000    0.6884 v acc_out[6]_DFF_X1_Q_D_AOI21_X1_ZN_B2_XNOR2_X1_ZN_B_XNOR2_X1_ZN_A_OAI21_X1_B1_A_OR4_X1_ZN_A2_AND3_X1_ZN_A1_OR4_X1_ZN_A4_AOI21_X1_ZN_A_AND3_X1_A2/A1 (AND3_X1)
     5    6.3278    0.0112    0.0437    0.7321 v acc_out[6]_DFF_X1_Q_D_AOI21_X1_ZN_B2_XNOR2_X1_ZN_B_XNOR2_X1_ZN_A_OAI21_X1_B1_A_OR4_X1_ZN_A2_AND3_X1_ZN_A1_OR4_X1_ZN_A4_AOI21_X1_ZN_A_AND3_X1_A2/ZN (AND3_X1)
                    0.0112    0.0000    0.7321 v acc_out[6]_DFF_X1_Q_D_AOI21_X1_ZN_B2_XNOR2_X1_ZN_B_XNOR2_X1_ZN_A_OAI21_X1_B1_A_OR4_X1_ZN_A2_AND3_X1_ZN_A1_OR4_X1_ZN/A2 (OR4_X1)
     3    3.8254    0.0201    0.1093    0.8414 v acc_out[6]_DFF_X1_Q_D_AOI21_X1_ZN_B2_XNOR2_X1_ZN_B_XNOR2_X1_ZN_A_OAI21_X1_B1_A_OR4_X1_ZN_A2_AND3_X1_ZN_A1_OR4_X1_ZN/ZN (OR4_X1)
                    0.0201    0.0000    0.8414 v acc_out[6]_DFF_X1_Q_D_AOI21_X1_ZN_B2_XNOR2_X1_ZN_B_XNOR2_X1_ZN_A_OAI21_X1_B1_A_OR4_X1_ZN_A2_AND3_X1_ZN/A1 (AND3_X1)
     3    3.2777    0.0083    0.0394    0.8808 v acc_out[6]_DFF_X1_Q_D_AOI21_X1_ZN_B2_XNOR2_X1_ZN_B_XNOR2_X1_ZN_A_OAI21_X1_B1_A_OR4_X1_ZN_A2_AND3_X1_ZN/ZN (AND3_X1)
                    0.0083    0.0000    0.8808 v acc_out[6]_DFF_X1_Q_D_AOI21_X1_ZN_B2_XNOR2_X1_ZN_B_XNOR2_X1_ZN_A_OAI21_X1_B1_A_OR4_X1_ZN/A2 (OR4_X1)
     2    3.0478    0.0191    0.1059    0.9868 v acc_out[6]_DFF_X1_Q_D_AOI21_X1_ZN_B2_XNOR2_X1_ZN_B_XNOR2_X1_ZN_A_OAI21_X1_B1_A_OR4_X1_ZN/ZN (OR4_X1)
                    0.0191    0.0000    0.9868 v acc_out[6]_DFF_X1_Q_D_AOI21_X1_ZN_B2_XNOR2_X1_ZN_B_XNOR2_X1_ZN_A_NAND2_X1_ZN/A1 (NAND2_X1)
     2    3.8948    0.0143    0.0249    1.0117 ^ acc_out[6]_DFF_X1_Q_D_AOI21_X1_ZN_B2_XNOR2_X1_ZN_B_XNOR2_X1_ZN_A_NAND2_X1_ZN/ZN (NAND2_X1)
                    0.0143    0.0000    1.0117 ^ acc_out[6]_DFF_X1_Q_D_AOI21_X1_ZN_B2_XNOR2_X1_ZN_B_XNOR2_X1_ZN/A (XNOR2_X1)
     2    3.5155    0.0271    0.0439    1.0555 ^ acc_out[6]_DFF_X1_Q_D_AOI21_X1_ZN_B2_XNOR2_X1_ZN_B_XNOR2_X1_ZN/ZN (XNOR2_X1)
                    0.0271    0.0000    1.0555 ^ acc_out[6]_DFF_X1_Q_D_AOI21_X1_ZN_B2_XNOR2_X1_ZN/B (XNOR2_X1)
     3    5.0010    0.0340    0.0512    1.1067 ^ acc_out[6]_DFF_X1_Q_D_AOI21_X1_ZN_B2_XNOR2_X1_ZN/ZN (XNOR2_X1)
                    0.0340    0.0000    1.1067 ^ acc_out[6]_DFF_X1_Q_D_AOI21_X1_ZN_A_OAI21_X1_ZN/B1 (OAI21_X1)
     1    1.5353    0.0128    0.0183    1.1250 v acc_out[6]_DFF_X1_Q_D_AOI21_X1_ZN_A_OAI21_X1_ZN/ZN (OAI21_X1)
                    0.0128    0.0000    1.1250 v acc_out[6]_DFF_X1_Q_D_AOI21_X1_ZN/A (AOI21_X1)
     1    1.1403    0.0189    0.0379    1.1630 ^ acc_out[6]_DFF_X1_Q_D_AOI21_X1_ZN/ZN (AOI21_X1)
                    0.0189    0.0000    1.1630 ^ acc_out[6]_DFF_X1_Q/D (DFF_X1)
                                        1.1630   data arrival time

                    0.0500    2.0000    2.0000   clock clk (rise edge)
                              0.0000    2.0000   clock network delay (ideal)
                             -0.0500    1.9500   clock uncertainty
                              0.0000    1.9500   clock reconvergence pessimism
                                        1.9500 ^ acc_out[6]_DFF_X1_Q/CK (DFF_X1)
                             -0.0289    1.9211   library setup time
                                        1.9211   data required time
-------------------------------------------------------------------------------------
                                        1.9211   data required time
                                       -1.1630   data arrival time
-------------------------------------------------------------------------------------
                                        0.7581   slack (MET)


Startpoint: b1[0]_AND2_X1_A2_ZN_DFF_X1_D
            (rising edge-triggered flip-flop clocked by clk)
Endpoint: acc_out[5]_DFF_X1_Q (rising edge-triggered flip-flop clocked by clk)
Path Group: clk
Path Type: max

Fanout       Cap      Slew     Delay      Time   Description
-------------------------------------------------------------------------------------
                    0.0500    0.0000    0.0000   clock clk (rise edge)
                              0.0000    0.0000   clock network delay (ideal)
                    0.0500    0.0000    0.0000 ^ b1[0]_AND2_X1_A2_ZN_DFF_X1_D/CK (DFF_X1)
    42   57.0488    0.1329    0.2293    0.2293 ^ b1[0]_AND2_X1_A2_ZN_DFF_X1_D/Q (DFF_X1)
                    0.1329    0.0000    0.2293 ^ acc_out[4]_DFF_X1_Q_D_AND3_X1_ZN_A2_AOI21_X1_B1_A_AOI21_X1_ZN_B2_OR3_X1_ZN_A3_AND3_X1_ZN_A2_OR3_X1_ZN_A1_AND4_X1_ZN_A1_OR3_X1_ZN_A1_AND3_X1_ZN_A1_OR3_X1_ZN_A2_AND3_X1_ZN_A1_OR3_X1_ZN_A1_AND3_X1_ZN_A1_OR3_X1_ZN_A3_AOI22_X1_ZN/B1 (AOI22_X1)
     3    3.9140    0.0405    0.0468    0.2761 v acc_out[4]_DFF_X1_Q_D_AND3_X1_ZN_A2_AOI21_X1_B1_A_AOI21_X1_ZN_B2_OR3_X1_ZN_A3_AND3_X1_ZN_A2_OR3_X1_ZN_A1_AND4_X1_ZN_A1_OR3_X1_ZN_A1_AND3_X1_ZN_A1_OR3_X1_ZN_A2_AND3_X1_ZN_A1_OR3_X1_ZN_A1_AND3_X1_ZN_A1_OR3_X1_ZN_A3_AOI22_X1_ZN/ZN (AOI22_X1)
                    0.0405    0.0000    0.2761 v acc_out[4]_DFF_X1_Q_D_AND3_X1_ZN_A2_AOI21_X1_B1_A_AOI21_X1_ZN_B2_OR3_X1_ZN_A3_AND3_X1_ZN_A2_OR3_X1_ZN_A1_AND4_X1_ZN_A1_OR3_X1_ZN_A1_AND3_X1_ZN_A1_OR3_X1_ZN_A2_AND3_X1_ZN_A1_OR3_X1_ZN_A1_AND3_X1_ZN_A1_OR3_X1_ZN/A3 (OR3_X1)
     3    3.8381    0.0158    0.0971    0.3732 v acc_out[4]_DFF_X1_Q_D_AND3_X1_ZN_A2_AOI21_X1_B1_A_AOI21_X1_ZN_B2_OR3_X1_ZN_A3_AND3_X1_ZN_A2_OR3_X1_ZN_A1_AND4_X1_ZN_A1_OR3_X1_ZN_A1_AND3_X1_ZN_A1_OR3_X1_ZN_A2_AND3_X1_ZN_A1_OR3_X1_ZN_A1_AND3_X1_ZN_A1_OR3_X1_ZN/ZN (OR3_X1)
                    0.0158    0.0000    0.3732 v acc_out[4]_DFF_X1_Q_D_AND3_X1_ZN_A2_AOI21_X1_B1_A_AOI21_X1_ZN_B2_OR3_X1_ZN_A3_AND3_X1_ZN_A2_OR3_X1_ZN_A1_AND4_X1_ZN_A1_OR3_X1_ZN_A1_AND3_X1_ZN_A1_OR3_X1_ZN_A2_AND3_X1_ZN_A1_OR3_X1_ZN_A1_AND3_X1_ZN/A1 (AND3_X1)
     2    2.3339    0.0074    0.0355    0.4087 v acc_out[4]_DFF_X1_Q_D_AND3_X1_ZN_A2_AOI21_X1_B1_A_AOI21_X1_ZN_B2_OR3_X1_ZN_A3_AND3_X1_ZN_A2_OR3_X1_ZN_A1_AND4_X1_ZN_A1_OR3_X1_ZN_A1_AND3_X1_ZN_A1_OR3_X1_ZN_A2_AND3_X1_ZN_A1_OR3_X1_ZN_A1_AND3_X1_ZN/ZN (AND3_X1)
                    0.0074    0.0000    0.4087 v acc_out[4]_DFF_X1_Q_D_AND3_X1_ZN_A2_AOI21_X1_B1_A_AOI21_X1_ZN_B2_OR3_X1_ZN_A3_AND3_X1_ZN_A2_OR3_X1_ZN_A1_AND4_X1_ZN_A1_OR3_X1_ZN_A1_AND3_X1_ZN_A1_OR3_X1_ZN_A2_AND3_X1_ZN_A1_OR3_X1_ZN/A1 (OR3_X1)
     3    3.8381    0.0158    0.0706    0.4793 v acc_out[4]_DFF_X1_Q_D_AND3_X1_ZN_A2_AOI21_X1_B1_A_AOI21_X1_ZN_B2_OR3_X1_ZN_A3_AND3_X1_ZN_A2_OR3_X1_ZN_A1_AND4_X1_ZN_A1_OR3_X1_ZN_A1_AND3_X1_ZN_A1_OR3_X1_ZN_A2_AND3_X1_ZN_A1_OR3_X1_ZN/ZN (OR3_X1)
                    0.0158    0.0000    0.4793 v acc_out[4]_DFF_X1_Q_D_AND3_X1_ZN_A2_AOI21_X1_B1_A_AOI21_X1_ZN_B2_OR3_X1_ZN_A3_AND3_X1_ZN_A2_OR3_X1_ZN_A1_AND4_X1_ZN_A1_OR3_X1_ZN_A1_AND3_X1_ZN_A1_OR3_X1_ZN_A2_AND3_X1_ZN/A1 (AND3_X1)
     2    2.3098    0.0073    0.0354    0.5147 v acc_out[4]_DFF_X1_Q_D_AND3_X1_ZN_A2_AOI21_X1_B1_A_AOI21_X1_ZN_B2_OR3_X1_ZN_A3_AND3_X1_ZN_A2_OR3_X1_ZN_A1_AND4_X1_ZN_A1_OR3_X1_ZN_A1_AND3_X1_ZN_A1_OR3_X1_ZN_A2_AND3_X1_ZN/ZN (AND3_X1)
                    0.0073    0.0000    0.5147 v acc_out[4]_DFF_X1_Q_D_AND3_X1_ZN_A2_AOI21_X1_B1_A_AOI21_X1_ZN_B2_OR3_X1_ZN_A3_AND3_X1_ZN_A2_OR3_X1_ZN_A1_AND4_X1_ZN_A1_OR3_X1_ZN_A1_AND3_X1_ZN_A1_OR3_X1_ZN/A2 (OR3_X1)
     3    3.8381    0.0158    0.0818    0.5965 v acc_out[4]_DFF_X1_Q_D_AND3_X1_ZN_A2_AOI21_X1_B1_A_AOI21_X1_ZN_B2_OR3_X1_ZN_A3_AND3_X1_ZN_A2_OR3_X1_ZN_A1_AND4_X1_ZN_A1_OR3_X1_ZN_A1_AND3_X1_ZN_A1_OR3_X1_ZN/ZN (OR3_X1)
                    0.0158    0.0000    0.5965 v acc_out[4]_DFF_X1_Q_D_AND3_X1_ZN_A2_AOI21_X1_B1_A_AOI21_X1_ZN_B2_OR3_X1_ZN_A3_AND3_X1_ZN_A2_OR3_X1_ZN_A1_AND4_X1_ZN_A1_OR3_X1_ZN_A1_AND3_X1_ZN/A1 (AND3_X1)
     3    3.7344    0.0088    0.0382    0.6347 v acc_out[4]_DFF_X1_Q_D_AND3_X1_ZN_A2_AOI21_X1_B1_A_AOI21_X1_ZN_B2_OR3_X1_ZN_A3_AND3_X1_ZN_A2_OR3_X1_ZN_A1_AND4_X1_ZN_A1_OR3_X1_ZN_A1_AND3_X1_ZN/ZN (AND3_X1)
                    0.0088    0.0000    0.6347 v acc_out[4]_DFF_X1_Q_D_AND3_X1_ZN_A2_AOI21_X1_B1_A_AOI21_X1_ZN_B2_OR3_X1_ZN_A3_AND3_X1_ZN_A2_OR3_X1_ZN_A1_AND4_X1_ZN_A1_OR3_X1_ZN/A1 (OR3_X1)
     3    3.8825    0.0159    0.0711    0.7059 v acc_out[4]_DFF_X1_Q_D_AND3_X1_ZN_A2_AOI21_X1_B1_A_AOI21_X1_ZN_B2_OR3_X1_ZN_A3_AND3_X1_ZN_A2_OR3_X1_ZN_A1_AND4_X1_ZN_A1_OR3_X1_ZN/ZN (OR3_X1)
                    0.0159    0.0000    0.7059 v acc_out[4]_DFF_X1_Q_D_AND3_X1_ZN_A2_AOI21_X1_B1_A_AOI21_X1_ZN_B2_OR3_X1_ZN_A3_AND3_X1_ZN_A2_OR3_X1_ZN_A1_AND4_X1_ZN/A1 (AND4_X1)
     2    2.3339    0.0079    0.0374    0.7433 v acc_out[4]_DFF_X1_Q_D_AND3_X1_ZN_A2_AOI21_X1_B1_A_AOI21_X1_ZN_B2_OR3_X1_ZN_A3_AND3_X1_ZN_A2_OR3_X1_ZN_A1_AND4_X1_ZN/ZN (AND4_X1)
                    0.0079    0.0000    0.7433 v acc_out[4]_DFF_X1_Q_D_AND3_X1_ZN_A2_AOI21_X1_B1_A_AOI21_X1_ZN_B2_OR3_X1_ZN_A3_AND3_X1_ZN_A2_OR3_X1_ZN/A1 (OR3_X1)
     2    2.3280    0.0140    0.0665    0.8098 v acc_out[4]_DFF_X1_Q_D_AND3_X1_ZN_A2_AOI21_X1_B1_A_AOI21_X1_ZN_B2_OR3_X1_ZN_A3_AND3_X1_ZN_A2_OR3_X1_ZN/ZN (OR3_X1)
                    0.0140    0.0000    0.8098 v acc_out[4]_DFF_X1_Q_D_AND3_X1_ZN_A2_AOI21_X1_B1_A_AOI21_X1_ZN_B2_OR3_X1_ZN_A3_AND3_X1_ZN/A2 (AND3_X1)
     2    2.3557    0.0074    0.0370    0.8468 v acc_out[4]_DFF_X1_Q_D_AND3_X1_ZN_A2_AOI21_X1_B1_A_AOI21_X1_ZN_B2_OR3_X1_ZN_A3_AND3_X1_ZN/ZN (AND3_X1)
                    0.0074    0.0000    0.8468 v acc_out[4]_DFF_X1_Q_D_AND3_X1_ZN_A2_AOI21_X1_B1_A_AOI21_X1_ZN_B2_OR3_X1_ZN/A3 (OR3_X1)
     3    3.8661    0.0159    0.0860    0.9328 v acc_out[4]_DFF_X1_Q_D_AND3_X1_ZN_A2_AOI21_X1_B1_A_AOI21_X1_ZN_B2_OR3_X1_ZN/ZN (OR3_X1)
                    0.0159    0.0000    0.9328 v acc_out[4]_DFF_X1_Q_D_AND3_X1_ZN_A2_AOI21_X1_B1_A_AOI21_X1_ZN/B2 (AOI21_X1)
     2    3.2777    0.0289    0.0417    0.9745 ^ acc_out[4]_DFF_X1_Q_D_AND3_X1_ZN_A2_AOI21_X1_B1_A_AOI21_X1_ZN/ZN (AOI21_X1)
                    0.0289    0.0000    0.9745 ^ acc_out[5]_DFF_X1_Q_D_AND2_X1_ZN_A2_XOR2_X1_Z_B_NOR2_X1_ZN/A2 (NOR2_X1)
     1    2.4115    0.0100    0.0149    0.9894 v acc_out[5]_DFF_X1_Q_D_AND2_X1_ZN_A2_XOR2_X1_Z_B_NOR2_X1_ZN/ZN (NOR2_X1)
                    0.0100    0.0000    0.9894 v acc_out[5]_DFF_X1_Q_D_AND2_X1_ZN_A2_XOR2_X1_Z/B (XOR2_X1)
     1    0.8941    0.0103    0.0538    1.0432 v acc_out[5]_DFF_X1_Q_D_AND2_X1_ZN_A2_XOR2_X1_Z/Z (XOR2_X1)
                    0.0103    0.0000    1.0432 v acc_out[5]_DFF_X1_Q_D_AND2_X1_ZN/A2 (AND2_X1)
     1    1.0623    0.0070    0.0301    1.0733 v acc_out[5]_DFF_X1_Q_D_AND2_X1_ZN/ZN (AND2_X1)
                    0.0070    0.0000    1.0733 v acc_out[5]_DFF_X1_Q/D (DFF_X1)
                                        1.0733   data arrival time

                    0.0500    2.0000    2.0000   clock clk (rise edge)
                              0.0000    2.0000   clock network delay (ideal)
                             -0.0500    1.9500   clock uncertainty
                              0.0000    1.9500   clock reconvergence pessimism
                                        1.9500 ^ acc_out[5]_DFF_X1_Q/CK (DFF_X1)
                             -0.0243    1.9257   library setup time
                                        1.9257   data required time
-------------------------------------------------------------------------------------
                                        1.9257   data required time
                                       -1.0733   data arrival time
-------------------------------------------------------------------------------------
                                        0.8524   slack (MET)


Startpoint: b0[1]_AND2_X1_A2_ZN_DFF_X1_D
            (rising edge-triggered flip-flop clocked by clk)
Endpoint: acc_out[4]_DFF_X1_Q (rising edge-triggered flip-flop clocked by clk)
Path Group: clk
Path Type: max

Fanout       Cap      Slew     Delay      Time   Description
-------------------------------------------------------------------------------------
                    0.0500    0.0000    0.0000   clock clk (rise edge)
                              0.0000    0.0000   clock network delay (ideal)
                    0.0500    0.0000    0.0000 ^ b0[1]_AND2_X1_A2_ZN_DFF_X1_D/CK (DFF_X1)
    39   52.8699    0.1233    0.2193    0.2193 ^ b0[1]_AND2_X1_A2_ZN_DFF_X1_D/Q (DFF_X1)
                    0.1233    0.0000    0.2193 ^ acc_out[4]_DFF_X1_Q_D_AND3_X1_ZN_A3_OR3_X1_ZN_A3_XOR2_X1_Z_B_XOR2_X1_Z_B_XOR2_X1_Z_B_XNOR2_X1_ZN_A_AOI21_X1_ZN_A_NOR4_X1_ZN_A2_AND3_X1_ZN_A1_OR3_X1_ZN_A1_AND3_X1_ZN_A1_OR3_X1_ZN_A3_AOI22_X1_ZN/B1 (AOI22_X1)
     3    3.9140    0.0387    0.0461    0.2654 v acc_out[4]_DFF_X1_Q_D_AND3_X1_ZN_A3_OR3_X1_ZN_A3_XOR2_X1_Z_B_XOR2_X1_Z_B_XOR2_X1_Z_B_XNOR2_X1_ZN_A_AOI21_X1_ZN_A_NOR4_X1_ZN_A2_AND3_X1_ZN_A1_OR3_X1_ZN_A1_AND3_X1_ZN_A1_OR3_X1_ZN_A3_AOI22_X1_ZN/ZN (AOI22_X1)
                    0.0387    0.0000    0.2654 v acc_out[4]_DFF_X1_Q_D_AND3_X1_ZN_A3_OR3_X1_ZN_A3_XOR2_X1_Z_B_XOR2_X1_Z_B_XOR2_X1_Z_B_XNOR2_X1_ZN_A_AOI21_X1_ZN_A_NOR4_X1_ZN_A2_AND3_X1_ZN_A1_OR3_X1_ZN_A1_AND3_X1_ZN_A1_OR3_X1_ZN/A3 (OR3_X1)
     3    3.8381    0.0158    0.0966    0.3620 v acc_out[4]_DFF_X1_Q_D_AND3_X1_ZN_A3_OR3_X1_ZN_A3_XOR2_X1_Z_B_XOR2_X1_Z_B_XOR2_X1_Z_B_XNOR2_X1_ZN_A_AOI21_X1_ZN_A_NOR4_X1_ZN_A2_AND3_X1_ZN_A1_OR3_X1_ZN_A1_AND3_X1_ZN_A1_OR3_X1_ZN/ZN (OR3_X1)
                    0.0158    0.0000    0.3620 v acc_out[4]_DFF_X1_Q_D_AND3_X1_ZN_A3_OR3_X1_ZN_A3_XOR2_X1_Z_B_XOR2_X1_Z_B_XOR2_X1_Z_B_XNOR2_X1_ZN_A_AOI21_X1_ZN_A_NOR4_X1_ZN_A2_AND3_X1_ZN_A1_OR3_X1_ZN_A1_AND3_X1_ZN/A1 (AND3_X1)
     2    2.3339    0.0074    0.0355    0.3975 v acc_out[4]_DFF_X1_Q_D_AND3_X1_ZN_A3_OR3_X1_ZN_A3_XOR2_X1_Z_B_XOR2_X1_Z_B_XOR2_X1_Z_B_XNOR2_X1_ZN_A_AOI21_X1_ZN_A_NOR4_X1_ZN_A2_AND3_X1_ZN_A1_OR3_X1_ZN_A1_AND3_X1_ZN/ZN (AND3_X1)
                    0.0074    0.0000    0.3975 v acc_out[4]_DFF_X1_Q_D_AND3_X1_ZN_A3_OR3_X1_ZN_A3_XOR2_X1_Z_B_XOR2_X1_Z_B_XOR2_X1_Z_B_XNOR2_X1_ZN_A_AOI21_X1_ZN_A_NOR4_X1_ZN_A2_AND3_X1_ZN_A1_OR3_X1_ZN/A1 (OR3_X1)
     3    3.8381    0.0158    0.0706    0.4681 v acc_out[4]_DFF_X1_Q_D_AND3_X1_ZN_A3_OR3_X1_ZN_A3_XOR2_X1_Z_B_XOR2_X1_Z_B_XOR2_X1_Z_B_XNOR2_X1_ZN_A_AOI21_X1_ZN_A_NOR4_X1_ZN_A2_AND3_X1_ZN_A1_OR3_X1_ZN/ZN (OR3_X1)
                    0.0158    0.0000    0.4681 v acc_out[4]_DFF_X1_Q_D_AND3_X1_ZN_A3_OR3_X1_ZN_A3_XOR2_X1_Z_B_XOR2_X1_Z_B_XOR2_X1_Z_B_XNOR2_X1_ZN_A_AOI21_X1_ZN_A_NOR4_X1_ZN_A2_AND3_X1_ZN/A1 (AND3_X1)
     3    3.8289    0.0089    0.0384    0.5064 v acc_out[4]_DFF_X1_Q_D_AND3_X1_ZN_A3_OR3_X1_ZN_A3_XOR2_X1_Z_B_XOR2_X1_Z_B_XOR2_X1_Z_B_XNOR2_X1_ZN_A_AOI21_X1_ZN_A_NOR4_X1_ZN_A2_AND3_X1_ZN/ZN (AND3_X1)
                    0.0089    0.0000    0.5064 v acc_out[4]_DFF_X1_Q_D_AND3_X1_ZN_A3_OR3_X1_ZN_A3_XOR2_X1_Z_B_XOR2_X1_Z_A_NAND2_X1_ZN_A1_OAI21_X1_ZN_B1_AND3_X1_ZN_A1_OR4_X1_ZN/A2 (OR4_X1)
     2    2.2761    0.0181    0.1036    0.6100 v acc_out[4]_DFF_X1_Q_D_AND3_X1_ZN_A3_OR3_X1_ZN_A3_XOR2_X1_Z_B_XOR2_X1_Z_A_NAND2_X1_ZN_A1_OAI21_X1_ZN_B1_AND3_X1_ZN_A1_OR4_X1_ZN/ZN (OR4_X1)
                    0.0181    0.0000    0.6100 v acc_out[4]_DFF_X1_Q_D_AND3_X1_ZN_A3_OR3_X1_ZN_A3_XOR2_X1_Z_B_XOR2_X1_Z_A_NAND2_X1_ZN_A1_OAI21_X1_ZN_B1_AND3_X1_ZN/A1 (AND3_X1)
     2    2.3098    0.0073    0.0365    0.6465 v acc_out[4]_DFF_X1_Q_D_AND3_X1_ZN_A3_OR3_X1_ZN_A3_XOR2_X1_Z_B_XOR2_X1_Z_A_NAND2_X1_ZN_A1_OAI21_X1_ZN_B1_AND3_X1_ZN/ZN (AND3_X1)
                    0.0073    0.0000    0.6465 v acc_out[4]_DFF_X1_Q_D_AND3_X1_ZN_A3_OR3_X1_ZN_A1_NOR2_X1_ZN_A2_XOR2_X1_Z_B_NAND2_X1_ZN_A2_OR3_X1_ZN/A2 (OR3_X1)
     2    2.9886    0.0148    0.0794    0.7260 v acc_out[4]_DFF_X1_Q_D_AND3_X1_ZN_A3_OR3_X1_ZN_A1_NOR2_X1_ZN_A2_XOR2_X1_Z_B_NAND2_X1_ZN_A2_OR3_X1_ZN/ZN (OR3_X1)
                    0.0148    0.0000    0.7260 v acc_out[4]_DFF_X1_Q_D_AND3_X1_ZN_A3_OR3_X1_ZN_A1_NOR2_X1_ZN_A2_XOR2_X1_Z_A_NAND3_X1_A2/A3 (NAND3_X1)
     1    1.6642    0.0119    0.0227    0.7487 ^ acc_out[4]_DFF_X1_Q_D_AND3_X1_ZN_A3_OR3_X1_ZN_A1_NOR2_X1_ZN_A2_XOR2_X1_Z_A_NAND3_X1_A2/ZN (NAND3_X1)
                    0.0119    0.0000    0.7487 ^ acc_out[4]_DFF_X1_Q_D_AND3_X1_ZN_A3_OR3_X1_ZN_A3_XOR2_X1_Z_B_XOR2_X1_Z_A_NAND2_X1_ZN/A2 (NAND2_X1)
     2    3.6281    0.0146    0.0185    0.7672 v acc_out[4]_DFF_X1_Q_D_AND3_X1_ZN_A3_OR3_X1_ZN_A3_XOR2_X1_Z_B_XOR2_X1_Z_A_NAND2_X1_ZN/ZN (NAND2_X1)
                    0.0146    0.0000    0.7672 v acc_out[4]_DFF_X1_Q_D_AND3_X1_ZN_A3_OR3_X1_ZN_A3_XOR2_X1_Z_B_XOR2_X1_Z/A (XOR2_X1)
     2    3.9137    0.0137    0.0564    0.8236 v acc_out[4]_DFF_X1_Q_D_AND3_X1_ZN_A3_OR3_X1_ZN_A3_XOR2_X1_Z_B_XOR2_X1_Z/Z (XOR2_X1)
                    0.0137    0.0000    0.8236 v acc_out[4]_DFF_X1_Q_D_AND3_X1_ZN_A3_OR3_X1_ZN_A3_XOR2_X1_Z/B (XOR2_X1)
     2    2.4144    0.0131    0.0584    0.8820 v acc_out[4]_DFF_X1_Q_D_AND3_X1_ZN_A3_OR3_X1_ZN_A3_XOR2_X1_Z/Z (XOR2_X1)
                    0.0131    0.0000    0.8820 v acc_out[4]_DFF_X1_Q_D_AND3_X1_ZN_A3_OR3_X1_ZN/A3 (OR3_X1)
     1    0.8830    0.0121    0.0790    0.9610 v acc_out[4]_DFF_X1_Q_D_AND3_X1_ZN_A3_OR3_X1_ZN/ZN (OR3_X1)
                    0.0121    0.0000    0.9610 v acc_out[4]_DFF_X1_Q_D_AND3_X1_ZN/A3 (AND3_X1)
     1    1.0623    0.0072    0.0351    0.9961 v acc_out[4]_DFF_X1_Q_D_AND3_X1_ZN/ZN (AND3_X1)
                    0.0072    0.0000    0.9961 v acc_out[4]_DFF_X1_Q/D (DFF_X1)
                                        0.9961   data arrival time

                    0.0500    2.0000    2.0000   clock clk (rise edge)
                              0.0000    2.0000   clock network delay (ideal)
                             -0.0500    1.9500   clock uncertainty
                              0.0000    1.9500   clock reconvergence pessimism
                                        1.9500 ^ acc_out[4]_DFF_X1_Q/CK (DFF_X1)
                             -0.0244    1.9256   library setup time
                                        1.9256   data required time
-------------------------------------------------------------------------------------
                                        1.9256   data required time
                                       -0.9961   data arrival time
-------------------------------------------------------------------------------------
                                        0.9295   slack (MET)


Startpoint: b0[1]_AND2_X1_A2_ZN_DFF_X1_D
            (rising edge-triggered flip-flop clocked by clk)
Endpoint: acc_out[3]_DFF_X1_Q (rising edge-triggered flip-flop clocked by clk)
Path Group: clk
Path Type: max

Fanout       Cap      Slew     Delay      Time   Description
-------------------------------------------------------------------------------------
                    0.0500    0.0000    0.0000   clock clk (rise edge)
                              0.0000    0.0000   clock network delay (ideal)
                    0.0500    0.0000    0.0000 ^ b0[1]_AND2_X1_A2_ZN_DFF_X1_D/CK (DFF_X1)
    39   52.8699    0.1233    0.2193    0.2193 ^ b0[1]_AND2_X1_A2_ZN_DFF_X1_D/Q (DFF_X1)
                    0.1233    0.0000    0.2193 ^ acc_out[4]_DFF_X1_Q_D_AND3_X1_ZN_A3_OR3_X1_ZN_A3_XOR2_X1_Z_B_XOR2_X1_Z_B_XOR2_X1_Z_B_XNOR2_X1_ZN_A_AOI21_X1_ZN_A_NOR4_X1_ZN_A2_AND3_X1_ZN_A1_OR3_X1_ZN_A1_AND3_X1_ZN_A1_OR3_X1_ZN_A3_AOI22_X1_ZN/B1 (AOI22_X1)
     3    3.9140    0.0387    0.0461    0.2654 v acc_out[4]_DFF_X1_Q_D_AND3_X1_ZN_A3_OR3_X1_ZN_A3_XOR2_X1_Z_B_XOR2_X1_Z_B_XOR2_X1_Z_B_XNOR2_X1_ZN_A_AOI21_X1_ZN_A_NOR4_X1_ZN_A2_AND3_X1_ZN_A1_OR3_X1_ZN_A1_AND3_X1_ZN_A1_OR3_X1_ZN_A3_AOI22_X1_ZN/ZN (AOI22_X1)
                    0.0387    0.0000    0.2654 v acc_out[4]_DFF_X1_Q_D_AND3_X1_ZN_A3_OR3_X1_ZN_A3_XOR2_X1_Z_B_XOR2_X1_Z_B_XOR2_X1_Z_B_XNOR2_X1_ZN_A_AOI21_X1_ZN_A_NOR4_X1_ZN_A2_AND3_X1_ZN_A1_OR3_X1_ZN_A1_AND3_X1_ZN_A1_OR3_X1_ZN/A3 (OR3_X1)
     3    3.8381    0.0158    0.0966    0.3620 v acc_out[4]_DFF_X1_Q_D_AND3_X1_ZN_A3_OR3_X1_ZN_A3_XOR2_X1_Z_B_XOR2_X1_Z_B_XOR2_X1_Z_B_XNOR2_X1_ZN_A_AOI21_X1_ZN_A_NOR4_X1_ZN_A2_AND3_X1_ZN_A1_OR3_X1_ZN_A1_AND3_X1_ZN_A1_OR3_X1_ZN/ZN (OR3_X1)
                    0.0158    0.0000    0.3620 v acc_out[4]_DFF_X1_Q_D_AND3_X1_ZN_A3_OR3_X1_ZN_A3_XOR2_X1_Z_B_XOR2_X1_Z_B_XOR2_X1_Z_B_XNOR2_X1_ZN_A_AOI21_X1_ZN_A_NOR4_X1_ZN_A2_AND3_X1_ZN_A1_OR3_X1_ZN_A1_AND3_X1_ZN/A1 (AND3_X1)
     2    2.3339    0.0074    0.0355    0.3975 v acc_out[4]_DFF_X1_Q_D_AND3_X1_ZN_A3_OR3_X1_ZN_A3_XOR2_X1_Z_B_XOR2_X1_Z_B_XOR2_X1_Z_B_XNOR2_X1_ZN_A_AOI21_X1_ZN_A_NOR4_X1_ZN_A2_AND3_X1_ZN_A1_OR3_X1_ZN_A1_AND3_X1_ZN/ZN (AND3_X1)
                    0.0074    0.0000    0.3975 v acc_out[4]_DFF_X1_Q_D_AND3_X1_ZN_A3_OR3_X1_ZN_A3_XOR2_X1_Z_B_XOR2_X1_Z_B_XOR2_X1_Z_B_XNOR2_X1_ZN_A_AOI21_X1_ZN_A_NOR4_X1_ZN_A2_AND3_X1_ZN_A1_OR3_X1_ZN/A1 (OR3_X1)
     3    3.8381    0.0158    0.0706    0.4681 v acc_out[4]_DFF_X1_Q_D_AND3_X1_ZN_A3_OR3_X1_ZN_A3_XOR2_X1_Z_B_XOR2_X1_Z_B_XOR2_X1_Z_B_XNOR2_X1_ZN_A_AOI21_X1_ZN_A_NOR4_X1_ZN_A2_AND3_X1_ZN_A1_OR3_X1_ZN/ZN (OR3_X1)
                    0.0158    0.0000    0.4681 v acc_out[4]_DFF_X1_Q_D_AND3_X1_ZN_A3_OR3_X1_ZN_A3_XOR2_X1_Z_B_XOR2_X1_Z_B_XOR2_X1_Z_B_XNOR2_X1_ZN_A_AOI21_X1_ZN_A_NOR4_X1_ZN_A2_AND3_X1_ZN/A1 (AND3_X1)
     3    3.8289    0.0089    0.0384    0.5064 v acc_out[4]_DFF_X1_Q_D_AND3_X1_ZN_A3_OR3_X1_ZN_A3_XOR2_X1_Z_B_XOR2_X1_Z_B_XOR2_X1_Z_B_XNOR2_X1_ZN_A_AOI21_X1_ZN_A_NOR4_X1_ZN_A2_AND3_X1_ZN/ZN (AND3_X1)
                    0.0089    0.0000    0.5064 v acc_out[4]_DFF_X1_Q_D_AND3_X1_ZN_A3_OR3_X1_ZN_A3_XOR2_X1_Z_B_XOR2_X1_Z_A_NAND2_X1_ZN_A1_OAI21_X1_ZN_B1_AND3_X1_ZN_A1_OR4_X1_ZN/A2 (OR4_X1)
     2    2.2761    0.0181    0.1036    0.6100 v acc_out[4]_DFF_X1_Q_D_AND3_X1_ZN_A3_OR3_X1_ZN_A3_XOR2_X1_Z_B_XOR2_X1_Z_A_NAND2_X1_ZN_A1_OAI21_X1_ZN_B1_AND3_X1_ZN_A1_OR4_X1_ZN/ZN (OR4_X1)
                    0.0181    0.0000    0.6100 v acc_out[4]_DFF_X1_Q_D_AND3_X1_ZN_A3_OR3_X1_ZN_A3_XOR2_X1_Z_B_XOR2_X1_Z_A_NAND2_X1_ZN_A1_OAI21_X1_ZN_B1_AND3_X1_ZN/A1 (AND3_X1)
     2    2.3098    0.0073    0.0365    0.6465 v acc_out[4]_DFF_X1_Q_D_AND3_X1_ZN_A3_OR3_X1_ZN_A3_XOR2_X1_Z_B_XOR2_X1_Z_A_NAND2_X1_ZN_A1_OAI21_X1_ZN_B1_AND3_X1_ZN/ZN (AND3_X1)
                    0.0073    0.0000    0.6465 v acc_out[4]_DFF_X1_Q_D_AND3_X1_ZN_A3_OR3_X1_ZN_A1_NOR2_X1_ZN_A2_XOR2_X1_Z_B_NAND2_X1_ZN_A2_OR3_X1_ZN/A2 (OR3_X1)
     2    2.9886    0.0148    0.0794    0.7260 v acc_out[4]_DFF_X1_Q_D_AND3_X1_ZN_A3_OR3_X1_ZN_A1_NOR2_X1_ZN_A2_XOR2_X1_Z_B_NAND2_X1_ZN_A2_OR3_X1_ZN/ZN (OR3_X1)
                    0.0148    0.0000    0.7260 v acc_out[4]_DFF_X1_Q_D_AND3_X1_ZN_A3_OR3_X1_ZN_A1_NOR2_X1_ZN_A2_XOR2_X1_Z_B_NAND2_X1_ZN/A2 (NAND2_X1)
     1    2.3635    0.0114    0.0214    0.7473 ^ acc_out[4]_DFF_X1_Q_D_AND3_X1_ZN_A3_OR3_X1_ZN_A1_NOR2_X1_ZN_A2_XOR2_X1_Z_B_NAND2_X1_ZN/ZN (NAND2_X1)
                    0.0114    0.0000    0.7473 ^ acc_out[4]_DFF_X1_Q_D_AND3_X1_ZN_A3_OR3_X1_ZN_A1_NOR2_X1_ZN_A2_XOR2_X1_Z/B (XOR2_X1)
     2    4.2250    0.0334    0.0576    0.8050 ^ acc_out[4]_DFF_X1_Q_D_AND3_X1_ZN_A3_OR3_X1_ZN_A1_NOR2_X1_ZN_A2_XOR2_X1_Z/Z (XOR2_X1)
                    0.0334    0.0000    0.8050 ^ acc_out[3]_DFF_X1_Q_D_NOR3_X1_ZN_A3_AND3_X1_ZN_A3_XNOR2_X1_ZN/B (XNOR2_X1)
     2    2.5912    0.0228    0.0466    0.8516 ^ acc_out[3]_DFF_X1_Q_D_NOR3_X1_ZN_A3_AND3_X1_ZN_A3_XNOR2_X1_ZN/ZN (XNOR2_X1)
                    0.0228    0.0000    0.8516 ^ acc_out[2]_DFF_X1_Q_D_AND3_X1_ZN_A2_AOI21_X1_B1/A (AOI21_X1)
     3    3.7866    0.0139    0.0198    0.8714 v acc_out[2]_DFF_X1_Q_D_AND3_X1_ZN_A2_AOI21_X1_B1/ZN (AOI21_X1)
                    0.0139    0.0000    0.8714 v acc_out[3]_DFF_X1_Q_D_NOR3_X1_ZN/A2 (NOR3_X1)
     1    1.1403    0.0249    0.0421    0.9135 ^ acc_out[3]_DFF_X1_Q_D_NOR3_X1_ZN/ZN (NOR3_X1)
                    0.0249    0.0000    0.9135 ^ acc_out[3]_DFF_X1_Q/D (DFF_X1)
                                        0.9135   data arrival time

                    0.0500    2.0000    2.0000   clock clk (rise edge)
                              0.0000    2.0000   clock network delay (ideal)
                             -0.0500    1.9500   clock uncertainty
                              0.0000    1.9500   clock reconvergence pessimism
                                        1.9500 ^ acc_out[3]_DFF_X1_Q/CK (DFF_X1)
                             -0.0303    1.9197   library setup time
                                        1.9197   data required time
-------------------------------------------------------------------------------------
                                        1.9197   data required time
                                       -0.9135   data arrival time
-------------------------------------------------------------------------------------
                                        1.0062   slack (MET)


Startpoint: b0[1]_AND2_X1_A2_ZN_DFF_X1_D
            (rising edge-triggered flip-flop clocked by clk)
Endpoint: acc_out[2]_DFF_X1_Q (rising edge-triggered flip-flop clocked by clk)
Path Group: clk
Path Type: max

Fanout       Cap      Slew     Delay      Time   Description
-------------------------------------------------------------------------------------
                    0.0500    0.0000    0.0000   clock clk (rise edge)
                              0.0000    0.0000   clock network delay (ideal)
                    0.0500    0.0000    0.0000 ^ b0[1]_AND2_X1_A2_ZN_DFF_X1_D/CK (DFF_X1)
    39   52.8699    0.1233    0.2193    0.2193 ^ b0[1]_AND2_X1_A2_ZN_DFF_X1_D/Q (DFF_X1)
                    0.1233    0.0000    0.2193 ^ acc_out[2]_DFF_X1_Q_D_AND3_X1_ZN_A3_OR3_X1_ZN_A3_XNOR2_X1_ZN_B_XNOR2_X1_ZN_B_XOR2_X1_Z_B_XNOR2_X1_ZN_B_NAND2_X1_ZN_A2_OAI22_X1_ZN_B1_AOI21_X1_ZN_B2_OR3_X1_ZN_A3_AOI22_X1_ZN/B1 (AOI22_X1)
     3    3.9140    0.0387    0.0461    0.2654 v acc_out[2]_DFF_X1_Q_D_AND3_X1_ZN_A3_OR3_X1_ZN_A3_XNOR2_X1_ZN_B_XNOR2_X1_ZN_B_XOR2_X1_Z_B_XNOR2_X1_ZN_B_NAND2_X1_ZN_A2_OAI22_X1_ZN_B1_AOI21_X1_ZN_B2_OR3_X1_ZN_A3_AOI22_X1_ZN/ZN (AOI22_X1)
                    0.0387    0.0000    0.2654 v acc_out[2]_DFF_X1_Q_D_AND3_X1_ZN_A3_OR3_X1_ZN_A3_XNOR2_X1_ZN_B_XNOR2_X1_ZN_B_XOR2_X1_Z_B_XNOR2_X1_ZN_B_NAND2_X1_ZN_A2_OAI22_X1_ZN_B1_AOI21_X1_ZN_B2_OR3_X1_ZN/A3 (OR3_X1)
     2    2.2761    0.0139    0.0921    0.3576 v acc_out[2]_DFF_X1_Q_D_AND3_X1_ZN_A3_OR3_X1_ZN_A3_XNOR2_X1_ZN_B_XNOR2_X1_ZN_B_XOR2_X1_Z_B_XNOR2_X1_ZN_B_NAND2_X1_ZN_A2_OAI22_X1_ZN_B1_AOI21_X1_ZN_B2_OR3_X1_ZN/ZN (OR3_X1)
                    0.0139    0.0000    0.3576 v acc_out[2]_DFF_X1_Q_D_AND3_X1_ZN_A3_OR3_X1_ZN_A3_XNOR2_X1_ZN_B_XNOR2_X1_ZN_B_XOR2_X1_Z_B_XNOR2_X1_ZN_B_NAND2_X1_ZN_A2_OAI22_X1_ZN_B1_AOI21_X1_ZN_B2_AND3_X1_A1/A1 (AND3_X1)
     5    6.3278    0.0112    0.0415    0.3990 v acc_out[2]_DFF_X1_Q_D_AND3_X1_ZN_A3_OR3_X1_ZN_A3_XNOR2_X1_ZN_B_XNOR2_X1_ZN_B_XOR2_X1_Z_B_XNOR2_X1_ZN_B_NAND2_X1_ZN_A2_OAI22_X1_ZN_B1_AOI21_X1_ZN_B2_AND3_X1_A1/ZN (AND3_X1)
                    0.0112    0.0000    0.3990 v acc_out[2]_DFF_X1_Q_D_AND3_X1_ZN_A3_OR3_X1_ZN_A3_XNOR2_X1_ZN_B_XNOR2_X1_ZN_B_XOR2_X1_Z_B_XNOR2_X1_ZN_B_NAND2_X1_ZN_A2_OAI22_X1_ZN_A2_OR4_X1_A3/A2 (OR4_X1)
     4    5.4953    0.0222    0.1138    0.5128 v acc_out[2]_DFF_X1_Q_D_AND3_X1_ZN_A3_OR3_X1_ZN_A3_XNOR2_X1_ZN_B_XNOR2_X1_ZN_B_XOR2_X1_Z_B_XNOR2_X1_ZN_B_NAND2_X1_ZN_A2_OAI22_X1_ZN_A2_OR4_X1_A3/ZN (OR4_X1)
                    0.0222    0.0000    0.5128 v acc_out[2]_DFF_X1_Q_D_AND3_X1_ZN_A3_OR3_X1_ZN_A3_XNOR2_X1_ZN_B_XNOR2_X1_ZN_B_XOR2_X1_Z_B_XNOR2_X1_ZN_B_NAND2_X1_ZN/A1 (NAND2_X1)
     1    2.5736    0.0124    0.0226    0.5354 ^ acc_out[2]_DFF_X1_Q_D_AND3_X1_ZN_A3_OR3_X1_ZN_A3_XNOR2_X1_ZN_B_XNOR2_X1_ZN_B_XOR2_X1_Z_B_XNOR2_X1_ZN_B_NAND2_X1_ZN/ZN (NAND2_X1)
                    0.0124    0.0000    0.5354 ^ acc_out[2]_DFF_X1_Q_D_AND3_X1_ZN_A3_OR3_X1_ZN_A3_XNOR2_X1_ZN_B_XNOR2_X1_ZN_B_XOR2_X1_Z_B_XNOR2_X1_ZN/B (XNOR2_X1)
     3    5.6791    0.0371    0.0493    0.5847 ^ acc_out[2]_DFF_X1_Q_D_AND3_X1_ZN_A3_OR3_X1_ZN_A3_XNOR2_X1_ZN_B_XNOR2_X1_ZN_B_XOR2_X1_Z_B_XNOR2_X1_ZN/ZN (XNOR2_X1)
                    0.0371    0.0000    0.5847 ^ acc_out[2]_DFF_X1_Q_D_AND3_X1_ZN_A3_OR3_X1_ZN_A3_XNOR2_X1_ZN_B_XNOR2_X1_ZN_B_XOR2_X1_Z/B (XOR2_X1)
     1    2.5736    0.0256    0.0560    0.6407 ^ acc_out[2]_DFF_X1_Q_D_AND3_X1_ZN_A3_OR3_X1_ZN_A3_XNOR2_X1_ZN_B_XNOR2_X1_ZN_B_XOR2_X1_Z/Z (XOR2_X1)
                    0.0256    0.0000    0.6407 ^ acc_out[2]_DFF_X1_Q_D_AND3_X1_ZN_A3_OR3_X1_ZN_A3_XNOR2_X1_ZN_B_XNOR2_X1_ZN/B (XNOR2_X1)
     2    4.2378    0.0304    0.0490    0.6897 ^ acc_out[2]_DFF_X1_Q_D_AND3_X1_ZN_A3_OR3_X1_ZN_A3_XNOR2_X1_ZN_B_XNOR2_X1_ZN/ZN (XNOR2_X1)
                    0.0304    0.0000    0.6897 ^ acc_out[2]_DFF_X1_Q_D_AND3_X1_ZN_A3_OR3_X1_ZN_A3_XNOR2_X1_ZN/B (XNOR2_X1)
     2    2.4144    0.0141    0.0240    0.7137 v acc_out[2]_DFF_X1_Q_D_AND3_X1_ZN_A3_OR3_X1_ZN_A3_XNOR2_X1_ZN/ZN (XNOR2_X1)
                    0.0141    0.0000    0.7137 v acc_out[2]_DFF_X1_Q_D_AND3_X1_ZN_A3_OR3_X1_ZN/A3 (OR3_X1)
     1    0.8830    0.0121    0.0794    0.7931 v acc_out[2]_DFF_X1_Q_D_AND3_X1_ZN_A3_OR3_X1_ZN/ZN (OR3_X1)
                    0.0121    0.0000    0.7931 v acc_out[2]_DFF_X1_Q_D_AND3_X1_ZN/A3 (AND3_X1)
     1    1.0623    0.0072    0.0351    0.8282 v acc_out[2]_DFF_X1_Q_D_AND3_X1_ZN/ZN (AND3_X1)
                    0.0072    0.0000    0.8282 v acc_out[2]_DFF_X1_Q/D (DFF_X1)
                                        0.8282   data arrival time

                    0.0500    2.0000    2.0000   clock clk (rise edge)
                              0.0000    2.0000   clock network delay (ideal)
                             -0.0500    1.9500   clock uncertainty
                              0.0000    1.9500   clock reconvergence pessimism
                                        1.9500 ^ acc_out[2]_DFF_X1_Q/CK (DFF_X1)
                             -0.0244    1.9256   library setup time
                                        1.9256   data required time
-------------------------------------------------------------------------------------
                                        1.9256   data required time
                                       -0.8282   data arrival time
-------------------------------------------------------------------------------------
                                        1.0974   slack (MET)


Startpoint: b1[0]_AND2_X1_A2_ZN_DFF_X1_D
            (rising edge-triggered flip-flop clocked by clk)
Endpoint: acc_out[1]_DFF_X1_Q (rising edge-triggered flip-flop clocked by clk)
Path Group: clk
Path Type: max

Fanout       Cap      Slew     Delay      Time   Description
-------------------------------------------------------------------------------------
                    0.0500    0.0000    0.0000   clock clk (rise edge)
                              0.0000    0.0000   clock network delay (ideal)
                    0.0500    0.0000    0.0000 ^ b1[0]_AND2_X1_A2_ZN_DFF_X1_D/CK (DFF_X1)
    42   57.0488    0.1329    0.2293    0.2293 ^ b1[0]_AND2_X1_A2_ZN_DFF_X1_D/Q (DFF_X1)
                    0.1329    0.0000    0.2293 ^ acc_out[2]_DFF_X1_Q_D_AND3_X1_ZN_A3_OR3_X1_ZN_A3_XNOR2_X1_ZN_B_XNOR2_X1_ZN_B_XOR2_X1_Z_B_XNOR2_X1_ZN_A_OAI21_X1_ZN_A_OR4_X1_ZN_A3_AOI22_X1_ZN/B1 (AOI22_X1)
     2    2.4167    0.0376    0.0399    0.2692 v acc_out[2]_DFF_X1_Q_D_AND3_X1_ZN_A3_OR3_X1_ZN_A3_XNOR2_X1_ZN_B_XNOR2_X1_ZN_B_XOR2_X1_Z_B_XNOR2_X1_ZN_A_OAI21_X1_ZN_A_OR4_X1_ZN_A3_AOI22_X1_ZN/ZN (AOI22_X1)
                    0.0376    0.0000    0.2692 v acc_out[2]_DFF_X1_Q_D_AND3_X1_ZN_A3_OR3_X1_ZN_A3_XNOR2_X1_ZN_B_XNOR2_X1_ZN_B_XOR2_X1_Z_B_XNOR2_X1_ZN_A_OAI21_X1_ZN_A_OR4_X1_ZN/A3 (OR4_X1)
     2    3.0478    0.0191    0.1255    0.3947 v acc_out[2]_DFF_X1_Q_D_AND3_X1_ZN_A3_OR3_X1_ZN_A3_XNOR2_X1_ZN_B_XNOR2_X1_ZN_B_XOR2_X1_Z_B_XNOR2_X1_ZN_A_OAI21_X1_ZN_A_OR4_X1_ZN/ZN (OR4_X1)
                    0.0191    0.0000    0.3947 v acc_out[1]_DFF_X1_Q_D_NOR3_X1_ZN_A3_AND2_X1_ZN_A2_XOR2_X1_Z_B_XNOR2_X1_ZN_B_XNOR2_X1_ZN_B_XNOR2_X1_ZN_B_NAND2_X1_ZN/A1 (NAND2_X1)
     2    4.1455    0.0149    0.0255    0.4202 ^ acc_out[1]_DFF_X1_Q_D_NOR3_X1_ZN_A3_AND2_X1_ZN_A2_XOR2_X1_Z_B_XNOR2_X1_ZN_B_XNOR2_X1_ZN_B_XNOR2_X1_ZN_B_NAND2_X1_ZN/ZN (NAND2_X1)
                    0.0149    0.0000    0.4202 ^ acc_out[1]_DFF_X1_Q_D_NOR3_X1_ZN_A3_AND2_X1_ZN_A2_XOR2_X1_Z_B_XNOR2_X1_ZN_B_XNOR2_X1_ZN_B_XNOR2_X1_ZN/B (XNOR2_X1)
     2    4.2206    0.0303    0.0464    0.4667 ^ acc_out[1]_DFF_X1_Q_D_NOR3_X1_ZN_A3_AND2_X1_ZN_A2_XOR2_X1_Z_B_XNOR2_X1_ZN_B_XNOR2_X1_ZN_B_XNOR2_X1_ZN/ZN (XNOR2_X1)
                    0.0303    0.0000    0.4667 ^ acc_out[1]_DFF_X1_Q_D_NOR3_X1_ZN_A3_AND2_X1_ZN_A2_XOR2_X1_Z_B_XNOR2_X1_ZN_B_XNOR2_X1_ZN/B (XNOR2_X1)
     2    4.2250    0.0304    0.0500    0.5167 ^ acc_out[1]_DFF_X1_Q_D_NOR3_X1_ZN_A3_AND2_X1_ZN_A2_XOR2_X1_Z_B_XNOR2_X1_ZN_B_XNOR2_X1_ZN/ZN (XNOR2_X1)
                    0.0304    0.0000    0.5167 ^ acc_out[1]_DFF_X1_Q_D_NOR3_X1_ZN_A3_AND2_X1_ZN_A2_XOR2_X1_Z_B_XNOR2_X1_ZN/B (XNOR2_X1)
     2    3.9642    0.0163    0.0281    0.5448 v acc_out[1]_DFF_X1_Q_D_NOR3_X1_ZN_A3_AND2_X1_ZN_A2_XOR2_X1_Z_B_XNOR2_X1_ZN/ZN (XNOR2_X1)
                    0.0163    0.0000    0.5448 v acc_out[1]_DFF_X1_Q_D_NOR3_X1_ZN_A3_AND2_X1_ZN_A2_XOR2_X1_Z/B (XOR2_X1)
     2    2.4580    0.0121    0.0596    0.6043 v acc_out[1]_DFF_X1_Q_D_NOR3_X1_ZN_A3_AND2_X1_ZN_A2_XOR2_X1_Z/Z (XOR2_X1)
                    0.0121    0.0000    0.6043 v acc_out[1]_DFF_X1_Q_D_NOR3_X1_ZN_A3_AND2_X1_ZN/A2 (AND2_X1)
     1    1.5527    0.0060    0.0322    0.6365 v acc_out[1]_DFF_X1_Q_D_NOR3_X1_ZN_A3_AND2_X1_ZN/ZN (AND2_X1)
                    0.0060    0.0000    0.6365 v acc_out[1]_DFF_X1_Q_D_NOR3_X1_ZN/A3 (NOR3_X1)
     1    1.1403    0.0249    0.0432    0.6797 ^ acc_out[1]_DFF_X1_Q_D_NOR3_X1_ZN/ZN (NOR3_X1)
                    0.0249    0.0000    0.6797 ^ acc_out[1]_DFF_X1_Q/D (DFF_X1)
                                        0.6797   data arrival time

                    0.0500    2.0000    2.0000   clock clk (rise edge)
                              0.0000    2.0000   clock network delay (ideal)
                             -0.0500    1.9500   clock uncertainty
                              0.0000    1.9500   clock reconvergence pessimism
                                        1.9500 ^ acc_out[1]_DFF_X1_Q/CK (DFF_X1)
                             -0.0303    1.9197   library setup time
                                        1.9197   data required time
-------------------------------------------------------------------------------------
                                        1.9197   data required time
                                       -0.6797   data arrival time
-------------------------------------------------------------------------------------
                                        1.2400   slack (MET)


Startpoint: b0[0]_AND2_X1_A2_ZN_DFF_X1_D
            (rising edge-triggered flip-flop clocked by clk)
Endpoint: acc_out[0]_DFF_X1_Q (rising edge-triggered flip-flop clocked by clk)
Path Group: clk
Path Type: max

Fanout       Cap      Slew     Delay      Time   Description
-------------------------------------------------------------------------------------
                    0.0500    0.0000    0.0000   clock clk (rise edge)
                              0.0000    0.0000   clock network delay (ideal)
                    0.0500    0.0000    0.0000 ^ b0[0]_AND2_X1_A2_ZN_DFF_X1_D/CK (DFF_X1)
    42   58.1999    0.1355    0.2321    0.2321 ^ b0[0]_AND2_X1_A2_ZN_DFF_X1_D/Q (DFF_X1)
                    0.1355    0.0000    0.2321 ^ acc_out[0]_DFF_X1_Q_D_AND3_X1_ZN_A3_OR2_X1_ZN_A2_AND2_X1_ZN_A2_OAI21_X1_ZN_B2_AND4_X1_ZN/A3 (AND4_X1)
     4    7.2684    0.0256    0.0971    0.3292 ^ acc_out[0]_DFF_X1_Q_D_AND3_X1_ZN_A3_OR2_X1_ZN_A2_AND2_X1_ZN_A2_OAI21_X1_ZN_B2_AND4_X1_ZN/ZN (AND4_X1)
                    0.0256    0.0000    0.3292 ^ acc_out[0]_DFF_X1_Q_D_AND3_X1_ZN_A3_OR2_X1_ZN_A2_AND2_X1_ZN_A1_INV_X1_ZN_A_NOR3_X1_ZN/A1 (NOR3_X1)
     1    1.5494    0.0116    0.0111    0.3403 v acc_out[0]_DFF_X1_Q_D_AND3_X1_ZN_A3_OR2_X1_ZN_A2_AND2_X1_ZN_A1_INV_X1_ZN_A_NOR3_X1_ZN/ZN (NOR3_X1)
                    0.0116    0.0000    0.3403 v acc_out[0]_DFF_X1_Q_D_AND3_X1_ZN_A3_OR2_X1_ZN_A2_AND2_X1_ZN_A1_INV_X1_ZN/A (INV_X1)
     3    4.8654    0.0139    0.0219    0.3622 ^ acc_out[0]_DFF_X1_Q_D_AND3_X1_ZN_A3_OR2_X1_ZN_A2_AND2_X1_ZN_A1_INV_X1_ZN/ZN (INV_X1)
                    0.0139    0.0000    0.3622 ^ acc_out[0]_DFF_X1_Q_D_AND3_X1_ZN_A3_OR2_X1_ZN_A2_AND2_X1_ZN/A1 (AND2_X1)
     2    2.6061    0.0104    0.0348    0.3970 ^ acc_out[0]_DFF_X1_Q_D_AND3_X1_ZN_A3_OR2_X1_ZN_A2_AND2_X1_ZN/ZN (AND2_X1)
                    0.0104    0.0000    0.3970 ^ acc_out[0]_DFF_X1_Q_D_AND3_X1_ZN_A3_OR2_X1_ZN/A2 (OR2_X1)
     1    0.9648    0.0059    0.0229    0.4199 ^ acc_out[0]_DFF_X1_Q_D_AND3_X1_ZN_A3_OR2_X1_ZN/ZN (OR2_X1)
                    0.0059    0.0000    0.4199 ^ acc_out[0]_DFF_X1_Q_D_AND3_X1_ZN/A3 (AND3_X1)
     1    1.1403    0.0097    0.0402    0.4601 ^ acc_out[0]_DFF_X1_Q_D_AND3_X1_ZN/ZN (AND3_X1)
                    0.0097    0.0000    0.4601 ^ acc_out[0]_DFF_X1_Q/D (DFF_X1)
                                        0.4601   data arrival time

                    0.0500    2.0000    2.0000   clock clk (rise edge)
                              0.0000    2.0000   clock network delay (ideal)
                             -0.0500    1.9500   clock uncertainty
                              0.0000    1.9500   clock reconvergence pessimism
                                        1.9500 ^ acc_out[0]_DFF_X1_Q/CK (DFF_X1)
                             -0.0268    1.9232   library setup time
                                        1.9232   data required time
-------------------------------------------------------------------------------------
                                        1.9232   data required time
                                       -0.4601   data arrival time
-------------------------------------------------------------------------------------
                                        1.4631   slack (MET)


Startpoint: acc_out[0]_DFF_X1_Q (rising edge-triggered flip-flop clocked by clk)
Endpoint: acc_out[0] (output port clocked by clk)
Path Group: clk
Path Type: max

Fanout       Cap      Slew     Delay      Time   Description
-------------------------------------------------------------------------------------
                    0.0500    0.0000    0.0000   clock clk (rise edge)
                              0.0000    0.0000   clock network delay (ideal)
                    0.0500    0.0000    0.0000 ^ acc_out[0]_DFF_X1_Q/CK (DFF_X1)
     1    0.0200    0.0056    0.0960    0.0960 ^ acc_out[0]_DFF_X1_Q/Q (DFF_X1)
                    0.0056    0.0000    0.0960 ^ acc_out[0] (out)
                                        0.0960   data arrival time

                    0.0500    2.0000    2.0000   clock clk (rise edge)
                              0.0000    2.0000   clock network delay (ideal)
                             -0.0500    1.9500   clock uncertainty
                              0.0000    1.9500   clock reconvergence pessimism
                             -0.3000    1.6500   output external delay
                                        1.6500   data required time
-------------------------------------------------------------------------------------
                                        1.6500   data required time
                                       -0.0960   data arrival time
-------------------------------------------------------------------------------------
                                        1.5540   slack (MET)


Startpoint: acc_out[10]_DFF_X1_Q
            (rising edge-triggered flip-flop clocked by clk)
Endpoint: acc_out[10] (output port clocked by clk)
Path Group: clk
Path Type: max

Fanout       Cap      Slew     Delay      Time   Description
-------------------------------------------------------------------------------------
                    0.0500    0.0000    0.0000   clock clk (rise edge)
                              0.0000    0.0000   clock network delay (ideal)
                    0.0500    0.0000    0.0000 ^ acc_out[10]_DFF_X1_Q/CK (DFF_X1)
     1    0.0200    0.0056    0.0960    0.0960 ^ acc_out[10]_DFF_X1_Q/Q (DFF_X1)
                    0.0056    0.0000    0.0960 ^ acc_out[10] (out)
                                        0.0960   data arrival time

                    0.0500    2.0000    2.0000   clock clk (rise edge)
                              0.0000    2.0000   clock network delay (ideal)
                             -0.0500    1.9500   clock uncertainty
                              0.0000    1.9500   clock reconvergence pessimism
                             -0.3000    1.6500   output external delay
                                        1.6500   data required time
-------------------------------------------------------------------------------------
                                        1.6500   data required time
                                       -0.0960   data arrival time
-------------------------------------------------------------------------------------
                                        1.5540   slack (MET)


Startpoint: acc_out[11]_DFF_X1_Q
            (rising edge-triggered flip-flop clocked by clk)
Endpoint: acc_out[11] (output port clocked by clk)
Path Group: clk
Path Type: max

Fanout       Cap      Slew     Delay      Time   Description
-------------------------------------------------------------------------------------
                    0.0500    0.0000    0.0000   clock clk (rise edge)
                              0.0000    0.0000   clock network delay (ideal)
                    0.0500    0.0000    0.0000 ^ acc_out[11]_DFF_X1_Q/CK (DFF_X1)
     1    0.0200    0.0056    0.0960    0.0960 ^ acc_out[11]_DFF_X1_Q/Q (DFF_X1)
                    0.0056    0.0000    0.0960 ^ acc_out[11] (out)
                                        0.0960   data arrival time

                    0.0500    2.0000    2.0000   clock clk (rise edge)
                              0.0000    2.0000   clock network delay (ideal)
                             -0.0500    1.9500   clock uncertainty
                              0.0000    1.9500   clock reconvergence pessimism
                             -0.3000    1.6500   output external delay
                                        1.6500   data required time
-------------------------------------------------------------------------------------
                                        1.6500   data required time
                                       -0.0960   data arrival time
-------------------------------------------------------------------------------------
                                        1.5540   slack (MET)


Startpoint: acc_out[12]_DFF_X1_Q
            (rising edge-triggered flip-flop clocked by clk)
Endpoint: acc_out[12] (output port clocked by clk)
Path Group: clk
Path Type: max

Fanout       Cap      Slew     Delay      Time   Description
-------------------------------------------------------------------------------------
                    0.0500    0.0000    0.0000   clock clk (rise edge)
                              0.0000    0.0000   clock network delay (ideal)
                    0.0500    0.0000    0.0000 ^ acc_out[12]_DFF_X1_Q/CK (DFF_X1)
     1    0.0200    0.0056    0.0960    0.0960 ^ acc_out[12]_DFF_X1_Q/Q (DFF_X1)
                    0.0056    0.0000    0.0960 ^ acc_out[12] (out)
                                        0.0960   data arrival time

                    0.0500    2.0000    2.0000   clock clk (rise edge)
                              0.0000    2.0000   clock network delay (ideal)
                             -0.0500    1.9500   clock uncertainty
                              0.0000    1.9500   clock reconvergence pessimism
                             -0.3000    1.6500   output external delay
                                        1.6500   data required time
-------------------------------------------------------------------------------------
                                        1.6500   data required time
                                       -0.0960   data arrival time
-------------------------------------------------------------------------------------
                                        1.5540   slack (MET)


Startpoint: acc_out[13]_DFF_X1_Q
            (rising edge-triggered flip-flop clocked by clk)
Endpoint: acc_out[13] (output port clocked by clk)
Path Group: clk
Path Type: max

Fanout       Cap      Slew     Delay      Time   Description
-------------------------------------------------------------------------------------
                    0.0500    0.0000    0.0000   clock clk (rise edge)
                              0.0000    0.0000   clock network delay (ideal)
                    0.0500    0.0000    0.0000 ^ acc_out[13]_DFF_X1_Q/CK (DFF_X1)
     1    0.0200    0.0056    0.0960    0.0960 ^ acc_out[13]_DFF_X1_Q/Q (DFF_X1)
                    0.0056    0.0000    0.0960 ^ acc_out[13] (out)
                                        0.0960   data arrival time

                    0.0500    2.0000    2.0000   clock clk (rise edge)
                              0.0000    2.0000   clock network delay (ideal)
                             -0.0500    1.9500   clock uncertainty
                              0.0000    1.9500   clock reconvergence pessimism
                             -0.3000    1.6500   output external delay
                                        1.6500   data required time
-------------------------------------------------------------------------------------
                                        1.6500   data required time
                                       -0.0960   data arrival time
-------------------------------------------------------------------------------------
                                        1.5540   slack (MET)


Startpoint: acc_out[14]_DFF_X1_Q
            (rising edge-triggered flip-flop clocked by clk)
Endpoint: acc_out[14] (output port clocked by clk)
Path Group: clk
Path Type: max

Fanout       Cap      Slew     Delay      Time   Description
-------------------------------------------------------------------------------------
                    0.0500    0.0000    0.0000   clock clk (rise edge)
                              0.0000    0.0000   clock network delay (ideal)
                    0.0500    0.0000    0.0000 ^ acc_out[14]_DFF_X1_Q/CK (DFF_X1)
     1    0.0200    0.0056    0.0960    0.0960 ^ acc_out[14]_DFF_X1_Q/Q (DFF_X1)
                    0.0056    0.0000    0.0960 ^ acc_out[14] (out)
                                        0.0960   data arrival time

                    0.0500    2.0000    2.0000   clock clk (rise edge)
                              0.0000    2.0000   clock network delay (ideal)
                             -0.0500    1.9500   clock uncertainty
                              0.0000    1.9500   clock reconvergence pessimism
                             -0.3000    1.6500   output external delay
                                        1.6500   data required time
-------------------------------------------------------------------------------------
                                        1.6500   data required time
                                       -0.0960   data arrival time
-------------------------------------------------------------------------------------
                                        1.5540   slack (MET)


Startpoint: acc_out[15]_DFF_X1_Q
            (rising edge-triggered flip-flop clocked by clk)
Endpoint: acc_out[15] (output port clocked by clk)
Path Group: clk
Path Type: max

Fanout       Cap      Slew     Delay      Time   Description
-------------------------------------------------------------------------------------
                    0.0500    0.0000    0.0000   clock clk (rise edge)
                              0.0000    0.0000   clock network delay (ideal)
                    0.0500    0.0000    0.0000 ^ acc_out[15]_DFF_X1_Q/CK (DFF_X1)
     1    0.0200    0.0056    0.0960    0.0960 ^ acc_out[15]_DFF_X1_Q/Q (DFF_X1)
                    0.0056    0.0000    0.0960 ^ acc_out[15] (out)
                                        0.0960   data arrival time

                    0.0500    2.0000    2.0000   clock clk (rise edge)
                              0.0000    2.0000   clock network delay (ideal)
                             -0.0500    1.9500   clock uncertainty
                              0.0000    1.9500   clock reconvergence pessimism
                             -0.3000    1.6500   output external delay
                                        1.6500   data required time
-------------------------------------------------------------------------------------
                                        1.6500   data required time
                                       -0.0960   data arrival time
-------------------------------------------------------------------------------------
                                        1.5540   slack (MET)


Startpoint: acc_out[16]_DFF_X1_Q
            (rising edge-triggered flip-flop clocked by clk)
Endpoint: acc_out[16] (output port clocked by clk)
Path Group: clk
Path Type: max

Fanout       Cap      Slew     Delay      Time   Description
-------------------------------------------------------------------------------------
                    0.0500    0.0000    0.0000   clock clk (rise edge)
                              0.0000    0.0000   clock network delay (ideal)
                    0.0500    0.0000    0.0000 ^ acc_out[16]_DFF_X1_Q/CK (DFF_X1)
     1    0.0200    0.0056    0.0960    0.0960 ^ acc_out[16]_DFF_X1_Q/Q (DFF_X1)
                    0.0056    0.0000    0.0960 ^ acc_out[16] (out)
                                        0.0960   data arrival time

                    0.0500    2.0000    2.0000   clock clk (rise edge)
                              0.0000    2.0000   clock network delay (ideal)
                             -0.0500    1.9500   clock uncertainty
                              0.0000    1.9500   clock reconvergence pessimism
                             -0.3000    1.6500   output external delay
                                        1.6500   data required time
-------------------------------------------------------------------------------------
                                        1.6500   data required time
                                       -0.0960   data arrival time
-------------------------------------------------------------------------------------
                                        1.5540   slack (MET)


Startpoint: acc_out[17]_DFF_X1_Q
            (rising edge-triggered flip-flop clocked by clk)
Endpoint: acc_out[17] (output port clocked by clk)
Path Group: clk
Path Type: max

Fanout       Cap      Slew     Delay      Time   Description
-------------------------------------------------------------------------------------
                    0.0500    0.0000    0.0000   clock clk (rise edge)
                              0.0000    0.0000   clock network delay (ideal)
                    0.0500    0.0000    0.0000 ^ acc_out[17]_DFF_X1_Q/CK (DFF_X1)
     1    0.0200    0.0056    0.0960    0.0960 ^ acc_out[17]_DFF_X1_Q/Q (DFF_X1)
                    0.0056    0.0000    0.0960 ^ acc_out[17] (out)
                                        0.0960   data arrival time

                    0.0500    2.0000    2.0000   clock clk (rise edge)
                              0.0000    2.0000   clock network delay (ideal)
                             -0.0500    1.9500   clock uncertainty
                              0.0000    1.9500   clock reconvergence pessimism
                             -0.3000    1.6500   output external delay
                                        1.6500   data required time
-------------------------------------------------------------------------------------
                                        1.6500   data required time
                                       -0.0960   data arrival time
-------------------------------------------------------------------------------------
                                        1.5540   slack (MET)


Startpoint: acc_out[18]_DFF_X1_Q
            (rising edge-triggered flip-flop clocked by clk)
Endpoint: acc_out[18] (output port clocked by clk)
Path Group: clk
Path Type: max

Fanout       Cap      Slew     Delay      Time   Description
-------------------------------------------------------------------------------------
                    0.0500    0.0000    0.0000   clock clk (rise edge)
                              0.0000    0.0000   clock network delay (ideal)
                    0.0500    0.0000    0.0000 ^ acc_out[18]_DFF_X1_Q/CK (DFF_X1)
     1    0.0200    0.0056    0.0960    0.0960 ^ acc_out[18]_DFF_X1_Q/Q (DFF_X1)
                    0.0056    0.0000    0.0960 ^ acc_out[18] (out)
                                        0.0960   data arrival time

                    0.0500    2.0000    2.0000   clock clk (rise edge)
                              0.0000    2.0000   clock network delay (ideal)
                             -0.0500    1.9500   clock uncertainty
                              0.0000    1.9500   clock reconvergence pessimism
                             -0.3000    1.6500   output external delay
                                        1.6500   data required time
-------------------------------------------------------------------------------------
                                        1.6500   data required time
                                       -0.0960   data arrival time
-------------------------------------------------------------------------------------
                                        1.5540   slack (MET)


Startpoint: acc_out[19]_DFF_X1_Q
            (rising edge-triggered flip-flop clocked by clk)
Endpoint: acc_out[19] (output port clocked by clk)
Path Group: clk
Path Type: max

Fanout       Cap      Slew     Delay      Time   Description
-------------------------------------------------------------------------------------
                    0.0500    0.0000    0.0000   clock clk (rise edge)
                              0.0000    0.0000   clock network delay (ideal)
                    0.0500    0.0000    0.0000 ^ acc_out[19]_DFF_X1_Q/CK (DFF_X1)
     1    0.0200    0.0056    0.0960    0.0960 ^ acc_out[19]_DFF_X1_Q/Q (DFF_X1)
                    0.0056    0.0000    0.0960 ^ acc_out[19] (out)
                                        0.0960   data arrival time

                    0.0500    2.0000    2.0000   clock clk (rise edge)
                              0.0000    2.0000   clock network delay (ideal)
                             -0.0500    1.9500   clock uncertainty
                              0.0000    1.9500   clock reconvergence pessimism
                             -0.3000    1.6500   output external delay
                                        1.6500   data required time
-------------------------------------------------------------------------------------
                                        1.6500   data required time
                                       -0.0960   data arrival time
-------------------------------------------------------------------------------------
                                        1.5540   slack (MET)


Startpoint: acc_out[1]_DFF_X1_Q (rising edge-triggered flip-flop clocked by clk)
Endpoint: acc_out[1] (output port clocked by clk)
Path Group: clk
Path Type: max

Fanout       Cap      Slew     Delay      Time   Description
-------------------------------------------------------------------------------------
                    0.0500    0.0000    0.0000   clock clk (rise edge)
                              0.0000    0.0000   clock network delay (ideal)
                    0.0500    0.0000    0.0000 ^ acc_out[1]_DFF_X1_Q/CK (DFF_X1)
     1    0.0200    0.0056    0.0960    0.0960 ^ acc_out[1]_DFF_X1_Q/Q (DFF_X1)
                    0.0056    0.0000    0.0960 ^ acc_out[1] (out)
                                        0.0960   data arrival time

                    0.0500    2.0000    2.0000   clock clk (rise edge)
                              0.0000    2.0000   clock network delay (ideal)
                             -0.0500    1.9500   clock uncertainty
                              0.0000    1.9500   clock reconvergence pessimism
                             -0.3000    1.6500   output external delay
                                        1.6500   data required time
-------------------------------------------------------------------------------------
                                        1.6500   data required time
                                       -0.0960   data arrival time
-------------------------------------------------------------------------------------
                                        1.5540   slack (MET)


Startpoint: acc_out[20]_DFF_X1_Q
            (rising edge-triggered flip-flop clocked by clk)
Endpoint: acc_out[20] (output port clocked by clk)
Path Group: clk
Path Type: max

Fanout       Cap      Slew     Delay      Time   Description
-------------------------------------------------------------------------------------
                    0.0500    0.0000    0.0000   clock clk (rise edge)
                              0.0000    0.0000   clock network delay (ideal)
                    0.0500    0.0000    0.0000 ^ acc_out[20]_DFF_X1_Q/CK (DFF_X1)
     1    0.0200    0.0056    0.0960    0.0960 ^ acc_out[20]_DFF_X1_Q/Q (DFF_X1)
                    0.0056    0.0000    0.0960 ^ acc_out[20] (out)
                                        0.0960   data arrival time

                    0.0500    2.0000    2.0000   clock clk (rise edge)
                              0.0000    2.0000   clock network delay (ideal)
                             -0.0500    1.9500   clock uncertainty
                              0.0000    1.9500   clock reconvergence pessimism
                             -0.3000    1.6500   output external delay
                                        1.6500   data required time
-------------------------------------------------------------------------------------
                                        1.6500   data required time
                                       -0.0960   data arrival time
-------------------------------------------------------------------------------------
                                        1.5540   slack (MET)


Startpoint: acc_out[21]_DFF_X1_Q
            (rising edge-triggered flip-flop clocked by clk)
Endpoint: acc_out[21] (output port clocked by clk)
Path Group: clk
Path Type: max

Fanout       Cap      Slew     Delay      Time   Description
-------------------------------------------------------------------------------------
                    0.0500    0.0000    0.0000   clock clk (rise edge)
                              0.0000    0.0000   clock network delay (ideal)
                    0.0500    0.0000    0.0000 ^ acc_out[21]_DFF_X1_Q/CK (DFF_X1)
     1    0.0200    0.0056    0.0960    0.0960 ^ acc_out[21]_DFF_X1_Q/Q (DFF_X1)
                    0.0056    0.0000    0.0960 ^ acc_out[21] (out)
                                        0.0960   data arrival time

                    0.0500    2.0000    2.0000   clock clk (rise edge)
                              0.0000    2.0000   clock network delay (ideal)
                             -0.0500    1.9500   clock uncertainty
                              0.0000    1.9500   clock reconvergence pessimism
                             -0.3000    1.6500   output external delay
                                        1.6500   data required time
-------------------------------------------------------------------------------------
                                        1.6500   data required time
                                       -0.0960   data arrival time
-------------------------------------------------------------------------------------
                                        1.5540   slack (MET)


Startpoint: acc_out[22]_DFF_X1_Q
            (rising edge-triggered flip-flop clocked by clk)
Endpoint: acc_out[22] (output port clocked by clk)
Path Group: clk
Path Type: max

Fanout       Cap      Slew     Delay      Time   Description
-------------------------------------------------------------------------------------
                    0.0500    0.0000    0.0000   clock clk (rise edge)
                              0.0000    0.0000   clock network delay (ideal)
                    0.0500    0.0000    0.0000 ^ acc_out[22]_DFF_X1_Q/CK (DFF_X1)
     1    0.0200    0.0056    0.0960    0.0960 ^ acc_out[22]_DFF_X1_Q/Q (DFF_X1)
                    0.0056    0.0000    0.0960 ^ acc_out[22] (out)
                                        0.0960   data arrival time

                    0.0500    2.0000    2.0000   clock clk (rise edge)
                              0.0000    2.0000   clock network delay (ideal)
                             -0.0500    1.9500   clock uncertainty
                              0.0000    1.9500   clock reconvergence pessimism
                             -0.3000    1.6500   output external delay
                                        1.6500   data required time
-------------------------------------------------------------------------------------
                                        1.6500   data required time
                                       -0.0960   data arrival time
-------------------------------------------------------------------------------------
                                        1.5540   slack (MET)


Startpoint: acc_out[23]_DFF_X1_Q
            (rising edge-triggered flip-flop clocked by clk)
Endpoint: acc_out[23] (output port clocked by clk)
Path Group: clk
Path Type: max

Fanout       Cap      Slew     Delay      Time   Description
-------------------------------------------------------------------------------------
                    0.0500    0.0000    0.0000   clock clk (rise edge)
                              0.0000    0.0000   clock network delay (ideal)
                    0.0500    0.0000    0.0000 ^ acc_out[23]_DFF_X1_Q/CK (DFF_X1)
     1    0.0200    0.0056    0.0960    0.0960 ^ acc_out[23]_DFF_X1_Q/Q (DFF_X1)
                    0.0056    0.0000    0.0960 ^ acc_out[23] (out)
                                        0.0960   data arrival time

                    0.0500    2.0000    2.0000   clock clk (rise edge)
                              0.0000    2.0000   clock network delay (ideal)
                             -0.0500    1.9500   clock uncertainty
                              0.0000    1.9500   clock reconvergence pessimism
                             -0.3000    1.6500   output external delay
                                        1.6500   data required time
-------------------------------------------------------------------------------------
                                        1.6500   data required time
                                       -0.0960   data arrival time
-------------------------------------------------------------------------------------
                                        1.5540   slack (MET)


Startpoint: acc_out[24]_DFF_X1_Q
            (rising edge-triggered flip-flop clocked by clk)
Endpoint: acc_out[24] (output port clocked by clk)
Path Group: clk
Path Type: max

Fanout       Cap      Slew     Delay      Time   Description
-------------------------------------------------------------------------------------
                    0.0500    0.0000    0.0000   clock clk (rise edge)
                              0.0000    0.0000   clock network delay (ideal)
                    0.0500    0.0000    0.0000 ^ acc_out[24]_DFF_X1_Q/CK (DFF_X1)
     1    0.0200    0.0056    0.0960    0.0960 ^ acc_out[24]_DFF_X1_Q/Q (DFF_X1)
                    0.0056    0.0000    0.0960 ^ acc_out[24] (out)
                                        0.0960   data arrival time

                    0.0500    2.0000    2.0000   clock clk (rise edge)
                              0.0000    2.0000   clock network delay (ideal)
                             -0.0500    1.9500   clock uncertainty
                              0.0000    1.9500   clock reconvergence pessimism
                             -0.3000    1.6500   output external delay
                                        1.6500   data required time
-------------------------------------------------------------------------------------
                                        1.6500   data required time
                                       -0.0960   data arrival time
-------------------------------------------------------------------------------------
                                        1.5540   slack (MET)


Startpoint: acc_out[25]_DFF_X1_Q
            (rising edge-triggered flip-flop clocked by clk)
Endpoint: acc_out[25] (output port clocked by clk)
Path Group: clk
Path Type: max

Fanout       Cap      Slew     Delay      Time   Description
-------------------------------------------------------------------------------------
                    0.0500    0.0000    0.0000   clock clk (rise edge)
                              0.0000    0.0000   clock network delay (ideal)
                    0.0500    0.0000    0.0000 ^ acc_out[25]_DFF_X1_Q/CK (DFF_X1)
     1    0.0200    0.0056    0.0960    0.0960 ^ acc_out[25]_DFF_X1_Q/Q (DFF_X1)
                    0.0056    0.0000    0.0960 ^ acc_out[25] (out)
                                        0.0960   data arrival time

                    0.0500    2.0000    2.0000   clock clk (rise edge)
                              0.0000    2.0000   clock network delay (ideal)
                             -0.0500    1.9500   clock uncertainty
                              0.0000    1.9500   clock reconvergence pessimism
                             -0.3000    1.6500   output external delay
                                        1.6500   data required time
-------------------------------------------------------------------------------------
                                        1.6500   data required time
                                       -0.0960   data arrival time
-------------------------------------------------------------------------------------
                                        1.5540   slack (MET)


Startpoint: acc_out[26]_DFF_X1_Q
            (rising edge-triggered flip-flop clocked by clk)
Endpoint: acc_out[26] (output port clocked by clk)
Path Group: clk
Path Type: max

Fanout       Cap      Slew     Delay      Time   Description
-------------------------------------------------------------------------------------
                    0.0500    0.0000    0.0000   clock clk (rise edge)
                              0.0000    0.0000   clock network delay (ideal)
                    0.0500    0.0000    0.0000 ^ acc_out[26]_DFF_X1_Q/CK (DFF_X1)
     1    0.0200    0.0056    0.0960    0.0960 ^ acc_out[26]_DFF_X1_Q/Q (DFF_X1)
                    0.0056    0.0000    0.0960 ^ acc_out[26] (out)
                                        0.0960   data arrival time

                    0.0500    2.0000    2.0000   clock clk (rise edge)
                              0.0000    2.0000   clock network delay (ideal)
                             -0.0500    1.9500   clock uncertainty
                              0.0000    1.9500   clock reconvergence pessimism
                             -0.3000    1.6500   output external delay
                                        1.6500   data required time
-------------------------------------------------------------------------------------
                                        1.6500   data required time
                                       -0.0960   data arrival time
-------------------------------------------------------------------------------------
                                        1.5540   slack (MET)


Startpoint: acc_out[27]_DFF_X1_Q
            (rising edge-triggered flip-flop clocked by clk)
Endpoint: acc_out[27] (output port clocked by clk)
Path Group: clk
Path Type: max

Fanout       Cap      Slew     Delay      Time   Description
-------------------------------------------------------------------------------------
                    0.0500    0.0000    0.0000   clock clk (rise edge)
                              0.0000    0.0000   clock network delay (ideal)
                    0.0500    0.0000    0.0000 ^ acc_out[27]_DFF_X1_Q/CK (DFF_X1)
     1    0.0200    0.0056    0.0960    0.0960 ^ acc_out[27]_DFF_X1_Q/Q (DFF_X1)
                    0.0056    0.0000    0.0960 ^ acc_out[27] (out)
                                        0.0960   data arrival time

                    0.0500    2.0000    2.0000   clock clk (rise edge)
                              0.0000    2.0000   clock network delay (ideal)
                             -0.0500    1.9500   clock uncertainty
                              0.0000    1.9500   clock reconvergence pessimism
                             -0.3000    1.6500   output external delay
                                        1.6500   data required time
-------------------------------------------------------------------------------------
                                        1.6500   data required time
                                       -0.0960   data arrival time
-------------------------------------------------------------------------------------
                                        1.5540   slack (MET)
